"id";"data_inversa";"dia_semana";"horario";"uf";"br";"km";"municipio";"causa_acidente";"tipo_acidente";"classificacao_acidente";"fase_dia";"sentido_via";"condicao_metereologica";"tipo_pista";"tracado_via";"uso_solo";"pessoas";"mortos";"feridos_leves";"feridos_graves";"ilesos";"ignorados";"feridos";"veiculos";"latitude";"longitude";"regional";"delegacia";"uop"
499714;2023-01-17;"terça-feira";"12:40:00";"PB";230;64,4;"SAO MIGUEL DE TAIPU";"Acumulo de água sobre o pavimento";"Saída de leito carroçável";"Com Vítimas Feridas";"Pleno dia";"Decrescente";"Chuva";"Dupla";"Curva";"Não";4;0;2;2;0;0;4;3;-7,19100704;-35,18355366;"SPRF-PB";"DEL01-PB";"UOP03-DEL01-PB"
499721;2023-01-17;"terça-feira";"10:00:00";"MG";381;449;"SANTA LUZIA";"Demais falhas mecânicas ou elétricas";"Incêndio";"Sem Vítimas";"Pleno dia";"Decrescente";"Céu Claro";"Dupla";"Reta;Aclive";"Sim";2;0;0;0;1;1;0;2;-19,82380006;-43,83021355;"SPRF-MG";"DEL01-MG";"UOP01-DEL01-MG"
499735;2023-01-17;"terça-feira";"14:45:00";"PR";376;506;"PONTA GROSSA";"Reação tardia ou ineficiente do condutor";"Engavetamento";"Com Vítimas Feridas";"Pleno dia";"Decrescente";"Chuva";"Dupla";"Reta;Declive";"Não";6;0;1;0;4;1;1;6;-25,241402;-50,029533;"SPRF-PR";"DEL03-PR";"UOP04-DEL03-PR"
499736;2023-01-17;"terça-feira";"15:30:00";"SP";153;68,5;"SAO JOSE DO RIO PRETO";"Reação tardia ou ineficiente do condutor";"Colisão traseira";"Com Vítimas Feridas";"Pleno dia";"Crescente";"Céu Claro";"Dupla";"Curva";"Sim";3;0;0;1;2;0;1;2;-20,8505829;-49,383795;"SPRF-SP";"DEL09-SP";"UOP01-DEL09-SP"
499739;2023-01-17;"terça-feira";"15:13:00";"PR";277;1,3;"PARANAGUA";"Acessar a via sem observar a presença dos outros veículos";"Colisão lateral mesmo sentido";"Com Vítimas Feridas";"Pleno dia";"Decrescente";"Nublado";"Simples";"Rotatória";"Sim";3;0;0;1;1;2;1;4;-25,5205;-48,5095;"SPRF-PR";"DEL01-PR";"UOP05-DEL01-PR"
499747;2023-01-17;"terça-feira";"16:00:00";"MG";40;570;"ITABIRITO";"Mal súbito do condutor";"Colisão lateral sentido oposto";"Com Vítimas Feridas";"Pleno dia";"Decrescente";"Céu Claro";"Simples";"Reta";"Sim";3;0;1;0;1;1;1;3;-20,21286706;-43,97263241;"SPRF-MG";"DEL01-MG";"UOP02-DEL01-MG"
499753;2023-01-17;"terça-feira";"15:40:00";"GO";20;88,7;"VILA BOA";"Condutor deixou de manter distância do veículo da frente";"Colisão traseira";"Com Vítimas Feridas";"Pleno dia";"Decrescente";"Sol";"Simples";"Curva";"Sim";9;0;1;0;5;5;1;6;-15,035155;-47,056973;"SPRF-DF";"DEL02-DF";"UOP02-DEL02-DF"
499756;2023-01-11;"quarta-feira";"22:25:00";"RS";471;459,2;"RIO GRANDE";"Acessar a via sem observar a presença dos outros veículos";"Colisão lateral mesmo sentido";"Com Vítimas Feridas";"Plena Noite";"Decrescente";"Céu Claro";"Simples";"Reta";"Não";2;0;0;1;1;0;1;2;-32,074825;-52,26466;"SPRF-RS";"DEL07-RS";"UOP02-DEL07-RS"
499759;2023-01-17;"terça-feira";"17:35:00";"RN";101;102,4;"PARNAMIRIM";"Condutor deixou de manter distância do veículo da frente";"Colisão lateral mesmo sentido";"Sem Vítimas";"Pleno dia";"Crescente";"Nublado";"Dupla";"Interseção de Vias;Curva";"Sim";2;0;0;0;2;0;0;2;-5,88873762;-35,24278879;"SPRF-RN";"DEL01-RN";"UOP01-DEL01-RN"
499761;2023-01-17;"terça-feira";"17:30:00";"CE";116;21;"AQUIRAZ";"Condutor deixou de manter distância do veículo da frente";"Colisão traseira";"Com Vítimas Feridas";"Pleno dia";"Decrescente";"Céu Claro";"Dupla";"Reta";"Sim";5;0;1;3;0;1;4;4;-3,93175901;-38,50825087;"SPRF-CE";"DEL01-CE";"UOP02-DEL01-CE"
499766;2023-01-17;"terça-feira";"16:40:00";"SE";349;4,4;"NOSSA SENHORA DO SOCORRO";"Manobra de mudança de faixa";"Tombamento";"Com Vítimas Feridas";"Pleno dia";"Crescente";"Sol";"Dupla";"Aclive";"Sim";2;0;1;0;1;0;1;2;-10,90650933;-37,11561978;"SPRF-SE";"DEL01-SE";"UOP01-DEL01-SE"
499769;2023-01-17;"terça-feira";"17:10:00";"RS";470;241;"BARAO";"Acessar a via sem observar a presença dos outros veículos";"Colisão transversal";"Com Vítimas Fatais";"Pleno dia";"Crescente";"Nublado";"Simples";"Reta;Aclive";"Não";2;1;0;0;1;0;0;2;-29,36107276;-51,5198493;"SPRF-RS";"DEL06-RS";"UOP01-DEL06-RS"
499782;2023-01-17;"terça-feira";"17:30:00";"AL";316;241,4;"ATALAIA";"Ingestão de álcool pelo condutor";"Colisão lateral mesmo sentido";"Com Vítimas Feridas";"Amanhecer";"Crescente";"Céu Claro";"Simples";"Reta";"Sim";3;0;0;1;1;1;1;3;-9,5015368;-36,0262847;"SPRF-AL";"DEL01-AL";"UOP01-DEL01-AL"
499792;2023-01-17;"terça-feira";"09:10:00";"MG";262;435;"NOVA SERRANA";"Velocidade Incompatível";"Engavetamento";"Com Vítimas Feridas";"Pleno dia";"Decrescente";"Céu Claro";"Simples";"Reta";"Não";3;0;1;0;1;1;1;3;-19,89666118;-44,85116191;"SPRF-MG";"DEL08-MG";"UOP03-DEL08-MG"
499795;2023-01-17;"terça-feira";"21:07:00";"SP";116;315,8;"JUQUITIBA";"Conversão proibida";"Colisão transversal";"Com Vítimas Feridas";"Plena Noite";"Decrescente";"Nublado";"Dupla";"Reta";"Não";2;0;0;1;1;0;1;2;-23,90251888;-46,99049317;"SPRF-SP";"DEL04-SP";"UOP03-DEL04-SP"
499797;2023-01-17;"terça-feira";"21:45:00";"MG";50;176;"UBERABA";"Demais falhas mecânicas ou elétricas";"Colisão com objeto";"Com Vítimas Feridas";"Plena Noite";"Decrescente";"Céu Claro";"Dupla";"Reta;Aclive";"Sim";3;0;2;0;1;0;2;1;-19,77919981;-47,960032;"SPRF-MG";"DEL13-MG";"UOP01-DEL13-MG"
499805;2023-01-17;"terça-feira";"20:20:00";"PR";163;116,6;"CAPANEMA";"Velocidade Incompatível";"Tombamento";"Com Vítimas Fatais";"Anoitecer";"Decrescente";"Nublado";"Dupla";"Curva;Aclive";"Não";3;1;0;0;0;4;0;5;-25,595093;-53,629269;"SPRF-PR";"DEL02-PR";"UOP02-DEL02-PR"
499810;2023-01-17;"terça-feira";"19:00:00";"PI";343;328,7;"TERESINA";"Obstrução na via";"Colisão lateral sentido oposto";"Sem Vítimas";"Plena Noite";"Decrescente";"Chuva";"Simples";"Reta";"Não";3;0;0;0;3;0;0;2;-5,069324;-42,634327;"SPRF-PI";"DEL01-PI";"UOP01-DEL01-PI"
499812;2023-01-17;"terça-feira";"23:10:00";"ES";101;337,6;"GUARAPARI";"Manobra de mudança de faixa";"Colisão lateral mesmo sentido";"Com Vítimas Feridas";"Plena Noite";"Decrescente";"Céu Claro";"Dupla";"Em Obras;Curva";"Não";6;0;2;0;4;0;2;2;-20,639;-40,545;"SPRF-ES";"DEL03-ES";"UOP01-DEL03-ES"
499818;2023-01-18;"quarta-feira";"00:40:00";"SC";101;38,8;"JOINVILLE";"Ingestão de álcool pelo condutor";"Colisão lateral mesmo sentido";"Com Vítimas Feridas";"Plena Noite";"Crescente";"Nublado";"Dupla";"Reta";"Sim";3;0;1;1;0;1;2;3;-26,30039804;-48,88364553;"SPRF-SC";"DEL03-SC";"UOP01-DEL03-SC"
499819;2023-01-17;"terça-feira";"22:15:00";"MG";262;608,1;"CAMPOS ALTOS";"Condutor Dormindo";"Saída de leito carroçável";"Com Vítimas Feridas";"Plena Noite";"Decrescente";"Céu Claro";"Simples";"Reta";"Não";1;0;1;0;0;0;1;1;-19,600846;-46,286477;"SPRF-MG";"DEL08-MG";"UOP02-DEL08-MG"
499823;2023-01-18;"quarta-feira";"01:50:00";"RJ";101;120,5;"CAMPOS DOS GOYTACAZES";"Ausência de reação do condutor";"Colisão traseira";"Com Vítimas Fatais";"Plena Noite";"Crescente";"Céu Claro";"Dupla";"Reta";"Sim";2;1;0;0;1;0;0;2;-22,031519;-41,69353;"SPRF-RJ";"DEL08-RJ";"UOP02-DEL08-RJ"
499824;2023-01-18;"quarta-feira";"01:30:00";"MG";354;732,3;"POUSO ALTO";"Velocidade Incompatível";"Tombamento";"Com Vítimas Fatais";"Plena Noite";"Crescente";"Nublado";"Simples";"Curva;Declive";"Não";1;1;0;0;0;0;0;1;-22,17502858;-44,97005105;"SPRF-MG";"DEL17-MG";"UOP01-DEL17-MG"
499835;2023-01-18;"quarta-feira";"03:50:00";"BA";407;34,4;"JUAZEIRO";"Ausência de reação do condutor";"Saída de leito carroçável";"Com Vítimas Feridas";"Amanhecer";"Decrescente";"Nublado";"Simples";"Reta;Ponte";"Não";1;0;0;1;0;0;1;1;-9,71448877;-40,36273051;"SPRF-BA";"DEL04-BA";"UOP01-DEL04-BA"
499837;2023-01-18;"quarta-feira";"06:09:00";"SC";101;119;"ITAJAI";"Ausência de reação do condutor";"Colisão traseira";"Com Vítimas Feridas";"Amanhecer";"Decrescente";"Nublado";"Dupla";"Reta";"Sim";2;0;1;0;0;1;1;2;-26,9043179;-48,71555481;"SPRF-SC";"DEL04-SC";"UOP04-DEL04-SC"
499841;2023-01-18;"quarta-feira";"05:15:00";"GO";452;55;"RIO VERDE";"Ausência de reação do condutor";"Colisão traseira";"Com Vítimas Feridas";"Amanhecer";"Decrescente";"Céu Claro";"Simples";"Declive";"Não";4;0;1;0;2;2;1;4;-17,98329165;-50,43329182;"SPRF-GO";"DEL04-GO";"UOP01-DEL04-GO"
499842;2023-01-18;"quarta-feira";"07:15:00";"PB";230;23;"JOAO PESSOA";"Reação tardia ou ineficiente do condutor";"Colisão lateral mesmo sentido";"Com Vítimas Feridas";"Pleno dia";"Decrescente";"Chuva";"Dupla";"Reta;Aclive";"Sim";3;0;2;0;1;0;2;2;-7,1562;-34,8574;"SPRF-PB";"DEL01-PB";"UOP01-DEL01-PB"
499846;2023-01-18;"quarta-feira";"07:30:00";"ES";101;271,5;"SERRA";"Condutor deixou de manter distância do veículo da frente";"Colisão traseira";"Com Vítimas Feridas";"Pleno dia";"Decrescente";"Chuva";"Dupla";"Reta";"Sim";2;0;0;1;1;0;1;2;-20,23267;-40,27658;"SPRF-ES";"DEL02-ES";"UOP01-DEL02-ES"
499849;2023-01-18;"quarta-feira";"00:05:00";"MT";364;556,8;"ROSARIO OESTE";"Desrespeitar a preferência no cruzamento";"Colisão transversal";"Com Vítimas Feridas";"Plena Noite";"Decrescente";"Nublado";"Dupla";"Rotatória";"Não";5;0;2;0;2;2;2;4;-14,80810606;-56,41299395;"SPRF-MT";"DEL01-MT";"UOP01-DEL01-MT"
499850;2023-01-17;"terça-feira";"12:05:00";"BA";110;223,7;"NOVA SOURE";"Manobra de mudança de faixa";"Colisão frontal";"Com Vítimas Fatais";"Pleno dia";"Crescente";"Céu Claro";"Simples";"Reta";"Não";3;1;0;0;1;1;0;3;-11,28631368;-38,42857372;"SPRF-BA";"DEL07-BA";"UOP02-DEL07-BA"
499852;2023-01-16;"segunda-feira";"17:45:00";"SC";282;513,8;"XAXIM";"Ausência de reação do condutor";"Tombamento";"Com Vítimas Feridas";"Pleno dia";"Crescente";"Sol";"Simples";"Reta;Aclive";"Não";2;0;1;0;0;1;1;2;-26,91486;-52,480682;"SPRF-SC";"DEL07-SC";"UOP01-DEL07-SC"
499857;2023-01-18;"quarta-feira";"07:28:00";"MG";40;531;"CONTAGEM";"Condutor deixou de manter distância do veículo da frente";"Colisão traseira";"Com Vítimas Feridas";"Pleno dia";"Crescente";"Céu Claro";"Dupla";"Reta";"Sim";2;0;0;1;1;0;1;2;-19,91962483;-44,02522683;"SPRF-MG";"DEL01-MG";"UOP02-DEL01-MG"
499858;2023-01-18;"quarta-feira";"08:30:00";"CE";222;17;"CAUCAIA";"Condutor deixou de manter distância do veículo da frente";"Colisão traseira";"Com Vítimas Feridas";"Pleno dia";"Decrescente";"Garoa/Chuvisco";"Simples";"Reta;Em Obras";"Não";4;0;1;0;2;1;1;4;-3,75327316;-38,71134808;"SPRF-CE";"DEL01-CE";"UOP01-DEL01-CE"
499876;2023-01-18;"quarta-feira";"09:00:00";"MG";40;547;"NOVA LIMA";"Condutor deixou de manter distância do veículo da frente";"Colisão traseira";"Sem Vítimas";"Pleno dia";"Decrescente";"Céu Claro";"Dupla";"Declive";"Não";2;0;0;0;2;0;0;2;-20,02252424;-43,97026042;"SPRF-MG";"DEL01-MG";"UOP02-DEL01-MG"
499878;2023-01-18;"quarta-feira";"09:40:00";"RS";158;322;"SANTA MARIA";"Manobra de mudança de faixa";"Colisão lateral mesmo sentido";"Sem Vítimas";"Pleno dia";"Crescente";"Céu Claro";"Simples";"Reta;Aclive;Viaduto";"Não";4;0;0;0;3;2;0;4;-29,7037466;-53,79524635;"SPRF-RS";"DEL09-RS";"UOP01-DEL09-RS"
499883;2023-01-18;"quarta-feira";"07:30:00";"RS";392;194;"SANTANA DA BOA VISTA";"Ausência de reação do condutor";"Tombamento";"Com Vítimas Feridas";"Pleno dia";"Decrescente";"Céu Claro";"Simples";"Reta";"Não";2;0;1;0;0;1;1;2;-30,91242801;-53,10603527;"SPRF-RS";"DEL09-RS";"UOP02-DEL09-RS"
499884;2023-01-18;"quarta-feira";"12:05:00";"RS";116;524,8;"PELOTAS";"Desrespeitar a preferência no cruzamento";"Colisão transversal";"Com Vítimas Feridas";"Pleno dia";"Decrescente";"Nublado";"Dupla";"Viaduto;Interseção de Vias;Rotatória";"Sim";5;0;1;0;4;0;1;2;-31,72863738;-52,38746675;"SPRF-RS";"DEL07-RS";"UOP01-DEL07-RS"
499887;2023-01-18;"quarta-feira";"11:00:00";"CE";116;119,5;"RUSSAS";"Reação tardia ou ineficiente do condutor";"Colisão traseira";"Com Vítimas Feridas";"Pleno dia";"Decrescente";"Céu Claro";"Simples";"Aclive;Em Obras;Reta";"Não";4;0;1;0;1;3;1;5;-4,621847;-38,182728;"SPRF-CE";"DEL03-CE";"UOP01-DEL03-CE"
499888;2023-01-18;"quarta-feira";"09:05:00";"GO";153;631,5;"MORRINHOS";"Condutor usando celular";"Colisão lateral mesmo sentido";"Com Vítimas Feridas";"Pleno dia";"Crescente";"Céu Claro";"Dupla";"Reta";"Não";5;0;2;1;1;3;3;5;-17,8017;-49,2067;"SPRF-GO";"DEL03-GO";"UOP01-DEL03-GO"
499889;2023-01-18;"quarta-feira";"07:50:00";"PI";316;5,5;"TERESINA";"Manobra de mudança de faixa";"Colisão lateral mesmo sentido";"Com Vítimas Feridas";"Pleno dia";"Crescente";"Céu Claro";"Múltipla";"Reta";"Sim";4;0;1;0;1;2;1;3;-5,14169858;-42,78157276;"SPRF-PI";"DEL01-PI";"UOP02-DEL01-PI"
499894;2023-01-10;"terça-feira";"10:30:00";"MS";163;488,1;"CAMPO GRANDE";"Ausência de reação do condutor";"Colisão lateral sentido oposto";"Com Vítimas Feridas";"Pleno dia";"Crescente";"Céu Claro";"Simples";"Reta";"Não";3;0;1;0;0;3;1;4;-20,41637298;-54,54777596;"SPRF-MS";"DEL01-MS";"UOP02-DEL01-MS"
499899;2023-01-18;"quarta-feira";"12:54:00";"DF";20;24;"BRASILIA";"Velocidade Incompatível";"Tombamento";"Sem Vítimas";"Pleno dia";"Decrescente";"Céu Claro";"Dupla";"Curva;Retorno Regulamentado;Viaduto";"Sim";1;0;0;0;1;0;0;1;-15,594831;-47,658615;"SPRF-DF";"DEL02-DF";"UOP01-DEL02-DF"
499904;2023-01-17;"terça-feira";"23:50:00";"SC";470;59,3;"BLUMENAU";"Reação tardia ou ineficiente do condutor";"Tombamento";"Com Vítimas Feridas";"Plena Noite";"Crescente";"Chuva";"Simples";"Curva";"Sim";1;0;1;0;0;0;1;1;-26,88219146;-49,15933371;"SPRF-SC";"DEL04-SC";"UOP01-DEL04-SC"
499905;2023-01-18;"quarta-feira";"13:35:00";"PE";232;51,6;"VITORIA DE SANTO ANTAO";"Demais falhas mecânicas ou elétricas";"Saída de leito carroçável";"Com Vítimas Feridas";"Pleno dia";"Crescente";"Nublado";"Dupla";"Reta";"Não";2;0;1;0;1;0;1;1;-8,13823439;-35,33196918;"SPRF-PE";"DEL01-PE";"UOP01-DEL01-PE"
499921;2023-01-18;"quarta-feira";"15:10:00";"MT";364;276,2;"JACIARA";"Ingestão de álcool pelo condutor";"Tombamento";"Com Vítimas Feridas";"Pleno dia";"Crescente";"Céu Claro";"Simples";"Reta";"Sim";3;0;1;1;0;1;2;2;-15,95344474;-54,99098104;"SPRF-MT";"DEL05-MT";"UOP02-DEL05-MT"
499941;2023-01-18;"quarta-feira";"15:15:00";"CE";222;163;"IRAUCUBA";"Acumulo de água sobre o pavimento";"Saída de leito carroçável";"Sem Vítimas";"Pleno dia";"Decrescente";"Chuva";"Simples";"Curva";"Não";1;0;0;0;1;0;0;1;-3,72962497;-39,91024017;"SPRF-CE";"DEL04-CE";"UOP03-DEL04-CE"
499944;2023-01-18;"quarta-feira";"18:06:00";"SC";282;17;"PALHOCA";"Trafegar com motocicleta (ou similar) entre as faixas";"Colisão transversal";"Com Vítimas Feridas";"Pleno dia";"Crescente";"Céu Claro";"Simples";"Interseção de Vias";"Não";2;0;1;0;1;0;1;2;-27,665707;-48,688065;"SPRF-SC";"DEL01-SC";"UOP02-DEL01-SC"
499946;2023-01-18;"quarta-feira";"18:20:00";"ES";101;298;"VIANA";"Manobra de mudança de faixa";"Colisão lateral mesmo sentido";"Com Vítimas Feridas";"Anoitecer";"Decrescente";"Céu Claro";"Dupla";"Reta";"Sim";3;0;1;0;1;1;1;3;-20,35374444;-40,4156433;"SPRF-ES";"DEL01-ES";"UOP01-DEL01-ES"
499950;2023-01-18;"quarta-feira";"17:00:00";"MT";163;816;"SINOP";"Acessar a via sem observar a presença dos outros veículos";"Colisão transversal";"Com Vítimas Feridas";"Anoitecer";"Decrescente";"Nublado";"Simples";"Reta";"Não";3;0;0;1;1;1;1;3;-12,026251;-55,517224;"SPRF-MT";"DEL06-MT";"NPF/DEL06-MT"
499951;2023-01-18;"quarta-feira";"18:50:00";"MG";40;526;"CONTAGEM";"Acessar a via sem observar a presença dos outros veículos";"Colisão lateral mesmo sentido";"Sem Vítimas";"Plena Noite";"Crescente";"Céu Claro";"Dupla";"Reta";"Sim";3;0;0;0;2;1;0;3;-19,89255399;-44,04985478;"SPRF-MG";"DEL01-MG";"UOP02-DEL01-MG"
499952;2023-01-18;"quarta-feira";"18:35:00";"MG";40;460;"CAETANOPOLIS";"Obstrução na via";"Eventos atípicos";"Sem Vítimas";"Anoitecer";"Crescente";"Nublado";"Dupla";"Reta";"Não";2;0;0;0;2;0;0;2;-19,3907;-44,3355;"SPRF-MG";"DEL02-MG";"UOP01-DEL02-MG"
499953;2023-01-18;"quarta-feira";"15:20:00";"MG";116;502;"INHAPIM";"Condutor deixou de manter distância do veículo da frente";"Colisão lateral mesmo sentido";"Com Vítimas Feridas";"Pleno dia";"Crescente";"Céu Claro";"Simples";"Reta";"Não";2;0;1;0;1;0;1;2;-19,577398;-42,115808;"SPRF-MG";"DEL06-MG";"UOP02-DEL06-MG"
499956;2023-01-18;"quarta-feira";"20:15:00";"CE";304;49,8;"ARACATI";"Afundamento ou ondulação no pavimento";"Saída de leito carroçável";"Com Vítimas Feridas";"Plena Noite";"Decrescente";"Chuva";"Dupla";"Reta";"Sim";3;0;1;0;2;0;1;1;-4,57352926;-37,76245988;"SPRF-CE";"DEL03-CE";"UOP03-DEL03-CE"
499957;2023-01-18;"quarta-feira";"19:35:00";"RS";116;156,6;"CAXIAS DO SUL";"Transitar na contramão";"Colisão frontal";"Com Vítimas Feridas";"Plena Noite";"Decrescente";"Nublado";"Simples";"Curva";"Não";2;0;1;0;1;0;1;2;-29,20731013;-51,17757864;"SPRF-RS";"DEL05-RS";"UOP01-DEL05-RS"
499964;2023-01-18;"quarta-feira";"14:35:00";"RS";116;470,1;"SAO LOURENCO DO SUL";"Ausência de reação do condutor";"Engavetamento";"Sem Vítimas";"Pleno dia";"Crescente";"Céu Claro";"Simples";"Reta;Ponte";"Não";4;0;0;0;4;0;0;4;-31,35144027;-52,06807279;"SPRF-RS";"DEL07-RS";"UOP01-DEL07-RS"
499965;2023-01-18;"quarta-feira";"16:30:00";"MG";365;164;"PIRAPORA";"Velocidade Incompatível";"Tombamento";"Com Vítimas Feridas";"Pleno dia";"Decrescente";"Céu Claro";"Simples";"Rotatória";"Sim";2;0;1;0;0;1;1;2;-17,36834997;-44,94108999;"SPRF-MG";"DEL10-MG";"UOP01-DEL10-MG"
499970;2023-01-18;"quarta-feira";"20:30:00";"RS";285;437;"BOZANO";"Ultrapassagem Indevida";"Colisão traseira";"Sem Vítimas";"Plena Noite";"Decrescente";"Céu Claro";"Simples";"Curva;Declive";"Não";2;0;0;0;2;0;0;2;-28,347002;-53,710854;"SPRF-RS";"DEL10-RS";"UOP01-DEL10-RS"
499972;2023-01-18;"quarta-feira";"14:00:00";"MG";116;562;"MANHUACU";"Ultrapassagem Indevida";"Saída de leito carroçável";"Com Vítimas Feridas";"Pleno dia";"Crescente";"Nublado";"Simples";"Curva";"Não";2;0;1;0;0;1;1;2;-20,04682025;-42,17884094;"SPRF-MG";"DEL06-MG";"UOP03-DEL06-MG"
499973;2023-01-18;"quarta-feira";"18:30:00";"SC";480;126,7;"CHAPECO";"Pista Escorregadia";"Tombamento";"Com Vítimas Fatais";"Pleno dia";"Decrescente";"Garoa/Chuvisco";"Múltipla";"Interseção de Vias;Aclive";"Sim";5;1;0;0;4;0;0;2;-27,0256316;-52,6345637;"SPRF-SC";"DEL07-SC";"UOP01-DEL07-SC"
499974;2023-01-18;"quarta-feira";"19:55:00";"PR";277;213;"TEIXEIRA SOARES";"Acessar a via sem observar a presença dos outros veículos";"Colisão transversal";"Com Vítimas Feridas";"Plena Noite";"Crescente";"Chuva";"Simples";"Reta;Declive;Interseção de Vias";"Não";3;0;0;1;1;1;1;3;-25,47107905;-50,32175304;"SPRF-PR";"DEL08-PR";"UOP02-DEL08-PR"
499975;2023-01-18;"quarta-feira";"22:40:00";"PB";116;9,2;"CACHOEIRA DOS INDIOS";"Chuva";"Saída de leito carroçável";"Com Vítimas Feridas";"Plena Noite";"Crescente";"Chuva";"Simples";"Curva";"Não";1;0;1;0;0;0;1;1;-6,97240402;-38,73457506;"SPRF-CE";"DEL05-CE";"UOP03-DEL05-CE"
499977;2023-01-18;"quarta-feira";"21:30:00";"RJ";101;523;"ANGRA DOS REIS";"Animais na Pista";"Atropelamento de Animal";"Com Vítimas Feridas";"Plena Noite";"Crescente";"Nublado";"Simples";"Reta";"Não";2;0;0;1;1;0;1;2;-23,00283001;-44,47362994;"SPRF-RJ";"DEL03-RJ";"UOP03-DEL03-RJ"
499985;2023-01-19;"quinta-feira";"00:40:00";"SP";116;507;"CAJATI";"Ausência de reação do condutor";"Saída de leito carroçável";"Com Vítimas Fatais";"Plena Noite";"Decrescente";"Chuva";"Simples";"Curva;Declive";"Não";2;1;0;0;0;1;0;2;-24,805288;-48,214966;"SPRF-SP";"DEL05-SP";"UOP02-DEL05-SP"
499992;2023-01-19;"quinta-feira";"02:00:00";"TO";153;611;"CRIXAS DO TOCANTINS";"Condutor deixou de manter distância do veículo da frente";"Colisão traseira";"Sem Vítimas";"Plena Noite";"Crescente";"Céu Claro";"Simples";"Reta";"Não";4;0;0;0;4;0;0;2;-11,193768;-48,92957102;"SPRF-TO";"DEL01-TO";"UOP02-DEL01-TO"
499993;2023-01-19;"quinta-feira";"01:40:00";"TO";153;609,5;"CRIXAS DO TOCANTINS";"Animais na Pista";"Atropelamento de Animal";"Sem Vítimas";"Plena Noite";"Decrescente";"Céu Claro";"Simples";"Reta";"Não";1;0;0;0;1;0;0;1;-11,17595301;-48,92781585;"SPRF-TO";"DEL01-TO";"UOP02-DEL01-TO"
499994;2023-01-19;"quinta-feira";"03:30:00";"MG";116;251,6;"TEOFILO OTONI";"Condutor Dormindo";"Colisão com objeto";"Sem Vítimas";"Plena Noite";"Decrescente";"Chuva";"Simples";"Reta;Ponte";"Não";2;0;0;0;1;2;0;3;-17,654873;-41,49268;"SPRF-MG";"DEL11-MG";"UOP01-DEL11-MG"
499996;2023-01-18;"quarta-feira";"06:50:00";"PI";135;602;"CORRENTE";"Reação tardia ou ineficiente do condutor";"Tombamento";"Com Vítimas Feridas";"Pleno dia";"Decrescente";"Céu Claro";"Simples";"Declive;Curva";"Não";2;0;0;1;0;1;1;2;-10,501587;-45,184489;"SPRF-PI";"DEL03-PI";"UOP02-DEL03-PI"
499997;2023-01-19;"quinta-feira";"04:40:00";"PR";476;309,1;"PAULO FRONTIN";"Condutor Dormindo";"Saída de leito carroçável";"Com Vítimas Feridas";"Plena Noite";"Crescente";"Nublado";"Simples";"Reta;Ponte";"Não";2;0;2;0;0;0;2;1;-26,01798516;-50,64471628;"SPRF-PR";"DEL02-PR";"UOP03-DEL02-PR"
500002;2023-01-19;"quinta-feira";"03:00:00";"SC";470;356;"CAMPOS NOVOS";"Velocidade Incompatível";"Tombamento";"Com Vítimas Feridas";"Plena Noite";"Crescente";"Céu Claro";"Simples";"Curva;Declive";"Não";2;0;1;0;0;1;1;2;-27,596577;-51,473782;"SPRF-SC";"DEL07-SC";"UOP06-DEL07-SC"
500006;2023-01-18;"quarta-feira";"23:45:00";"PR";277;17;"PARANAGUA";"Reação tardia ou ineficiente do condutor";"Colisão traseira";"Com Vítimas Feridas";"Plena Noite";"Decrescente";"Nublado";"Dupla";"Reta";"Não";3;0;1;0;1;3;1;5;-25,56380488;-48,63457397;"SPRF-PR";"DEL01-PR";"UOP05-DEL01-PR"
500008;2023-01-19;"quinta-feira";"07:00:00";"PR";116;62;"QUATRO BARRAS";"Ultrapassagem Indevida";"Colisão lateral mesmo sentido";"Sem Vítimas";"Pleno dia";"Decrescente";"Nublado";"Dupla";"Reta;Aclive";"Não";3;0;0;0;1;2;0;3;-25,30617192;-48,99337399;"SPRF-PR";"DEL01-PR";"UOP02-DEL01-PR"
500025;2023-01-18;"quarta-feira";"17:00:00";"MA";230;165,6;"PASTOS BONS";"Manobra de mudança de faixa";"Colisão lateral sentido oposto";"Com Vítimas Feridas";"Pleno dia";"Decrescente";"Céu Claro";"Simples";"Reta";"Não";8;0;3;0;4;3;3;5;-6,7031468;-44,2521656;"SPRF-MA";"DEL05-MA";"UOP01-DEL05-MA"
500030;2023-01-19;"quinta-feira";"08:00:00";"RJ";493;22;"MAGE";"Condutor deixou de manter distância do veículo da frente";"Colisão traseira";"Com Vítimas Feridas";"Pleno dia";"Decrescente";"Céu Claro";"Simples";"Aclive";"Não";4;0;1;0;2;1;1;3;-22,659311;-43,053303;"SPRF-RJ";"DEL04-RJ";"UOP02-DEL04-RJ"
500035;2023-01-19;"quinta-feira";"08:00:00";"PR";277;344;"GUARAPUAVA";"Acessar a via sem observar a presença dos outros veículos";"Colisão traseira";"Com Vítimas Feridas";"Pleno dia";"Crescente";"Céu Claro";"Dupla";"Reta";"Sim";5;0;2;0;2;1;2;4;-25,33928412;-51,42880296;"SPRF-PR";"DEL08-PR";"UOP01-DEL08-PR"