"id";"data_inversa";"dia_semana";"horario";"uf";"br";"km";"municipio";"causa_acidente";"tipo_acidente";"classificacao_acidente";"fase_dia";"sentido_via";"condicao_metereologica";"tipo_pista";"tracado_via";"uso_solo";"pessoas";"mortos";"feridos_leves";"feridos_graves";"ilesos";"ignorados";"feridos";"veiculos";"latitude";"longitude";"regional";"delegacia";"uop"
500041;2023-01-19;"quinta-feira";"08:55:00";"SC";282;20,7;"PALHOCA";"Velocidade Incompatível";"Colisão frontal";"Com Vítimas Feridas";"Pleno dia";"Crescente";"Nublado";"Simples";"Curva";"Sim";2;0;1;0;1;0;1;2;-27,683958;-48,71006;"SPRF-SC";"DEL01-SC";"UOP02-DEL01-SC"
500048;2023-01-19;"quinta-feira";"09:50:00";"PR";116;106;"SAO JOSE DOS PINHAIS";"Ausência de reação do condutor";"Engavetamento";"Com Vítimas Feridas";"Pleno dia";"Crescente";"Céu Claro";"Dupla";"Reta";"Sim";5;0;3;0;2;0;3;3;-25,56830653;-49,17799791;"SPRF-PR";"DEL01-PR";"UOP07-DEL01-PR"
500053;2023-01-19;"quinta-feira";"09:30:00";"PR";163;144,1;"CAPITAO LEONIDAS MARQUES";"Acessar a via sem observar a presença dos outros veículos";"Colisão transversal";"Com Vítimas Feridas";"Pleno dia";"Crescente";"Céu Claro";"Dupla";"Reta;Declive";"Não";2;0;1;0;1;0;1;2;-25,46918522;-53,58266078;"SPRF-PR";"DEL05-PR";"UOP05-DEL05-PR"
500054;2023-01-19;"quinta-feira";"10:45:00";"MG";40;58,1;"PARACATU";"Reação tardia ou ineficiente do condutor";"Colisão traseira";"Com Vítimas Feridas";"Pleno dia";"Decrescente";"Céu Claro";"Simples";"Reta";"Não";2;0;1;0;0;1;1;2;-17,30237298;-46,77173492;"SPRF-MG";"DEL14-MG";"UOP01-DEL14-MG"
500058;2023-01-19;"quinta-feira";"11:00:00";"ES";101;358;"ANCHIETA";"Manobra de mudança de faixa";"Colisão lateral mesmo sentido";"Com Vítimas Feridas";"Pleno dia";"Decrescente";"Céu Claro";"Dupla";"Reta;Em Obras";"Não";4;0;2;0;1;1;2;3;-20,691717;-40,704254;"SPRF-ES";"DEL03-ES";"UOP01-DEL03-ES"
500059;2023-01-19;"quinta-feira";"10:01:00";"MS";163;556;"BANDEIRANTES";"Ultrapassagem Indevida";"Colisão lateral mesmo sentido";"Com Vítimas Feridas";"Pleno dia";"Crescente";"Céu Claro";"Simples";"Declive";"Não";4;0;2;0;2;0;2;2;-19,855787;-54,36913089;"SPRF-MS";"DEL01-MS";"UOP02-DEL01-MS"
500069;2023-01-19;"quinta-feira";"12:00:00";"MS";163;211;"CAARAPO";"Reação tardia ou ineficiente do condutor";"Saída de leito carroçável";"Com Vítimas Feridas";"Pleno dia";"Crescente";"Céu Claro";"Simples";"Reta";"Sim";5;0;0;2;1;3;2;5;-22,609825;-54,816148;"SPRF-MS";"DEL04-MS";"UOP02-DEL04-MS"
500071;2023-01-16;"segunda-feira";"21:45:00";"SP";116;227;"SAO PAULO";"Manobra de mudança de faixa";"Colisão transversal";"Com Vítimas Feridas";"Plena Noite";"Decrescente";"Céu Claro";"Múltipla";"Declive;Reta";"Sim";3;0;1;0;1;1;1;3;-23,50217447;-46,56452179;"SPRF-SP";"DEL01-SP";"UOP01-DEL01-SP"
500079;2023-01-19;"quinta-feira";"10:00:00";"BA";242;266;"BOA VISTA DO TUPIM";"Velocidade Incompatível";"Tombamento";"Com Vítimas Feridas";"Pleno dia";"Decrescente";"Céu Claro";"Simples";"Curva";"Não";3;0;1;0;1;1;1;2;-12,45256408;-40,59493303;"SPRF-BA";"DEL06-BA";"UOP02-DEL06-BA"
500089;2023-01-19;"quinta-feira";"13:55:00";"MT";364;604;"DIAMANTINO";"Condutor deixou de manter distância do veículo da frente";"Colisão traseira";"Com Vítimas Feridas";"Pleno dia";"Decrescente";"Céu Claro";"Simples";"Reta";"Não";7;0;4;0;2;5;4;8;-14,431101;-56,303852;"SPRF-MT";"DEL01-MT";"UOP01-DEL01-MT"
500095;2023-01-19;"quinta-feira";"15:50:00";"SP";116;458;"REGISTRO";"Manobra de mudança de faixa";"Colisão com objeto";"Com Vítimas Feridas";"Pleno dia";"Decrescente";"Céu Claro";"Dupla";"Reta;Em Obras";"Não";4;0;2;0;1;3;2;5;-24,5958452;-47,8771454;"SPRF-SP";"DEL05-SP";"UOP01-DEL05-SP"
500100;2023-01-19;"quinta-feira";"16:17:00";"SC";101;113;"ITAJAI";"Reação tardia ou ineficiente do condutor";"Colisão traseira";"Com Vítimas Feridas";"Pleno dia";"Crescente";"Garoa/Chuvisco";"Múltipla";"Reta";"Sim";2;0;1;0;1;0;1;2;-26,85311393;-48,72689927;"SPRF-SC";"DEL04-SC";"UOP04-DEL04-SC"
500102;2023-01-19;"quinta-feira";"17:20:00";"MG";381;929,2;"ITAPEVA";"Demais falhas mecânicas ou elétricas";"Capotamento";"Com Vítimas Feridas";"Pleno dia";"Decrescente";"Nublado";"Dupla";"Curva";"Não";3;0;1;0;1;1;1;3;-22,79911462;-46,26123692;"SPRF-MG";"DEL16-MG";"UOP03-DEL16-MG"
500105;2023-01-19;"quinta-feira";"14:59:00";"RJ";40;3;"COMENDADOR LEVY GASPARIAN";"Curva acentuada";"Tombamento";"Com Vítimas Feridas";"Pleno dia";"Decrescente";"Céu Claro";"Dupla";"Curva";"Não";2;0;1;0;0;2;1;3;-22,00844904;-43,24336605;"SPRF-RJ";"DEL05-RJ";"UOP02-DEL05-RJ"
500110;2023-01-19;"quinta-feira";"07:25:00";"PE";424;89;"GARANHUNS";"Demais falhas mecânicas ou elétricas";"Tombamento";"Com Vítimas Feridas";"Pleno dia";"Crescente";"Céu Claro";"Simples";"Curva;Declive";"Sim";2;0;1;0;0;1;1;2;-8,89138375;-36,50571483;"SPRF-PE";"DEL03-PE";"UOP01-DEL03-PE"
500113;2023-01-10;"terça-feira";"23:00:00";"SC";101;349,7;"JAGUARUNA";"Chuva";"Tombamento";"Com Vítimas Fatais";"Plena Noite";"Crescente";"Garoa/Chuvisco";"Dupla";"Declive;Reta";"Não";6;1;0;0;2;3;0;6;-28,59514821;-49,04716372;"SPRF-SC";"DEL02-SC";"UOP01-DEL02-SC"
500118;2023-01-19;"quinta-feira";"19:00:00";"SE";101;9;"CEDRO DE SAO JOAO";"Ausência de reação do condutor";"Saída de leito carroçável";"Sem Vítimas";"Plena Noite";"Decrescente";"Céu Claro";"Dupla";"Reta;Ponte";"Não";1;0;0;0;0;1;0;1;-10,27168159;-36,8698989;"SPRF-SE";"DEL02-SE";"UOP02-DEL02-SE"
500122;2023-01-19;"quinta-feira";"20:00:00";"ES";101;248;"SERRA";"Ultrapassagem Indevida";"Colisão frontal";"Com Vítimas Feridas";"Plena Noite";"Crescente";"Nublado";"Simples";"Reta";"Não";4;0;3;0;1;0;3;2;-20,06899842;-40,3614491;"SPRF-ES";"DEL02-ES";"UOP01-DEL02-ES"
500129;2023-01-19;"quinta-feira";"20:30:00";"SP";116;377;"MIRACATU";"Ausência de reação do condutor";"Colisão traseira";"Com Vítimas Feridas";"Plena Noite";"Decrescente";"Céu Claro";"Dupla";"Curva";"Não";7;0;2;1;3;1;3;3;-24,19592033;-47,36368081;"SPRF-SP";"DEL04-SP";"UOP02-DEL04-SP"
500133;2023-01-19;"quinta-feira";"14:50:00";"SP";116;561;"BARRA DO TURVO";"Reação tardia ou ineficiente do condutor";"Tombamento";"Com Vítimas Feridas";"Pleno dia";"Crescente";"Céu Claro";"Dupla";"Curva;Declive";"Não";3;0;1;1;0;1;2;2;-25,02487301;-48,52000237;"SPRF-SP";"DEL05-SP";"UOP02-DEL05-SP"
500135;2023-01-19;"quinta-feira";"15:15:00";"PR";153;339,8;"IRATI";"Reação tardia ou ineficiente do condutor";"Colisão frontal";"Com Vítimas Feridas";"Pleno dia";"Decrescente";"Céu Claro";"Simples";"Reta";"Não";5;0;1;2;1;1;3;3;-25,52383787;-50,65389862;"SPRF-PR";"DEL08-PR";"UOP02-DEL08-PR"
500144;2023-01-19;"quinta-feira";"21:09:00";"GO";40;9;"LUZIANIA";"Reação tardia ou ineficiente do condutor";"Colisão traseira";"Com Vítimas Feridas";"Plena Noite";"Crescente";"Céu Claro";"Múltipla";"Reta";"Sim";3;0;1;0;1;1;1;3;-16,131158;-47,957739;"SPRF-DF";"DEL01-DF";"UOP01-DEL01-DF"
500155;2023-01-19;"quinta-feira";"20:45:00";"MS";262;389,5;"TERENOS";"Ingestão de álcool pelo condutor";"Colisão lateral sentido oposto";"Com Vítimas Feridas";"Plena Noite";"Decrescente";"Céu Claro";"Simples";"Reta";"Não";5;0;1;0;3;1;1;3;-20,42781715;-54,9237442;"SPRF-MS";"DEL01-MS";"UOP03-DEL01-MS"
500161;2023-01-19;"quinta-feira";"16:00:00";"BA";242;306;"IBIQUERA";"Velocidade Incompatível";"Tombamento";"Com Vítimas Feridas";"Pleno dia";"Crescente";"Nublado";"Simples";"Reta";"Não";3;0;1;0;1;1;1;3;-12,46702212;-40,94178597;"SPRF-BA";"DEL06-BA";"UOP02-DEL06-BA"
500162;2023-01-19;"quinta-feira";"23:25:00";"RS";116;300;"GUAIBA";"Ingestão de álcool pelo condutor";"Colisão lateral mesmo sentido";"Sem Vítimas";"Plena Noite";"Crescente";"Céu Claro";"Dupla";"Reta";"Sim";4;0;0;0;3;1;0;4;-30,12368942;-51,34922543;"SPRF-RS";"DEL02-RS";"UOP01-DEL02-RS"
500165;2023-01-19;"quinta-feira";"22:30:00";"ES";101;66,2;"SAO MATEUS";"Condutor desrespeitou a iluminação vermelha do semáforo";"Colisão transversal";"Com Vítimas Feridas";"Plena Noite";"Decrescente";"Nublado";"Múltipla";"Interseção de Vias;Reta";"Sim";3;0;0;1;1;1;1;3;-18,7165195;-39,87436378;"SPRF-ES";"DEL04-ES";"UOP02-DEL04-ES"
500171;2023-01-20;"sexta-feira";"01:30:00";"GO";50;244,3;"CATALAO";"Ausência de reação do condutor";"Colisão com objeto";"Com Vítimas Feridas";"Plena Noite";"Crescente";"Céu Claro";"Simples";"Aclive";"Sim";2;0;1;0;0;1;1;2;-17,9172;-47,7901;"SPRF-GO";"DEL06-GO";"UOP01-DEL06-GO"
500172;2023-01-20;"sexta-feira";"01:00:00";"RS";285;287;"PASSO FUNDO";"Condutor Dormindo";"Colisão com objeto";"Sem Vítimas";"Plena Noite";"Decrescente";"Céu Claro";"Simples";"Rotatória";"Não";2;0;0;0;1;1;0;2;-28,240465;-52,31797;"SPRF-RS";"DEL08-RS";"UOP03-DEL08-RS"
500176;2023-01-20;"sexta-feira";"02:00:00";"MG";153;90;"PRATA";"Ausência de reação do condutor";"Tombamento";"Com Vítimas Feridas";"Plena Noite";"Crescente";"Nublado";"Simples";"Reta";"Não";2;0;1;0;0;2;1;3;-19,146825;-48,963154;"SPRF-MG";"DEL15-MG";"UOP03-DEL15-MG"
500182;2023-01-20;"sexta-feira";"05:40:00";"GO";40;113;"CRISTALINA";"Condutor Dormindo";"Capotamento";"Com Vítimas Feridas";"Amanhecer";"Crescente";"Céu Claro";"Dupla";"Reta";"Não";2;0;0;1;0;1;1;2;-16,847953;-47,483787;"SPRF-DF";"DEL01-DF";"UOP02-DEL01-DF"
500184;2023-01-20;"sexta-feira";"02:10:00";"SC";163;69;"SAO MIGUEL DO OESTE";"Acessar a via sem observar a presença dos outros veículos";"Colisão transversal";"Com Vítimas Feridas";"Plena Noite";"Decrescente";"Céu Claro";"Dupla";"Declive;Reta";"Sim";2;0;0;1;1;0;1;2;-26,7402449;-53,501122;"SPRF-SC";"DEL07-SC";"UOP03-DEL07-SC"
500193;2023-01-20;"sexta-feira";"06:10:00";"MG";365;855,5;"SANTA VITORIA";"Conversão proibida";"Colisão traseira";"Com Vítimas Feridas";"Pleno dia";"Crescente";"Nublado";"Simples";"Reta";"Não";2;0;1;0;1;0;1;2;-19,02816636;-50,3638289;"SPRF-MG";"DEL15-MG";"UOP03-DEL15-MG"
500198;2023-01-20;"sexta-feira";"00:20:00";"SC";101;82;"BARRA VELHA";"Mal súbito do condutor";"Tombamento";"Com Vítimas Feridas";"Plena Noite";"Crescente";"Céu Claro";"Dupla";"Reta";"Não";2;0;1;0;0;1;1;2;-26,61323628;-48,7210232;"SPRF-SC";"DEL03-SC";"UOP02-DEL03-SC"
500208;2023-01-20;"sexta-feira";"08:25:00";"RJ";101;64;"CAMPOS DOS GOYTACAZES";"Trafegar com motocicleta (ou similar) entre as faixas";"Colisão transversal";"Com Vítimas Feridas";"Pleno dia";"Decrescente";"Sol";"Simples";"Reta";"Sim";3;0;0;1;1;1;1;3;-21,74908605;-41,33632461;"SPRF-RJ";"DEL08-RJ";"UOP02-DEL08-RJ"
500216;2023-01-12;"quinta-feira";"23:50:00";"MS";463;20;"DOURADOS";"Condutor Dormindo";"Saída de leito carroçável";"Com Vítimas Feridas";"Plena Noite";"Crescente";"Ignorado";"Simples";"Reta";"Não";1;0;1;0;0;0;1;1;-22,25882844;-54,98508769;"SPRF-MS";"DEL04-MS";"UOP03-DEL04-MS"
500217;2023-01-19;"quinta-feira";"23:30:00";"PR";277;410,6;"CANDOI";"Ausência de reação do condutor";"Saída de leito carroçável";"Sem Vítimas";"Plena Noite";"Decrescente";"Céu Claro";"Simples";"Curva";"Não";2;0;0;0;1;1;0;2;-25,41928;-52,04668;"SPRF-PR";"DEL04-PR";"UOP02-DEL04-PR"
500221;2023-01-20;"sexta-feira";"09:40:00";"MA";135;11,7;"SAO LUIS";"Demais falhas mecânicas ou elétricas";"Incêndio";"Sem Vítimas";"Pleno dia";"Crescente";"Sol";"Dupla";"Reta";"Sim";1;0;0;0;1;0;0;1;-2,66470782;-44,28673431;"SPRF-MA";"DEL01-MA";"UOP01-DEL01-MA"
500225;2023-01-20;"sexta-feira";"08:00:00";"SC";480;127,2;"CHAPECO";"Mal súbito do condutor";"Saída de leito carroçável";"Sem Vítimas";"Pleno dia";"Decrescente";"Céu Claro";"Simples";"Reta";"Não";2;0;0;0;1;1;0;2;-27,02885905;-52,63380035;"SPRF-SC";"DEL07-SC";"UOP01-DEL07-SC"
500227;2023-01-20;"sexta-feira";"04:30:00";"PE";232;254,7;"ARCOVERDE";"Demais falhas mecânicas ou elétricas";"Eventos atípicos";"Sem Vítimas";"Amanhecer";"Decrescente";"Nublado";"Simples";"Reta;Aclive";"Sim";2;0;0;0;1;3;0;4;-8,41875994;-37,07859892;"SPRF-PE";"DEL04-PE";"UOP02-DEL04-PE"
500229;2023-01-20;"sexta-feira";"10:20:00";"PR";277;473,7;"NOVA LARANJEIRAS";"Velocidade Incompatível";"Tombamento";"Com Vítimas Fatais";"Pleno dia";"Decrescente";"Céu Claro";"Simples";"Curva;Declive";"Não";2;1;0;0;0;2;0;3;-25,30497324;-52,55909642;"SPRF-PR";"DEL04-PR";"UOP02-DEL04-PR"
500233;2023-01-20;"sexta-feira";"10:40:00";"CE";116;3;"FORTALEZA";"Velocidade Incompatível";"Engavetamento";"Com Vítimas Feridas";"Pleno dia";"Crescente";"Chuva";"Múltipla";"Reta";"Sim";3;0;1;0;2;0;1;3;-3,77866493;-38,51490171;"SPRF-CE";"DEL01-CE";"UOP02-DEL01-CE"
500242;2023-01-20;"sexta-feira";"09:15:00";"SC";282;62;"RANCHO QUEIMADO";"Transitar na contramão";"Saída de leito carroçável";"Sem Vítimas";"Pleno dia";"Decrescente";"Céu Claro";"Simples";"Reta;Declive";"Não";4;0;0;0;2;2;0;3;-27,688046;-49,037033;"SPRF-SC";"DEL01-SC";"UOP03-DEL01-SC"
500244;2023-01-20;"sexta-feira";"07:50:00";"SC";116;86,8;"MONTE CASTELO";"Transitar na contramão";"Colisão lateral sentido oposto";"Com Vítimas Feridas";"Pleno dia";"Decrescente";"Nublado";"Simples";"Curva";"Não";5;0;0;1;3;2;1;5;-26,60977491;-50,22937022;"SPRF-SC";"DEL06-SC";"UOP02-DEL06-SC"
500250;2023-01-08;"domingo";"16:30:00";"RS";293;259;"DOM PEDRITO";"Manobra de mudança de faixa";"Colisão lateral sentido oposto";"Com Vítimas Fatais";"Pleno dia";"Crescente";"Céu Claro";"Simples";"Reta";"Não";3;1;0;0;1;2;0;4;-30,9353215;-54,74517219;"SPRF-RS";"DEL11-RS";"UOP01-DEL11-RS"
500254;2023-01-20;"sexta-feira";"10:15:00";"SC";101;312;"LAGUNA";"Reação tardia ou ineficiente do condutor";"Colisão traseira";"Com Vítimas Feridas";"Pleno dia";"Crescente";"Sol";"Dupla";"Reta;Em Obras;Declive";"Não";4;0;0;1;3;0;1;4;-28,433701;-48,806344;"SPRF-SC";"DEL02-SC";"UOP01-DEL02-SC"
500261;2023-01-20;"sexta-feira";"14:25:00";"PE";232;12,1;"RECIFE";"Ausência de reação do condutor";"Colisão traseira";"Com Vítimas Feridas";"Pleno dia";"Decrescente";"Céu Claro";"Dupla";"Reta";"Sim";3;0;1;0;1;1;1;3;-8,08577691;-35,00345603;"SPRF-PE";"DEL01-PE";"UOP01-DEL01-PE"
500272;2023-01-20;"sexta-feira";"13:45:00";"MG";381;710,2;"CARMO DA CACHOEIRA";"Chuva";"Colisão com objeto";"Com Vítimas Feridas";"Pleno dia";"Crescente";"Chuva";"Dupla";"Curva";"Não";2;0;1;0;1;0;1;1;-21,38614615;-45,1948603;"SPRF-MG";"DEL04-MG";"UOP02-DEL04-MG"
500273;2023-01-20;"sexta-feira";"15:00:00";"SC";280;44,5;"GUARAMIRIM";"Reação tardia ou ineficiente do condutor";"Saída de leito carroçável";"Com Vítimas Feridas";"Pleno dia";"Crescente";"Sol";"Simples";"Reta";"Não";2;0;1;0;0;1;1;2;-26,45228544;-48,8951683;"SPRF-SC";"DEL03-SC";"UOP03-DEL03-SC"
500274;2023-01-17;"terça-feira";"10:00:00";"BA";242;357;"LENCOIS";"Reação tardia ou ineficiente do condutor";"Colisão traseira";"Sem Vítimas";"Pleno dia";"Decrescente";"Nublado";"Simples";"Reta";"Não";13;0;0;0;12;3;0;8;-12,47066702;-41,36624402;"SPRF-BA";"DEL08-BA";"UOP04-DEL08-BA"
500275;2023-01-20;"sexta-feira";"11:50:00";"SC";101;112;"NAVEGANTES";"Condutor deixou de manter distância do veículo da frente";"Colisão traseira";"Com Vítimas Feridas";"Pleno dia";"Crescente";"Céu Claro";"Dupla";"Aclive;Reta;Ponte";"Não";4;0;1;0;2;2;1;4;-26,84356253;-48,71857166;"SPRF-SC";"DEL04-SC";"UOP04-DEL04-SC"
500277;2023-01-20;"sexta-feira";"12:00:00";"SC";470;2;"NAVEGANTES";"Ultrapassagem Indevida";"Colisão lateral mesmo sentido";"Com Vítimas Feridas";"Pleno dia";"Crescente";"Céu Claro";"Múltipla";"Reta;Interseção de Vias;Em Obras";"Sim";3;0;1;0;1;1;1;3;-26,868551;-48,674831;"SPRF-SC";"DEL04-SC";"UOP04-DEL04-SC"
500278;2023-01-20;"sexta-feira";"14:30:00";"SC";470;12;"NAVEGANTES";"Condutor deixou de manter distância do veículo da frente";"Colisão traseira";"Com Vítimas Feridas";"Pleno dia";"Decrescente";"Céu Claro";"Dupla";"Reta";"Não";3;0;1;0;1;1;1;3;-26,835169;-48,757267;"SPRF-SC";"DEL04-SC";"UOP04-DEL04-SC"
500282;2023-01-20;"sexta-feira";"16:30:00";"GO";153;631,2;"MORRINHOS";"Condutor Dormindo";"Saída de leito carroçável";"Com Vítimas Feridas";"Pleno dia";"Crescente";"Céu Claro";"Dupla";"Reta";"Não";3;0;1;1;0;1;2;2;-17,7942;-49,2016;"SPRF-GO";"DEL03-GO";"UOP01-DEL03-GO"
500285;2023-01-20;"sexta-feira";"15:55:00";"MA";135;7,4;"SAO LUIS";"Reação tardia ou ineficiente do condutor";"Colisão traseira";"Sem Vítimas";"Pleno dia";"Decrescente";"Céu Claro";"Dupla";"Retorno Regulamentado";"Sim";2;0;0;0;2;0;0;2;-2,63608835;-44,26848552;"SPRF-MA";"DEL01-MA";"UOP01-DEL01-MA"
500286;2023-01-20;"sexta-feira";"16:40:00";"MG";50;27,6;"ARAGUARI";"Velocidade Incompatível";"Tombamento";"Com Vítimas Feridas";"Pleno dia";"Crescente";"Nublado";"Dupla";"Reta;Aclive";"Não";2;0;0;1;0;1;1;2;-18,61943321;-48,09375199;"SPRF-MG";"DEL15-MG";"UOP02-DEL15-MG"
500289;2023-01-20;"sexta-feira";"16:50:00";"SC";101;202;"SAO JOSE";"Ausência de reação do condutor";"Engavetamento";"Com Vítimas Feridas";"Pleno dia";"Crescente";"Céu Claro";"Múltipla";"Reta";"Sim";9;0;4;0;4;2;4;7;-27,55711595;-48,61897889;"SPRF-SC";"DEL01-SC";"UOP01-DEL01-SC"
500295;2023-01-20;"sexta-feira";"15:40:00";"MT";70;521,6;"VARZEA GRANDE";"Reação tardia ou ineficiente do condutor";"Colisão traseira";"Com Vítimas Fatais";"Pleno dia";"Decrescente";"Céu Claro";"Simples";"Reta";"Sim";2;1;0;0;1;0;0;2;-15,66793061;-56,18183266;"SPRF-MT";"DEL01-MT";"UOP02-DEL01-MT"
500303;2023-01-20;"sexta-feira";"16:50:00";"RS";101;9,7;"TORRES";"Acessar a via sem observar a presença dos outros veículos";"Colisão traseira";"Com Vítimas Feridas";"Pleno dia";"Crescente";"Céu Claro";"Dupla";"Reta";"Não";4;0;1;0;2;2;1;4;-29,36685801;-49,81514399;"SPRF-RS";"DEL03-RS";"UOP02-DEL03-RS"
500310;2023-01-20;"sexta-feira";"17:29:00";"ES";101;295;"CARIACICA";"Condutor deixou de manter distância do veículo da frente";"Colisão traseira";"Com Vítimas Feridas";"Anoitecer";"Decrescente";"Chuva";"Dupla";"Reta;Declive";"Sim";4;0;2;0;2;0;2;3;-20,33223667;-40,40004683;"SPRF-ES";"DEL01-ES";"UOP01-DEL01-ES"
500317;2023-01-20;"sexta-feira";"17:00:00";"MT";70;282;"PRIMAVERA DO LESTE";"Acessar a via sem observar a presença dos outros veículos";"Colisão transversal";"Com Vítimas Feridas";"Pleno dia";"Crescente";"Céu Claro";"Simples";"Reta";"Sim";4;0;1;0;2;3;1;6;-15,57124297;-54,31324402;"SPRF-MT";"DEL05-MT";"UOP01-DEL05-MT"
500321;2023-01-22;"domingo";"13:20:00";"CE";304;50,3;"ARACATI";"Ingestão de álcool pelo condutor";"Colisão transversal";"Com Vítimas Feridas";"Pleno dia";"Decrescente";"Céu Claro";"Dupla";"Reta;Interseção de Vias";"Sim";3;0;1;0;2;0;1;2;-4,57352926;-37,76245988;"SPRF-CE";"DEL03-CE";"UOP03-DEL03-CE"
500324;2023-01-22;"domingo";"09:30:00";"BA";242;822;"BARREIRAS";"Reação tardia ou ineficiente do condutor";"Tombamento";"Sem Vítimas";"Pleno dia";"Decrescente";"Garoa/Chuvisco";"Simples";"Reta";"Sim";2;0;0;0;1;2;0;3;-12,11990727;-45,04979699;"SPRF-BA";"DEL10-BA";"UOP01-DEL10-BA"
500332;2023-01-22;"domingo";"21:30:00";"PR";153;76;"CONSELHEIRO MAIRINCK";"Ausência de reação do condutor";"Saída de leito carroçável";"Com Vítimas Fatais";"Plena Noite";"Decrescente";"Nublado";"Simples";"Curva";"Não";1;1;0;0;0;0;0;1;-23,568391;-50,143047;"SPRF-PR";"DEL07-PR";"UOP04-DEL07-PR"
500339;2023-01-22;"domingo";"12:35:00";"PB";230;485;"SAO JOAO DO RIO DO PEIXE";"Condutor Dormindo";"Capotamento";"Com Vítimas Feridas";"Pleno dia";"Crescente";"Céu Claro";"Simples";"Declive;Reta";"Não";1;0;1;0;0;0;1;1;-6,8631;-38,3794;"SPRF-PB";"DEL03-PB";"UOP03-DEL03-PB"
500340;2023-01-22;"domingo";"20:00:00";"BA";324;366;"TANQUINHO";"Ausência de reação do condutor";"Colisão frontal";"Com Vítimas Feridas";"Plena Noite";"Crescente";"Céu Claro";"Simples";"Reta";"Não";5;0;0;1;4;0;1;2;-11,96142858;-39,16197713;"SPRF-BA";"DEL04-BA";"UOP02-DEL04-BA"
500342;2023-01-22;"domingo";"17:45:00";"SC";153;67,6;"IRANI";"Ingestão de álcool pelo condutor";"Saída de leito carroçável";"Sem Vítimas";"Pleno dia";"Crescente";"Céu Claro";"Simples";"Reta";"Não";2;0;0;0;2;0;0;1;-27,036904;-51,880014;"SPRF-SC";"DEL07-SC";"UOP04-DEL07-SC"
500357;2023-01-22;"domingo";"08:31:00";"RO";364;237,9;"CACOAL";"Acessar a via sem observar a presença dos outros veículos";"Colisão lateral mesmo sentido";"Com Vítimas Feridas";"Pleno dia";"Crescente";"Céu Claro";"Simples";"Reta;Interseção de Vias";"Sim";4;0;0;2;2;0;2;3;-11,44341056;-61,44672787;"SPRF-RO";"DEL02-RO";"UOP02-DEL02-RO"
500362;2023-01-23;"segunda-feira";"05:50:00";"MG";381;484,3;"BETIM";"Ausência de reação do condutor";"Colisão lateral mesmo sentido";"Com Vítimas Feridas";"Pleno dia";"Crescente";"Garoa/Chuvisco";"Dupla";"Reta";"Sim";3;0;1;0;1;1;1;3;-19,95594491;-44,10721699;"SPRF-MG";"DEL01-MG";"UOP03-DEL01-MG"
500366;2023-01-22;"domingo";"20:00:00";"MT";364;270,4;"JACIARA";"Reação tardia ou ineficiente do condutor";"Derramamento de carga";"Sem Vítimas";"Plena Noite";"Decrescente";"Nublado";"Dupla";"Reta";"Não";2;0;0;0;1;2;0;3;-15,9689785;-54,94463002;"SPRF-MT";"DEL05-MT";"UOP02-DEL05-MT"
500372;2023-01-20;"sexta-feira";"23:40:00";"ES";101;156;"LINHARES";"Reação tardia ou ineficiente do condutor";"Colisão traseira";"Sem Vítimas";"Plena Noite";"Crescente";"Chuva";"Simples";"Reta";"Não";2;0;0;0;2;0;0;2;-19,44596035;-40,09435048;"SPRF-ES";"DEL04-ES";"UOP01-DEL04-ES"
500373;2023-01-22;"domingo";"18:55:00";"MG";262;145;"RIO CASCA";"Demais falhas mecânicas ou elétricas";"Incêndio";"Sem Vítimas";"Plena Noite";"Decrescente";"Nublado";"Simples";"Reta";"Não";2;0;0;0;1;1;0;2;-20,03578173;-42,73569975;"SPRF-MG";"DEL03-MG";"UOP03-DEL03-MG"
500381;2023-01-22;"domingo";"14:00:00";"MG";116;781,7;"LEOPOLDINA";"Curva acentuada";"Tombamento";"Com Vítimas Feridas";"Pleno dia";"Decrescente";"Nublado";"Simples";"Curva;Declive";"Não";2;0;1;0;0;2;1;3;-21,6267797;-42,69994324;"SPRF-MG";"DEL07-MG";"UOP01-DEL07-MG"
500383;2023-01-23;"segunda-feira";"08:20:00";"ES";101;260;"SERRA";"Reação tardia ou ineficiente do condutor";"Colisão frontal";"Com Vítimas Fatais";"Pleno dia";"Crescente";"Céu Claro";"Dupla";"Curva";"Sim";4;1;0;0;3;0;0;4;-20,14616415;-40,28836206;"SPRF-ES";"DEL02-ES";"UOP01-DEL02-ES"
500391;2023-01-23;"segunda-feira";"08:25:00";"RN";304;52;"MOSSORO";"Reação tardia ou ineficiente do condutor";"Colisão lateral sentido oposto";"Com Vítimas Feridas";"Pleno dia";"Decrescente";"Céu Claro";"Simples";"Reta";"Não";3;0;1;0;1;3;1;5;-5,26016181;-37,30441867;"SPRF-RN";"DEL04-RN";"UOP01-DEL04-RN"
500393;2023-01-22;"domingo";"11:10:00";"MG";116;783;"LEOPOLDINA";"Velocidade Incompatível";"Tombamento";"Sem Vítimas";"Pleno dia";"Decrescente";"Sol";"Simples";"Curva;Declive";"Não";2;0;0;0;1;1;0;2;-21,63453389;-42,69665944;"SPRF-MG";"DEL07-MG";"UOP01-DEL07-MG"
500403;2023-01-23;"segunda-feira";"08:15:00";"SC";101;117;"ITAJAI";"Mal súbito do condutor";"Saída de leito carroçável";"Com Vítimas Feridas";"Pleno dia";"Decrescente";"Céu Claro";"Dupla";"Reta";"Sim";1;0;1;0;0;0;1;1;-26,88747187;-48,72252969;"SPRF-SC";"DEL04-SC";"UOP04-DEL04-SC"