"id";"data_inversa";"dia_semana";"horario";"uf";"br";"km";"municipio";"causa_acidente";"tipo_acidente";"classificacao_acidente";"fase_dia";"sentido_via";"condicao_metereologica";"tipo_pista";"tracado_via";"uso_solo";"pessoas";"mortos";"feridos_leves";"feridos_graves";"ilesos";"ignorados";"feridos";"veiculos";"latitude";"longitude";"regional";"delegacia";"uop"
500742;2023-01-20;"sexta-feira";"19:45:00";"SC";282;207,5;"LAGES";"Transitar na contramão";"Colisão frontal";"Com Vítimas Fatais";"Plena Noite";"Crescente";"Céu Claro";"Simples";"Reta;Aclive";"Sim";3;1;1;0;1;0;1;3;-27,77415538;-50,20515919;"SPRF-SC";"DEL05-SC";"UOP01-DEL05-SC"
500756;2023-01-21;"sábado";"04:25:00";"SC";101;88;"BARRA VELHA";"Pedestre cruzava a pista fora da faixa";"Atropelamento de Pedestre";"Com Vítimas Feridas";"Amanhecer";"Decrescente";"Céu Claro";"Dupla";"Reta;Viaduto;Declive";"Sim";3;0;1;0;1;1;1;3;-26,65344224;-48,68728638;"SPRF-SC";"DEL03-SC";"UOP02-DEL03-SC"
500761;2023-01-24;"terça-feira";"09:40:00";"PR";277;0,5;"PARANAGUA";"Condutor deixou de manter distância do veículo da frente";"Colisão traseira";"Com Vítimas Feridas";"Pleno dia";"Crescente";"Céu Claro";"Dupla";"Reta";"Sim";3;0;1;1;1;0;2;2;-25,568198;-48,615292;"SPRF-PR";"DEL01-PR";"UOP05-DEL01-PR"
500767;2023-01-22;"domingo";"01:00:00";"MT";70;518;"VARZEA GRANDE";"Chuva";"Colisão frontal";"Sem Vítimas";"Plena Noite";"Crescente";"Chuva";"Simples";"Reta";"Sim";3;0;0;0;2;2;0;4;-15,691133;-56,169357;"SPRF-MT";"DEL01-MT";"UOP02-DEL01-MT"
500773;2023-01-20;"sexta-feira";"22:30:00";"PR";277;666,3;"MEDIANEIRA";"Ausência de reação do condutor";"Colisão traseira";"Com Vítimas Feridas";"Plena Noite";"Crescente";"Céu Claro";"Dupla";"Reta";"Não";3;0;0;1;1;1;1;3;-25,26086511;-54,04611894;"SPRF-PR";"DEL05-PR";"UOP02-DEL05-PR"
500778;2023-01-24;"terça-feira";"11:19:00";"ES";101;357;"ANCHIETA";"Reação tardia ou ineficiente do condutor";"Colisão lateral mesmo sentido";"Com Vítimas Feridas";"Pleno dia";"Crescente";"Chuva";"Múltipla";"Curva";"Não";4;0;2;0;1;1;2;3;-20,68939658;-40,69515524;"SPRF-ES";"DEL03-ES";"UOP01-DEL03-ES"
500781;2023-01-24;"terça-feira";"10:40:00";"AL";316;243;"ATALAIA";"Falta de acostamento";"Saída de leito carroçável";"Com Vítimas Feridas";"Pleno dia";"Crescente";"Céu Claro";"Simples";"Aclive";"Não";2;0;1;0;0;1;1;2;-9,50948818;-36,01302293;"SPRF-AL";"DEL01-AL";"UOP01-DEL01-AL"
500801;2023-01-24;"terça-feira";"08:20:00";"MG";381;932,6;"EXTREMA";"Velocidade Incompatível";"Tombamento";"Com Vítimas Feridas";"Pleno dia";"Crescente";"Nublado";"Dupla";"Curva;Declive";"Não";2;0;0;1;0;1;1;2;-22,81198015;-46,28431295;"SPRF-MG";"DEL16-MG";"UOP03-DEL16-MG"
500817;2023-01-24;"terça-feira";"10:40:00";"GO";364;269;"MINEIROS";"Ultrapassagem Indevida";"Saída de leito carroçável";"Com Vítimas Feridas";"Pleno dia";"Decrescente";"Céu Claro";"Simples";"Reta";"Não";4;0;1;0;2;2;1;5;-17,668106;-52,302914;"SPRF-GO";"DEL05-GO";"UOP01-DEL05-GO"
500823;2023-01-24;"terça-feira";"14:30:00";"PR";277;123;"CAMPO LARGO";"Manobra de mudança de faixa";"Colisão traseira";"Com Vítimas Feridas";"Pleno dia";"Decrescente";"Céu Claro";"Dupla";"Curva";"Não";2;0;1;0;1;0;1;2;-25,44558428;-49,46924586;"SPRF-PR";"DEL03-PR";"UOP03-DEL03-PR"
500827;2023-01-24;"terça-feira";"14:55:00";"SC";101;111;"NAVEGANTES";"Reação tardia ou ineficiente do condutor";"Tombamento";"Com Vítimas Feridas";"Pleno dia";"Decrescente";"Céu Claro";"Simples";"Curva";"Não";2;0;1;0;0;1;1;2;-26,83955734;-48,71418074;"SPRF-SC";"DEL04-SC";"UOP04-DEL04-SC"
500831;2023-01-24;"terça-feira";"15:00:00";"SP";116;318;"JUQUITIBA";"Demais falhas mecânicas ou elétricas";"Incêndio";"Sem Vítimas";"Pleno dia";"Decrescente";"Nublado";"Dupla";"Curva";"Não";2;0;0;0;1;1;0;2;-23,92536222;-46,99376156;"SPRF-SP";"DEL04-SP";"UOP03-DEL04-SP"
500832;2023-01-22;"domingo";"05:10:00";"BA";101;771;"PORTO SEGURO";"Reação tardia ou ineficiente do condutor";"Saída de leito carroçável";"Com Vítimas Feridas";"Amanhecer";"Crescente";"Nublado";"Simples";"Curva;Declive";"Não";1;0;1;0;0;0;1;1;-16,91561807;-39,52897099;"SPRF-BA";"DEL09-BA";"UOP01-DEL09-BA"
500836;2023-01-24;"terça-feira";"14:50:00";"RS";116;244;"SAO LEOPOLDO";"Acessar a via sem observar a presença dos outros veículos";"Colisão transversal";"Com Vítimas Feridas";"Pleno dia";"Crescente";"Céu Claro";"Dupla";"Reta";"Sim";5;0;0;1;1;3;1;4;-29,74088003;-51,15039566;"SPRF-RS";"DEL01-RS";"UOP02-DEL01-RS"
500839;2023-01-20;"sexta-feira";"19:00:00";"MA";10;178,2;"CAMPESTRE DO MARANHAO";"Ausência de reação do condutor";"Colisão traseira";"Com Vítimas Fatais";"Plena Noite";"Decrescente";"Céu Claro";"Simples";"Reta";"Sim";6;1;3;0;1;2;3;4;-6,158751;-47,367653;"SPRF-MA";"DEL04-MA";"UOP02-DEL04-MA"
500840;2023-01-24;"terça-feira";"14:20:00";"MS";163;485;"CAMPO GRANDE";"Condutor desrespeitou a iluminação vermelha do semáforo";"Colisão transversal";"Com Vítimas Feridas";"Pleno dia";"Crescente";"Céu Claro";"Simples";"Reta;Interseção de Vias";"Sim";2;0;1;0;1;0;1;2;-20,44233707;-54,54201834;"SPRF-MS";"DEL01-MS";"UOP02-DEL01-MS"
500842;2023-01-24;"terça-feira";"15:00:00";"BA";324;606,9;"SIMOES FILHO";"Reação tardia ou ineficiente do condutor";"Colisão traseira";"Com Vítimas Feridas";"Pleno dia";"Crescente";"Céu Claro";"Dupla";"Reta";"Não";3;0;1;0;2;0;1;2;-12,80271203;-38,40391318;"SPRF-BA";"DEL01-BA";"UOP01-DEL01-BA"
500850;2023-01-22;"domingo";"18:00:00";"PA";163;295;"NOVO PROGRESSO";"Velocidade Incompatível";"Colisão com objeto";"Com Vítimas Feridas";"Plena Noite";"Crescente";"Ignorado";"Simples";"Reta";"Não";3;0;1;0;1;3;1;5;-7,17762002;-55,36468489;"SPRF-PA";"DEL05-PA";"UOP01-DEL05-PA"
500854;2023-01-19;"quinta-feira";"21:00:00";"ES";101;365,8;"ANCHIETA";"Condutor Dormindo";"Saída de leito carroçável";"Sem Vítimas";"Plena Noite";"Crescente";"Ignorado";"Simples";"Curva";"Não";2;0;0;0;1;1;0;2;-20,73397538;-40,7507118;"SPRF-ES";"DEL03-ES";"UOP01-DEL03-ES"
500857;2023-01-24;"terça-feira";"13:30:00";"PR";153;201;"TIBAGI";"Velocidade Incompatível";"Colisão lateral mesmo sentido";"Com Vítimas Feridas";"Pleno dia";"Decrescente";"Sol";"Simples";"Reta;Ponte";"Não";7;0;3;0;3;3;3;5;-24,47979436;-50,44374704;"SPRF-PR";"DEL03-PR";"UOP02-DEL03-PR"
500863;2023-01-24;"terça-feira";"11:45:00";"AL";101;32,9;"JOAQUIM GOMES";"Problema com o freio";"Colisão lateral mesmo sentido";"Com Vítimas Feridas";"Pleno dia";"Decrescente";"Céu Claro";"Dupla";"Reta";"Não";3;0;1;0;1;2;1;4;-9,09902301;-35,75540297;"SPRF-AL";"DEL01-AL";"UOP02-DEL01-AL"
500865;2023-01-24;"terça-feira";"18:00:00";"RS";158;324;"SANTA MARIA";"Manobra de mudança de faixa";"Colisão lateral mesmo sentido";"Sem Vítimas";"Pleno dia";"Decrescente";"Céu Claro";"Dupla";"Reta";"Sim";4;0;0;0;3;1;0;3;-29,69762558;-53,78846438;"SPRF-RS";"DEL09-RS";"UOP01-DEL09-RS"
500869;2023-01-24;"terça-feira";"17:20:00";"BA";242;826;"BARREIRAS";"Demais falhas mecânicas ou elétricas";"Colisão com objeto";"Com Vítimas Feridas";"Anoitecer";"Decrescente";"Céu Claro";"Simples";"Reta";"Não";3;0;1;0;1;2;1;4;-12,11629731;-45,08509185;"SPRF-BA";"DEL10-BA";"UOP01-DEL10-BA"
500871;2023-01-24;"terça-feira";"17:45:00";"RJ";101;326;"NITEROI";"Manobra de mudança de faixa";"Colisão lateral mesmo sentido";"Sem Vítimas";"Anoitecer";"Crescente";"Nublado";"Dupla";"Reta";"Sim";3;0;0;0;2;1;0;3;-22,87206203;-43,146105;"SPRF-RJ";"DEL02-RJ";"UOP01-DEL02-RJ"
500872;2023-01-24;"terça-feira";"17:15:00";"RS";386;304,7;"POUSO NOVO";"Demais falhas mecânicas ou elétricas";"Incêndio";"Sem Vítimas";"Pleno dia";"Decrescente";"Céu Claro";"Simples";"Curva;Aclive";"Não";2;0;0;0;1;1;0;2;-29,186541;-52,18951;"SPRF-RS";"DEL04-RS";"UOP01-DEL04-RS"
500876;2023-01-24;"terça-feira";"18:50:00";"BA";116;782,2;"PLANALTO";"Velocidade Incompatível";"Tombamento";"Com Vítimas Fatais";"Plena Noite";"Decrescente";"Céu Claro";"Simples";"Aclive;Reta";"Não";2;1;0;0;0;1;0;2;-14,680267;-40,520978;"SPRF-BA";"DEL08-BA";"UOP02-DEL08-BA"
500878;2023-01-24;"terça-feira";"07:45:00";"RO";364;398;"OURO PRETO DO OESTE";"Demais falhas mecânicas ou elétricas";"Tombamento";"Sem Vítimas";"Pleno dia";"Crescente";"Garoa/Chuvisco";"Simples";"Reta;Declive";"Não";3;0;0;0;2;4;0;6;-10,61764701;-62,33150501;"SPRF-RO";"DEL03-RO";"UOP02-DEL03-RO"
500880;2023-01-24;"terça-feira";"19:30:00";"ES";101;294,7;"CARIACICA";"Demais falhas mecânicas ou elétricas";"Colisão traseira";"Com Vítimas Feridas";"Plena Noite";"Crescente";"Chuva";"Dupla";"Declive;Reta";"Sim";3;0;1;0;2;0;1;2;-20,33223667;-40,40004683;"SPRF-ES";"DEL01-ES";"UOP01-DEL01-ES"
500881;2023-01-24;"terça-feira";"18:25:00";"RS";470;232;"CARLOS BARBOSA";"Ausência de reação do condutor";"Saída de leito carroçável";"Com Vítimas Feridas";"Pleno dia";"Decrescente";"Céu Claro";"Dupla";"Aclive;Reta";"Não";2;0;1;0;0;1;1;2;-29,29271503;-51,48510933;"SPRF-RS";"DEL06-RS";"UOP01-DEL06-RS"
500886;2023-01-24;"terça-feira";"17:30:00";"MS";163;612;"SAO GABRIEL DO OESTE";"Reação tardia ou ineficiente do condutor";"Colisão traseira";"Com Vítimas Feridas";"Pleno dia";"Crescente";"Céu Claro";"Simples";"Reta";"Não";2;0;1;0;1;0;1;2;-19,42060818;-54,54960119;"SPRF-MS";"DEL06-MS";"UOP02-DEL06-MS"
500889;2023-01-24;"terça-feira";"18:40:00";"SP";381;88,1;"GUARULHOS";"Condutor deixou de manter distância do veículo da frente";"Colisão traseira";"Com Vítimas Feridas";"Anoitecer";"Crescente";"Céu Claro";"Múltipla";"Reta";"Sim";7;0;1;0;1;9;1;8;-23,479546;-46,560138;"SPRF-SP";"DEL03-SP";"UOP01-DEL03-SP"
500895;2023-01-24;"terça-feira";"17:00:00";"MG";365;517,2;"MONTE CARMELO";"Pista Escorregadia";"Saída de leito carroçável";"Com Vítimas Feridas";"Anoitecer";"Crescente";"Chuva";"Simples";"Reta";"Não";2;0;1;0;0;1;1;2;-18,91496818;-47,377739;"SPRF-MG";"DEL10-MG";"UOP01-DEL10-MG"
500900;2023-01-24;"terça-feira";"16:15:00";"BA";242;414;"SEABRA";"Problema com o freio";"Saída de leito carroçável";"Sem Vítimas";"Pleno dia";"Decrescente";"Céu Claro";"Simples";"Reta";"Sim";2;0;0;0;1;1;0;2;-12,427427;-41,77020288;"SPRF-BA";"DEL06-BA";"UOP01-DEL06-BA"
500904;2023-01-21;"sábado";"12:00:00";"SP";116;555;"BARRA DO TURVO";"Ingestão de álcool pelo condutor";"Tombamento";"Com Vítimas Feridas";"Pleno dia";"Crescente";"Céu Claro";"Múltipla";"Curva";"Não";2;0;1;0;0;1;1;2;-24,97447301;-48,504597;"SPRF-SP";"DEL05-SP";"UOP02-DEL05-SP"
500906;2023-01-24;"terça-feira";"22:00:00";"CE";222;200;"FORQUILHA";"Transitar na contramão";"Colisão frontal";"Com Vítimas Fatais";"Plena Noite";"Decrescente";"Céu Claro";"Simples";"Curva";"Não";3;1;0;0;1;1;0;3;-3,80547002;-40,19978001;"SPRF-CE";"DEL04-CE";"UOP01-DEL04-CE"
500913;2023-01-24;"terça-feira";"15:30:00";"PA";155;219;"ELDORADO DO CARAJAS";"Reação tardia ou ineficiente do condutor";"Colisão traseira";"Com Vítimas Feridas";"Pleno dia";"Crescente";"Ignorado";"Simples";"Reta";"Não";3;0;1;0;0;2;1;3;-6,36038898;-49,39952606;"SPRF-PA";"DEL03-PA";"UOP01-DEL03-PA"
500914;2023-01-22;"domingo";"11:37:00";"BA";242;489;"OLIVEIRA DOS BREJINHOS";"Chuva";"Tombamento";"Sem Vítimas";"Pleno dia";"Crescente";"Garoa/Chuvisco";"Múltipla";"Curva;Declive";"Não";2;0;0;0;1;1;0;2;-12,41360616;-42,36805991;"SPRF-BA";"DEL06-BA";"UOP01-DEL06-BA"
500918;2023-01-25;"quarta-feira";"01:45:00";"PR";277;0;"PARANAGUA";"Reação tardia ou ineficiente do condutor";"Colisão traseira";"Com Vítimas Feridas";"Plena Noite";"Crescente";"Céu Claro";"Dupla";"Reta";"Sim";3;0;0;1;1;1;1;3;-25,568198;-48,615292;"SPRF-PR";"DEL01-PR";"UOP05-DEL01-PR"
500919;2023-01-22;"domingo";"09:10:00";"BA";242;497;"OLIVEIRA DOS BREJINHOS";"Chuva";"Colisão transversal";"Com Vítimas Feridas";"Pleno dia";"Decrescente";"Chuva";"Simples";"Reta";"Não";3;0;1;0;1;1;1;3;-12,37707239;-42,42469314;"SPRF-BA";"DEL06-BA";"UOP01-DEL06-BA"
500923;2023-01-25;"quarta-feira";"02:20:00";"RS";287;280;"SAO PEDRO DO SUL";"Ausência de reação do condutor";"Colisão traseira";"Com Vítimas Feridas";"Plena Noite";"Crescente";"Céu Claro";"Simples";"Reta;Aclive";"Não";2;0;1;0;1;0;1;2;-29,6410317;-54,17002483;"SPRF-RS";"DEL09-RS";"UOP01-DEL09-RS"
500927;2023-01-25;"quarta-feira";"04:45:00";"PR";376;502;"PONTA GROSSA";"Condutor Dormindo";"Saída de leito carroçável";"Com Vítimas Feridas";"Amanhecer";"Decrescente";"Céu Claro";"Dupla";"Reta;Declive";"Não";4;0;1;1;1;2;2;4;-25,16949285;-50,11080444;"SPRF-PR";"DEL03-PR";"UOP04-DEL03-PR"
500932;2023-01-25;"quarta-feira";"05:20:00";"ES";101;219;"IBIRACU";"Acumulo de água sobre o pavimento";"Colisão frontal";"Com Vítimas Feridas";"Pleno dia";"Crescente";"Chuva";"Dupla";"Curva";"Não";3;0;1;0;2;0;1;2;-19,86460092;-40,38336629;"SPRF-ES";"DEL02-ES";"UOP01-DEL02-ES"
500933;2023-01-25;"quarta-feira";"05:50:00";"SC";101;207;"SAO JOSE";"Reação tardia ou ineficiente do condutor";"Atropelamento de Pedestre";"Com Vítimas Feridas";"Pleno dia";"Decrescente";"Céu Claro";"Múltipla";"Reta;Declive";"Sim";2;0;0;2;0;0;2;2;-27,60001226;-48,6226467;"SPRF-SC";"DEL01-SC";"UOP01-DEL01-SC"
500937;2023-01-21;"sábado";"22:40:00";"RJ";101;436,3;"MANGARATIBA";"Animais na Pista";"Eventos atípicos";"Com Vítimas Feridas";"Plena Noite";"Decrescente";"Nublado";"Simples";"Reta;Aclive";"Não";2;0;1;0;0;1;1;2;-22,94335387;-44,06046308;"SPRF-RJ";"DEL03-RJ";"UOP02-DEL03-RJ"
500941;2023-01-12;"quinta-feira";"13:40:00";"MG";116;740;"LARANJAL";"Ultrapassagem Indevida";"Colisão frontal";"Com Vítimas Fatais";"Pleno dia";"Crescente";"Céu Claro";"Simples";"Ponte;Reta";"Não";3;1;0;0;1;1;0;3;-21,39205;-42,489685;"SPRF-MG";"DEL07-MG";"UOP01-DEL07-MG"
500944;2023-01-20;"sexta-feira";"14:15:00";"AL";316;222;"VICOSA";"Ausência de reação do condutor";"Colisão frontal";"Com Vítimas Feridas";"Pleno dia";"Crescente";"Chuva";"Simples";"Curva";"Não";2;0;1;0;1;0;1;2;-9,46720107;-36,17810726;"SPRF-AL";"DEL01-AL";"UOP01-DEL01-AL"
500953;2023-01-25;"quarta-feira";"07:00:00";"MG";146;399,5;"GUAXUPE";"Velocidade Incompatível";"Colisão traseira";"Com Vítimas Feridas";"Pleno dia";"Decrescente";"Céu Claro";"Simples";"Reta;Declive;Rotatória";"Não";3;0;2;0;1;0;2;2;-21,29793127;-46,67412758;"SPRF-MG";"DEL09-MG";"UOP01-DEL09-MG"
500956;2023-01-21;"sábado";"10:11:00";"MG";365;569;"INDIANOPOLIS";"Pista esburacada";"Colisão lateral sentido oposto";"Com Vítimas Feridas";"Pleno dia";"Decrescente";"Céu Claro";"Simples";"Curva";"Não";3;0;1;0;1;3;1;5;-18,91312283;-47,86289793;"SPRF-MG";"DEL15-MG";"UOP02-DEL15-MG"
500959;2023-01-21;"sábado";"14:30:00";"MT";364;257;"JACIARA";"Ultrapassagem Indevida";"Colisão lateral mesmo sentido";"Sem Vítimas";"Pleno dia";"Crescente";"Nublado";"Dupla";"Reta;Aclive";"Não";2;0;0;0;2;0;0;2;-16,06464917;-54,8799054;"SPRF-MT";"DEL02-MT";"UOP01-DEL02-MT"
500961;2023-01-21;"sábado";"13:40:00";"SC";282;633,3;"DESCANSO";"Velocidade Incompatível";"Saída de leito carroçável";"Com Vítimas Feridas";"Pleno dia";"Decrescente";"Céu Claro";"Simples";"Curva;Declive";"Não";3;0;0;1;1;1;1;2;-26,824224;-53,412407;"SPRF-SC";"DEL07-SC";"UOP03-DEL07-SC"
500972;2023-01-25;"quarta-feira";"07:30:00";"PR";373;222;"IMBITUVA";"Desrespeitar a preferência no cruzamento";"Colisão transversal";"Com Vítimas Feridas";"Pleno dia";"Crescente";"Céu Claro";"Simples";"Interseção de Vias;Rotatória";"Não";3;0;1;0;1;1;1;3;-25,18290238;-50,59238391;"SPRF-PR";"DEL03-PR";"UOP01-DEL03-PR"
500986;2023-01-23;"segunda-feira";"05:33:00";"RS";392;51,4;"RIO GRANDE";"Neblina";"Colisão traseira";"Sem Vítimas";"Amanhecer";"Crescente";"Nevoeiro/Neblina";"Dupla";"Reta";"Não";3;0;0;0;2;1;0;3;-31,86521207;-52,32379036;"SPRF-RS";"DEL07-RS";"UOP02-DEL07-RS"
500988;2023-01-25;"quarta-feira";"06:46:00";"MT";70;522;"VARZEA GRANDE";"Acessar a via sem observar a presença dos outros veículos";"Colisão transversal";"Sem Vítimas";"Pleno dia";"Decrescente";"Céu Claro";"Simples";"Reta";"Sim";4;0;0;0;3;2;0;5;-15,66716924;-56,18224204;"SPRF-MT";"DEL01-MT";"UOP02-DEL01-MT"
500990;2023-01-25;"quarta-feira";"05:30:00";"RJ";116;219;"PARACAMBI";"Demais falhas mecânicas ou elétricas";"Colisão traseira";"Sem Vítimas";"Amanhecer";"Decrescente";"Céu Claro";"Dupla";"Reta";"Não";3;0;0;0;2;2;0;4;-22,698075;-43,765978;"SPRF-RJ";"DEL07-RJ";"UOP01-DEL07-RJ"
500991;2023-01-25;"quarta-feira";"08:10:00";"PR";369;159;"CAMBE";"Condutor deixou de manter distância do veículo da frente";"Colisão traseira";"Com Vítimas Fatais";"Pleno dia";"Decrescente";"Céu Claro";"Dupla";"Reta";"Sim";5;1;0;0;3;1;0;4;-23,282483;-51,251041;"SPRF-PR";"DEL07-PR";"UOP01-DEL07-PR"
500993;2023-01-25;"quarta-feira";"08:45:00";"RJ";101;192;"CASIMIRO DE ABREU";"Ausência de reação do condutor";"Colisão traseira";"Com Vítimas Feridas";"Pleno dia";"Crescente";"Céu Claro";"Dupla";"Reta";"Não";4;0;2;0;1;1;2;3;-22,47314393;-42,08206801;"SPRF-RJ";"DEL08-RJ";"UOP04-DEL08-RJ"
501015;2023-01-25;"quarta-feira";"07:00:00";"RO";364;611;"ITAPUA DO OESTE";"Ultrapassagem Indevida";"Colisão lateral mesmo sentido";"Com Vítimas Feridas";"Amanhecer";"Decrescente";"Garoa/Chuvisco";"Simples";"Reta";"Não";3;0;0;1;1;3;1;5;-9,14732013;-63,23310013;"SPRF-RO";"DEL01-RO";"UOP04-DEL01-RO"
501018;2023-01-25;"quarta-feira";"09:40:00";"PR";376;15,4;"MARINGA";"Reação tardia ou ineficiente do condutor";"Tombamento";"Com Vítimas Feridas";"Pleno dia";"Decrescente";"Céu Claro";"Dupla";"Curva;Declive";"Sim";3;0;1;0;1;2;1;3;-23,4273;-51,9375;"SPRF-PR";"DEL09-PR";"UOP01-DEL09-PR"
501031;2023-01-20;"sexta-feira";"20:00:00";"DF";80;16;"BRASILIA";"Ausência de reação do condutor";"Colisão traseira";"Com Vítimas Fatais";"Plena Noite";"Crescente";"Céu Claro";"Simples";"Declive";"Não";2;1;0;0;1;0;0;2;-15,701065;-48,202263;"SPRF-DF";"DEL03-DF";"UOP02-DEL03-DF"
501038;2023-01-21;"sábado";"11:30:00";"MS";262;242,4;"RIBAS DO RIO PARDO";"Acessar a via sem observar a presença dos outros veículos";"Colisão transversal";"Com Vítimas Feridas";"Pleno dia";"Decrescente";"Céu Claro";"Simples";"Aclive";"Não";2;0;0;1;1;0;1;2;-20,45637858;-53,78459597;"SPRF-MS";"DEL01-MS";"UOP01-DEL01-MS"
501048;2023-01-25;"quarta-feira";"07:50:00";"MG";364;28,5;"FRUTAL";"Acessar a via sem observar a presença dos outros veículos";"Colisão com objeto";"Com Vítimas Feridas";"Pleno dia";"Decrescente";"Céu Claro";"Dupla";"Reta;Rotatória";"Sim";3;0;1;0;2;0;1;3;-20,022202;-48,899897;"SPRF-MG";"DEL13-MG";"UOP02-DEL13-MG"
501050;2023-01-25;"quarta-feira";"11:20:00";"MS";163;485;"CAMPO GRANDE";"Ausência de reação do condutor";"Colisão traseira";"Com Vítimas Feridas";"Pleno dia";"Crescente";"Céu Claro";"Simples";"Reta";"Sim";3;0;1;0;1;1;1;3;-20,44233707;-54,54201834;"SPRF-MS";"DEL01-MS";"UOP02-DEL01-MS"
501057;2023-01-25;"quarta-feira";"12:30:00";"SC";101;194,8;"BIGUACU";"Condutor deixou de manter distância do veículo da frente";"Engavetamento";"Com Vítimas Feridas";"Pleno dia";"Decrescente";"Céu Claro";"Dupla";"Reta";"Sim";5;0;1;0;4;0;1;4;-27,49815117;-48,65661236;"SPRF-SC";"DEL01-SC";"UOP01-DEL01-SC"
501063;2023-01-20;"sexta-feira";"17:00:00";"MS";163;270;"DOURADOS";"Desrespeitar a preferência no cruzamento";"Colisão transversal";"Sem Vítimas";"Pleno dia";"Decrescente";"Céu Claro";"Dupla";"Rotatória";"Não";2;0;0;0;2;0;0;2;-22,194847;-54,69295;"SPRF-MS";"DEL04-MS";"UOP01-DEL04-MS"
501064;2023-01-21;"sábado";"17:10:00";"MT";70;257;"PRIMAVERA DO LESTE";"Demais falhas mecânicas ou elétricas";"Tombamento";"Sem Vítimas";"Pleno dia";"Crescente";"Chuva";"Simples";"Reta";"Não";3;0;0;0;2;3;0;5;-15,61663061;-54,18521404;"SPRF-MT";"DEL05-MT";"UOP01-DEL05-MT"
501065;2023-01-25;"quarta-feira";"09:30:00";"GO";153;497;"GOIANIA";"Reação tardia ou ineficiente do condutor";"Colisão traseira";"Com Vítimas Feridas";"Pleno dia";"Crescente";"Céu Claro";"Dupla";"Reta;Aclive";"Não";4;0;1;0;2;1;1;3;-16,6854;-49,2338;"SPRF-GO";"DEL01-GO";"UOP01-DEL01-GO"
501066;2023-01-25;"quarta-feira";"12:25:00";"PR";376;313,8;"ORTIGUEIRA";"Velocidade Incompatível";"Tombamento";"Com Vítimas Feridas";"Pleno dia";"Crescente";"Céu Claro";"Dupla";"Curva;Declive";"Não";2;0;0;1;0;1;1;2;-23,980556;-51,085541;"SPRF-PR";"DEL07-PR";"UOP02-DEL07-PR"
501071;2023-01-21;"sábado";"12:30:00";"SC";101;116;"ITAJAI";"Condutor deixou de manter distância do veículo da frente";"Colisão traseira";"Sem Vítimas";"Pleno dia";"Crescente";"Céu Claro";"Dupla";"Reta";"Não";2;0;0;0;2;0;0;2;-26,87905605;-48,72603512;"SPRF-SC";"DEL04-SC";"UOP04-DEL04-SC"
501082;2023-01-25;"quarta-feira";"08:30:00";"MT";70;28;"BARRA DO GARCAS";"Velocidade Incompatível";"Tombamento";"Sem Vítimas";"Pleno dia";"Decrescente";"Nublado";"Simples";"Curva";"Não";2;0;0;0;1;3;0;4;-15,81393036;-52,47756134;"SPRF-MT";"DEL07-MT";"UOP01-DEL07-MT"
501087;2023-01-25;"quarta-feira";"14:02:00";"PE";316;85;"OURICURI";"Conversão proibida";"Colisão traseira";"Com Vítimas Feridas";"Pleno dia";"Crescente";"Céu Claro";"Simples";"Declive;Reta";"Não";5;0;2;0;2;1;2;3;-7,88417113;-40,0701651;"SPRF-PE";"DEL05-PE";"UOP02-DEL05-PE"
501089;2023-01-25;"quarta-feira";"13:00:00";"SP";116;511;"CAJATI";"Reação tardia ou ineficiente do condutor";"Tombamento";"Com Vítimas Feridas";"Pleno dia";"Decrescente";"Sol";"Dupla";"Curva;Declive";"Não";4;0;1;0;2;1;1;2;-24,83558399;-48,2223738;"SPRF-SP";"DEL05-SP";"UOP02-DEL05-SP"
501096;2023-01-21;"sábado";"19:00:00";"RS";116;524,9;"PELOTAS";"Velocidade Incompatível";"Tombamento";"Com Vítimas Feridas";"Anoitecer";"Crescente";"Nublado";"Dupla";"Interseção de Vias";"Sim";2;0;1;0;0;2;1;3;-31,7302021;-52,38891721;"SPRF-RS";"DEL07-RS";"UOP01-DEL07-RS"
501100;2023-01-22;"domingo";"19:00:00";"MS";163;477;"CAMPO GRANDE";"Ausência de reação do condutor";"Colisão traseira";"Sem Vítimas";"Plena Noite";"Decrescente";"Nublado";"Simples";"Reta";"Sim";2;0;0;0;2;0;0;2;-20,50427591;-54,55557367;"SPRF-MS";"DEL01-MS";"UOP01-DEL01-MS"
501102;2023-01-25;"quarta-feira";"10:15:00";"PR";277;464;"LARANJEIRAS DO SUL";"Problema com o freio";"Colisão com objeto";"Com Vítimas Fatais";"Pleno dia";"Crescente";"Céu Claro";"Múltipla";"Declive";"Não";4;1;0;0;2;2;0;5;-25,34708424;-52,49113452;"SPRF-PR";"DEL04-PR";"UOP02-DEL04-PR"
501105;2023-01-25;"quarta-feira";"13:45:00";"SC";470;199,3;"PONTE ALTA";"Desrespeitar a preferência no cruzamento";"Colisão transversal";"Sem Vítimas";"Pleno dia";"Crescente";"Céu Claro";"Simples";"Reta;Interseção de Vias";"Não";3;0;0;0;2;2;0;4;-27,307792;-50,134103;"SPRF-SC";"DEL05-SC";"UOP03-DEL05-SC"
501110;2023-01-25;"quarta-feira";"15:50:00";"MG";365;393,4;"PATOS DE MINAS";"Velocidade Incompatível";"Colisão frontal";"Com Vítimas Feridas";"Pleno dia";"Decrescente";"Chuva";"Simples";"Curva";"Não";3;0;1;0;1;2;1;4;-18,63481872;-46,34836686;"SPRF-MG";"DEL10-MG";"UOP01-DEL10-MG"