"id";"data_inversa";"dia_semana";"horario";"uf";"br";"km";"municipio";"causa_acidente";"tipo_acidente";"classificacao_acidente";"fase_dia";"sentido_via";"condicao_metereologica";"tipo_pista";"tracado_via";"uso_solo";"pessoas";"mortos";"feridos_leves";"feridos_graves";"ilesos";"ignorados";"feridos";"veiculos";"latitude";"longitude";"regional";"delegacia";"uop"
501833;2023-01-29;"domingo";"00:10:00";"ES";101;122,9;"LINHARES";"Condutor Dormindo";"Tombamento";"Com Vítimas Feridas";"Plena Noite";"Crescente";"Céu Claro";"Simples";"Declive;Reta";"Não";1;0;1;0;0;0;1;1;-19,16016593;-40,08315314;"SPRF-ES";"DEL04-ES";"UOP01-DEL04-ES"
501834;2023-01-28;"sábado";"18:40:00";"RO";364;49;"VILHENA";"Reação tardia ou ineficiente do condutor";"Colisão traseira";"Com Vítimas Fatais";"Anoitecer";"Decrescente";"Céu Claro";"Simples";"Declive;Reta";"Não";3;1;0;0;1;2;0;4;-12,55924713;-60,35437725;"SPRF-RO";"DEL04-RO";"UOP01-DEL04-RO"
501836;2023-01-28;"sábado";"17:20:00";"PA";230;1113;"ITAITUBA";"Reação tardia ou ineficiente do condutor";"Saída de leito carroçável";"Sem Vítimas";"Anoitecer";"Decrescente";"Céu Claro";"Simples";"Curva";"Não";2;0;0;0;1;2;0;3;-4,39947138;-55,91972351;"SPRF-PA";"DEL05-PA";"UOP01-DEL05-PA"
501868;2023-01-29;"domingo";"04:30:00";"PI";316;106;"PASSAGEM FRANCA DO PIAUI";"Ausência de reação do condutor";"Saída de leito carroçável";"Com Vítimas Fatais";"Amanhecer";"Decrescente";"Céu Claro";"Simples";"Reta";"Não";1;1;0;0;0;0;0;1;-5,85744545;-42,44014183;"SPRF-PI";"DEL04-PI";"UOP02-DEL04-PI"
501886;2023-01-21;"sábado";"09:30:00";"GO";153;518;"HIDROLANDIA";"Reação tardia ou ineficiente do condutor";"Saída de leito carroçável";"Com Vítimas Feridas";"Pleno dia";"Crescente";"Nublado";"Dupla";"Declive;Reta";"Não";4;0;1;0;2;1;1;3;-16,867;-49,2505;"SPRF-GO";"DEL01-GO";"UOP03-DEL01-GO"
501890;2023-01-27;"sexta-feira";"08:50:00";"MT";364;391;"CUIABA";"Acumulo de óleo sobre o pavimento";"Colisão com objeto";"Sem Vítimas";"Pleno dia";"Decrescente";"Chuva";"Dupla";"Curva";"Não";1;0;0;0;1;0;0;1;-15,70133417;-55,863696;"SPRF-MT";"DEL01-MT";"UOP02-DEL01-MT"
501898;2023-01-29;"domingo";"03:57:00";"MG";116;176;"GOVERNADOR VALADARES";"Demais falhas na via";"Colisão lateral sentido oposto";"Com Vítimas Feridas";"Plena Noite";"Crescente";"Céu Claro";"Simples";"Reta";"Não";3;0;1;0;2;0;1;2;-18,9848253;-42,1076068;"SPRF-MG";"DEL11-MG";"UOP02-DEL11-MG"
501903;2023-01-21;"sábado";"15:30:00";"RJ";116;170;"RIO DE JANEIRO";"Demais falhas mecânicas ou elétricas";"Colisão traseira";"Com Vítimas Feridas";"Pleno dia";"Crescente";"Céu Claro";"Múltipla";"Reta";"Sim";3;0;1;0;2;0;1;2;-22,81113183;-43,3336729;"SPRF-RJ";"DEL01-RJ";"UOP02-DEL01-RJ"
501905;2023-01-29;"domingo";"11:15:00";"ES";101;65;"SAO MATEUS";"Entrada inopinada do pedestre";"Atropelamento de Pedestre";"Com Vítimas Fatais";"Pleno dia";"Crescente";"Sol";"Simples";"Reta";"Sim";6;1;0;1;1;4;1;4;-18,70935945;-39,87762087;"SPRF-ES";"DEL04-ES";"UOP02-DEL04-ES"
501918;2023-01-29;"domingo";"12:15:00";"SC";101;157,9;"PORTO BELO";"Manobra de mudança de faixa";"Saída de leito carroçável";"Com Vítimas Feridas";"Pleno dia";"Decrescente";"Nublado";"Dupla";"Retorno Regulamentado";"Não";3;0;1;0;1;1;1;3;-27,181625;-48,6121179;"SPRF-SC";"DEL04-SC";"UOP03-DEL04-SC"
501920;2023-01-29;"domingo";"12:50:00";"RS";392;73,3;"PELOTAS";"Manobra de mudança de faixa";"Colisão lateral mesmo sentido";"Com Vítimas Feridas";"Pleno dia";"Crescente";"Céu Claro";"Simples";"Reta";"Não";3;0;1;0;2;0;1;2;-31,71122878;-52,39860535;"SPRF-RS";"DEL07-RS";"UOP01-DEL07-RS"
501942;2023-01-29;"domingo";"10:55:00";"BA";116;911,6;"CANDIDO SALES";"Condutor deixou de manter distância do veículo da frente";"Colisão traseira";"Com Vítimas Feridas";"Pleno dia";"Decrescente";"Céu Claro";"Simples";"Aclive;Reta";"Não";10;0;7;0;2;2;7;5;-15,44641305;-41,22614988;"SPRF-BA";"DEL08-BA";"UOP03-DEL08-BA"
501943;2023-01-29;"domingo";"15:00:00";"SP";116;22;"LAVRINHAS";"Velocidade Incompatível";"Saída de leito carroçável";"Com Vítimas Feridas";"Pleno dia";"Decrescente";"Céu Claro";"Dupla";"Declive;Curva";"Não";2;0;1;0;0;1;1;2;-22,58368521;-44,87772952;"SPRF-SP";"DEL08-SP";"UOP02-DEL08-SP"
501952;2023-01-29;"domingo";"16:00:00";"SP";116;315;"JUQUITIBA";"Condutor Dormindo";"Colisão lateral mesmo sentido";"Com Vítimas Feridas";"Pleno dia";"Decrescente";"Nublado";"Dupla";"Reta";"Não";4;0;1;0;2;1;1;3;-23,90251888;-46,99049317;"SPRF-SP";"DEL04-SP";"UOP03-DEL04-SP"
501960;2023-01-29;"domingo";"15:41:00";"PI";316;6;"TERESINA";"Condutor deixou de manter distância do veículo da frente";"Colisão traseira";"Com Vítimas Feridas";"Pleno dia";"Decrescente";"Sol";"Dupla";"Reta";"Sim";3;0;1;0;1;1;1;3;-5,14702095;-42,77438982;"SPRF-PI";"DEL01-PI";"UOP02-DEL01-PI"
501966;2023-01-29;"domingo";"15:15:00";"MG";262;612,9;"IBIA";"Curva acentuada";"Saída de leito carroçável";"Com Vítimas Feridas";"Pleno dia";"Decrescente";"Garoa/Chuvisco";"Simples";"Curva;Declive";"Não";2;0;0;1;0;3;1;4;-19,59587062;-46,30033692;"SPRF-MG";"DEL08-MG";"UOP02-DEL08-MG"
501969;2023-01-29;"domingo";"16:20:00";"PR";476;192;"LAPA";"Reação tardia ou ineficiente do condutor";"Colisão traseira";"Com Vítimas Feridas";"Pleno dia";"Decrescente";"Chuva";"Simples";"Curva";"Não";3;0;0;1;1;2;1;4;-25,73175366;-49,70347881;"SPRF-PR";"DEL01-PR";"UOP06-DEL01-PR"
501973;2023-01-29;"domingo";"15:00:00";"MG";251;311;"SALINAS";"Ausência de reação do condutor";"Saída de leito carroçável";"Com Vítimas Feridas";"Pleno dia";"Decrescente";"Céu Claro";"Simples";"Curva";"Não";2;0;0;1;0;1;1;2;-16,140538;-42,268272;"SPRF-MG";"DEL12-MG";"UOP01-DEL12-MG"
501984;2023-01-29;"domingo";"15:25:00";"AC";364;9;"ACRELANDIA";"Pista esburacada";"Colisão transversal";"Com Vítimas Feridas";"Pleno dia";"Crescente";"Céu Claro";"Simples";"Declive;Reta";"Não";3;0;1;0;2;0;1;2;-9,81434266;-66,86525345;"SPRF-AC";"DEL01-AC";"UOP03-DEL01-AC"
501985;2023-01-29;"domingo";"16:52:00";"PE";407;100;"PETROLINA";"Frear bruscamente";"Colisão traseira";"Com Vítimas Feridas";"Pleno dia";"Crescente";"Céu Claro";"Simples";"Reta";"Não";3;0;1;0;2;0;1;2;-9,17695798;-40,63468679;"SPRF-PE";"DEL06-PE";"UOP01-DEL06-PE"
501995;2023-01-29;"domingo";"16:50:00";"TO";153;455;"BARROLANDIA";"Pista Escorregadia";"Colisão frontal";"Com Vítimas Feridas";"Pleno dia";"Crescente";"Chuva";"Simples";"Reta";"Não";5;0;0;3;1;1;3;3;-9,870686;-48,72482897;"SPRF-TO";"DEL01-TO";"UOP01-DEL01-TO"
501997;2023-01-29;"domingo";"17:10:00";"RS";153;18,9;"SEVERIANO DE ALMEIDA";"Ultrapassagem Indevida";"Colisão frontal";"Com Vítimas Feridas";"Pleno dia";"Crescente";"Chuva";"Simples";"Curva";"Não";5;0;0;2;1;2;2;4;-27,457563;-52,088527;"SPRF-RS";"DEL08-RS";"UOP04-DEL08-RS"
501998;2023-01-29;"domingo";"17:00:00";"RJ";116;327;"ITATIAIA";"Chuva";"Colisão com objeto";"Com Vítimas Feridas";"Anoitecer";"Crescente";"Chuva";"Dupla";"Curva;Declive";"Não";2;0;1;0;0;1;1;2;-22,50162452;-44,58807495;"SPRF-RJ";"DEL07-RJ";"UOP02-DEL07-RJ"
502001;2023-01-29;"domingo";"17:05:00";"PR";153;326;"IRATI";"Transitar na contramão";"Colisão lateral sentido oposto";"Com Vítimas Feridas";"Pleno dia";"Crescente";"Céu Claro";"Simples";"Reta";"Não";3;0;1;0;1;1;1;3;-25,426947;-50,609763;"SPRF-PR";"DEL08-PR";"UOP02-DEL08-PR"
502003;2023-01-29;"domingo";"17:04:00";"MG";381;873,1;"ESTIVA";"Velocidade Incompatível";"Tombamento";"Com Vítimas Feridas";"Pleno dia";"Crescente";"Nublado";"Dupla";"Curva;Declive";"Não";4;0;1;2;0;1;3;2;-22,450796;-46,000139;"SPRF-MG";"DEL16-MG";"UOP01-DEL16-MG"
502006;2023-01-29;"domingo";"13:05:00";"MT";364;533;"ROSARIO OESTE";"Reação tardia ou ineficiente do condutor";"Colisão traseira";"Com Vítimas Fatais";"Pleno dia";"Decrescente";"Céu Claro";"Simples";"Reta";"Não";3;1;0;0;1;2;0;4;-14,91601;-56,474711;"SPRF-MT";"DEL01-MT";"UOP01-DEL01-MT"
502012;2023-01-29;"domingo";"18:13:00";"RS";386;426,1;"MONTENEGRO";"Condutor usando celular";"Colisão com objeto";"Com Vítimas Feridas";"Pleno dia";"Crescente";"Sol";"Múltipla";"Reta";"Não";2;0;0;1;0;1;1;2;-29,819479;-51,36208;"SPRF-RS";"DEL01-RS";"UOP01-DEL01-RS"
502016;2023-01-29;"domingo";"18:30:00";"SP";116;339;"JUQUITIBA";"Ausência de reação do condutor";"Tombamento";"Com Vítimas Feridas";"Anoitecer";"Decrescente";"Céu Claro";"Dupla";"Curva";"Não";2;0;1;0;0;1;1;2;-23,9983939;-47,14927316;"SPRF-SP";"DEL04-SP";"UOP03-DEL04-SP"
502018;2023-01-29;"domingo";"19:30:00";"MG";153;74,7;"MONTE ALEGRE DE MINAS";"Transitar na contramão";"Colisão lateral sentido oposto";"Com Vítimas Feridas";"Plena Noite";"Decrescente";"Nublado";"Simples";"Reta;Aclive";"Não";4;0;1;0;2;1;1;4;-19,01386516;-49,01652635;"SPRF-MG";"DEL15-MG";"UOP03-DEL15-MG"
502023;2023-01-29;"domingo";"11:00:00";"MG";251;477;"FRANCISCO SA";"Ingestão de álcool pelo condutor";"Colisão traseira";"Sem Vítimas";"Pleno dia";"Decrescente";"Nublado";"Simples";"Reta;Aclive";"Não";3;0;0;0;2;2;0;4;-16,468982;-43,48431;"SPRF-MG";"DEL12-MG";"UOP01-DEL12-MG"
502024;2023-01-29;"domingo";"20:25:00";"PI";343;267,7;"CAMPO MAIOR";"Acessar a via sem observar a presença dos outros veículos";"Colisão transversal";"Com Vítimas Feridas";"Plena Noite";"Decrescente";"Nublado";"Simples";"Reta";"Sim";2;0;0;1;1;0;1;2;-4,841072;-42,186467;"SPRF-PI";"DEL01-PI";"UOP03-DEL01-PI"
502028;2023-01-29;"domingo";"19:45:00";"MG";116;536,1;"SANTA RITA DE MINAS";"Reação tardia ou ineficiente do condutor";"Colisão lateral sentido oposto";"Com Vítimas Feridas";"Plena Noite";"Crescente";"Céu Claro";"Simples";"Curva";"Não";5;0;2;1;1;1;3;4;-19,8582936;-42,1353868;"SPRF-MG";"DEL06-MG";"UOP02-DEL06-MG"
502043;2023-01-29;"domingo";"20:45:00";"MG";40;278,7;"TRES MARIAS";"Ingestão de álcool pelo condutor";"Colisão lateral sentido oposto";"Sem Vítimas";"Plena Noite";"Crescente";"Nublado";"Simples";"Reta";"Sim";3;0;0;0;2;1;0;3;-18,220313;-45,220762;"SPRF-MG";"DEL14-MG";"UOP02-DEL14-MG"
502047;2023-01-29;"domingo";"20:00:00";"MT";163;495;"JANGADA";"Ingestão de álcool pelo condutor";"Colisão lateral sentido oposto";"Sem Vítimas";"Plena Noite";"Decrescente";"Céu Claro";"Simples";"Reta";"Sim";2;0;0;0;2;0;0;2;-15,23361921;-56,49442139;"SPRF-MT";"DEL01-MT";"UOP01-DEL01-MT"
502054;2023-01-29;"domingo";"23:41:00";"ES";101;207;"JOAO NEIVA";"Transitar na contramão";"Colisão frontal";"Com Vítimas Feridas";"Plena Noite";"Crescente";"Céu Claro";"Simples";"Reta";"Sim";3;0;0;1;1;1;1;3;-19,77204724;-40,37105854;"SPRF-ES";"DEL02-ES";"UOP01-DEL02-ES"
502064;2023-01-30;"segunda-feira";"01:00:00";"MG";354;743,2;"POUSO ALTO";"Velocidade Incompatível";"Eventos atípicos";"Com Vítimas Feridas";"Plena Noite";"Crescente";"Nublado";"Simples";"Curva;Declive";"Não";9;0;2;0;5;2;2;7;-22,2393211;-44,93648355;"SPRF-MG";"DEL17-MG";"UOP01-DEL17-MG"
502072;2023-01-30;"segunda-feira";"03:15:00";"SP";116;210,6;"GUARULHOS";"Ausência de reação do condutor";"Colisão traseira";"Com Vítimas Feridas";"Amanhecer";"Decrescente";"Garoa/Chuvisco";"Dupla";"Aclive";"Sim";3;0;0;1;1;1;1;3;-23,42870023;-46,41085991;"SPRF-SP";"DEL01-SP";"UOP01-DEL01-SP"
502080;2023-01-30;"segunda-feira";"06:45:00";"MG";50;6,7;"ARAGUARI";"Condutor Dormindo";"Colisão traseira";"Com Vítimas Feridas";"Pleno dia";"Crescente";"Sol";"Dupla";"Reta;Aclive";"Não";3;0;1;0;1;2;1;4;-18,479169;-48,048817;"SPRF-MG";"DEL15-MG";"UOP02-DEL15-MG"
502088;2023-01-30;"segunda-feira";"07:20:00";"CE";116;19;"EUSEBIO";"Condutor deixou de manter distância do veículo da frente";"Colisão traseira";"Com Vítimas Feridas";"Pleno dia";"Decrescente";"Chuva";"Dupla";"Reta";"Não";3;0;0;1;2;0;1;3;-3,91384397;-38,50667231;"SPRF-CE";"DEL01-CE";"UOP02-DEL01-CE"
502089;2023-01-30;"segunda-feira";"06:20:00";"GO";20;171,9;"ALVORADA DO NORTE";"Condutor Dormindo";"Saída de leito carroçável";"Com Vítimas Feridas";"Amanhecer";"Crescente";"Céu Claro";"Simples";"Reta";"Não";2;0;1;0;1;0;1;1;-14,54026;-46,54623;"SPRF-DF";"DEL02-DF";"UOP03-DEL02-DF"
502091;2023-01-30;"segunda-feira";"05:10:00";"RJ";40;111;"DUQUE DE CAXIAS";"Condutor deixou de manter distância do veículo da frente";"Engavetamento";"Com Vítimas Feridas";"Amanhecer";"Crescente";"Céu Claro";"Dupla";"Reta";"Sim";5;0;1;0;3;1;1;4;-22,691868;-43,287453;"SPRF-RJ";"DEL01-RJ";"UOP01-DEL01-RJ"
502097;2023-01-30;"segunda-feira";"07:50:00";"ES";101;265;"SERRA";"Reação tardia ou ineficiente do condutor";"Colisão lateral mesmo sentido";"Com Vítimas Feridas";"Pleno dia";"Crescente";"Céu Claro";"Dupla";"Reta";"Sim";5;0;0;1;4;0;1;4;-20,1816849;-40,26536036;"SPRF-ES";"DEL02-ES";"UOP01-DEL02-ES"
502104;2023-01-30;"segunda-feira";"07:50:00";"SP";381;37,2;"ATIBAIA";"Condutor deixou de manter distância do veículo da frente";"Colisão traseira";"Com Vítimas Feridas";"Pleno dia";"Decrescente";"Nublado";"Dupla";"Reta";"Sim";3;0;2;0;1;0;2;2;-23,10506237;-46,56881577;"SPRF-SP";"DEL03-SP";"UOP01-DEL03-SP"
502106;2023-01-28;"sábado";"22:30:00";"MG";381;384;"SAO GONCALO DO RIO ABAIXO";"Avarias e/ou desgaste excessivo no pneu";"Tombamento";"Com Vítimas Feridas";"Plena Noite";"Decrescente";"Céu Claro";"Simples";"Curva";"Não";2;0;1;0;0;1;1;2;-19,80675104;-43,4020021;"SPRF-MG";"DEL01-MG";"UOP01-DEL01-MG"
502107;2023-01-30;"segunda-feira";"08:30:00";"ES";101;351,6;"ANCHIETA";"Velocidade Incompatível";"Tombamento";"Com Vítimas Feridas";"Pleno dia";"Crescente";"Céu Claro";"Simples";"Curva";"Não";4;0;0;1;2;1;1;3;-20,665676;-40,655926;"SPRF-ES";"DEL03-ES";"UOP01-DEL03-ES"
502109;2023-01-30;"segunda-feira";"08:10:00";"PE";101;42;"IGARASSU";"Condutor deixou de manter distância do veículo da frente";"Colisão traseira";"Sem Vítimas";"Pleno dia";"Decrescente";"Céu Claro";"Múltipla";"Curva";"Sim";3;0;0;0;2;1;0;3;-7,83561003;-34,91245866;"SPRF-PE";"DEL01-PE";"UOP02-DEL01-PE"
502114;2023-01-30;"segunda-feira";"07:50:00";"ES";101;267,8;"SERRA";"Desrespeitar a preferência no cruzamento";"Colisão lateral mesmo sentido";"Com Vítimas Feridas";"Pleno dia";"Crescente";"Céu Claro";"Múltipla";"Reta;Interseção de Vias";"Sim";2;0;1;0;1;0;1;2;-20,19930999;-40,26884609;"SPRF-ES";"DEL02-ES";"UOP01-DEL02-ES"
502117;2023-01-30;"segunda-feira";"08:00:00";"SC";101;327,2;"CAPIVARI DE BAIXO";"Ausência de reação do condutor";"Colisão traseira";"Com Vítimas Feridas";"Pleno dia";"Crescente";"Céu Claro";"Dupla";"Reta;Viaduto";"Sim";6;0;1;0;4;1;1;6;-28,43983646;-48,96282434;"SPRF-SC";"DEL02-SC";"UOP01-DEL02-SC"
502118;2023-01-30;"segunda-feira";"09:30:00";"SE";101;15,3;"SAO FRANCISCO";"Reação tardia ou ineficiente do condutor";"Colisão com objeto";"Com Vítimas Feridas";"Pleno dia";"Crescente";"Céu Claro";"Dupla";"Reta;Declive";"Não";1;0;1;0;0;0;1;1;-10,32028898;-36,89367839;"SPRF-SE";"DEL02-SE";"UOP02-DEL02-SE"
502123;2023-01-30;"segunda-feira";"09:30:00";"SC";470;89;"RODEIO";"Condutor deixou de manter distância do veículo da frente";"Colisão traseira";"Com Vítimas Feridas";"Pleno dia";"Decrescente";"Céu Claro";"Simples";"Curva";"Não";3;0;0;1;2;0;1;2;-26,961573;-49,371918;"SPRF-SC";"DEL04-SC";"UOP01-DEL04-SC"
502133;2023-01-30;"segunda-feira";"11:30:00";"MG";40;438;"PARAOPEBA";"Demais falhas mecânicas ou elétricas";"Incêndio";"Sem Vítimas";"Pleno dia";"Decrescente";"Nublado";"Dupla";"Reta;Aclive";"Não";1;0;0;0;1;0;0;1;-19,23100428;-44,43562244;"SPRF-MG";"DEL02-MG";"UOP01-DEL02-MG"
502136;2023-01-30;"segunda-feira";"12:45:00";"MG";116;701,9;"MURIAE";"Acessar a via sem observar a presença dos outros veículos";"Colisão transversal";"Com Vítimas Feridas";"Pleno dia";"Crescente";"Sol";"Simples";"Reta;Interseção de Vias";"Sim";3;0;0;1;1;1;1;3;-21,12166461;-42,37988949;"SPRF-MG";"DEL07-MG";"UOP02-DEL07-MG"
502141;2023-01-30;"segunda-feira";"12:15:00";"PR";158;530,5;"PATO BRANCO";"Acessar a via sem observar a presença dos outros veículos";"Colisão transversal";"Com Vítimas Feridas";"Pleno dia";"Crescente";"Nublado";"Simples";"Curva;Interseção de Vias";"Não";3;0;1;0;1;1;1;3;-26,1991991;-52,67511964;"SPRF-PR";"DEL02-PR";"UOP01-DEL02-PR"
502145;2023-01-30;"segunda-feira";"08:40:00";"RS";116;54,4;"VACARIA";"Transitar na contramão";"Colisão frontal";"Com Vítimas Feridas";"Pleno dia";"Crescente";"Céu Claro";"Simples";"Curva";"Não";3;0;0;1;1;2;1;4;-28,59804958;-51,03700876;"SPRF-RS";"DEL05-RS";"UOP03-DEL05-RS"
502147;2023-01-30;"segunda-feira";"13:53:00";"RS";386;415;"MONTENEGRO";"Demais falhas mecânicas ou elétricas";"Incêndio";"Sem Vítimas";"Pleno dia";"Crescente";"Sol";"Simples";"Reta";"Não";2;0;0;0;1;1;0;2;-29,817522;-51,473202;"SPRF-RS";"DEL01-RS";"UOP01-DEL01-RS"
502156;2023-01-30;"segunda-feira";"13:00:00";"BA";116;875;"VITORIA DA CONQUISTA";"Velocidade Incompatível";"Colisão lateral mesmo sentido";"Com Vítimas Feridas";"Pleno dia";"Decrescente";"Sol";"Simples";"Aclive";"Não";3;0;1;0;1;2;1;4;-15,16992312;-41,06280781;"SPRF-BA";"DEL08-BA";"UOP03-DEL08-BA"
502162;2023-01-30;"segunda-feira";"13:20:00";"PR";277;504,2;"DIAMANTE DO SUL";"Velocidade Incompatível";"Tombamento";"Com Vítimas Feridas";"Pleno dia";"Decrescente";"Céu Claro";"Simples";"Curva;Declive";"Não";2;0;1;0;0;3;1;4;-25,14324156;-52,70593386;"SPRF-PR";"DEL04-PR";"UOP04-DEL04-PR"
502164;2023-01-30;"segunda-feira";"13:20:00";"SC";282;524,7;"XAXIM";"Mal súbito do condutor";"Colisão lateral mesmo sentido";"Com Vítimas Feridas";"Pleno dia";"Decrescente";"Nublado";"Simples";"Curva";"Sim";2;0;1;0;1;0;1;2;-26,9644;-52,564536;"SPRF-SC";"DEL07-SC";"UOP01-DEL07-SC"
502185;2023-01-18;"quarta-feira";"16:50:00";"MG";40;463;"SETE LAGOAS";"Acumulo de água sobre o pavimento";"Saída de leito carroçável";"Sem Vítimas";"Pleno dia";"Crescente";"Chuva";"Dupla";"Reta;Declive";"Não";3;0;0;0;2;1;0;2;-19,42224803;-44,33870213;"SPRF-MG";"DEL02-MG";"UOP01-DEL02-MG"
502186;2023-01-30;"segunda-feira";"16:45:00";"MG";365;749;"ITUIUTABA";"Acumulo de água sobre o pavimento";"Saída de leito carroçável";"Com Vítimas Feridas";"Pleno dia";"Decrescente";"Chuva";"Simples";"Aclive";"Não";1;0;1;0;0;0;1;1;-18,93793339;-49,43876589;"SPRF-MG";"DEL15-MG";"UOP03-DEL15-MG"
502187;2023-01-30;"segunda-feira";"14:00:00";"RJ";354;15,9;"RESENDE";"Velocidade Incompatível";"Tombamento";"Com Vítimas Feridas";"Pleno dia";"Decrescente";"Nublado";"Simples";"Curva;Declive";"Não";2;0;0;1;0;1;1;2;-22,445492;-44,728962;"SPRF-RJ";"DEL07-RJ";"UOP02-DEL07-RJ"
502194;2023-01-30;"segunda-feira";"14:40:00";"TO";153;252;"COLINAS DO TOCANTINS";"Acesso irregular";"Tombamento";"Com Vítimas Feridas";"Pleno dia";"Crescente";"Céu Claro";"Simples";"Reta";"Não";4;0;2;0;0;3;2;4;-8,09852503;-48,46791884;"SPRF-TO";"DEL02-TO";"UOP02-DEL02-TO"
502197;2023-01-30;"segunda-feira";"17:15:00";"PR";277;254,8;"IRATI";"Reação tardia ou ineficiente do condutor";"Saída de leito carroçável";"Com Vítimas Feridas";"Pleno dia";"Crescente";"Garoa/Chuvisco";"Simples";"Reta";"Não";3;0;1;0;1;1;1;3;-25,44185051;-50,68868994;"SPRF-PR";"DEL08-PR";"UOP02-DEL08-PR"
502204;2023-01-30;"segunda-feira";"15:10:00";"MG";116;605,7;"SAO JOAO DO MANHUACU";"Ausência de reação do condutor";"Colisão traseira";"Com Vítimas Feridas";"Pleno dia";"Crescente";"Céu Claro";"Simples";"Reta";"Não";3;0;2;0;1;0;2;2;-20,3699701;-42,14797234;"SPRF-MG";"DEL06-MG";"UOP03-DEL06-MG"
502227;2023-01-25;"quarta-feira";"05:30:00";"MA";222;555;"BOM JESUS DAS SELVAS";"Acesso irregular";"Colisão traseira";"Com Vítimas Feridas";"Amanhecer";"Crescente";"Nublado";"Simples";"Reta";"Não";3;0;0;1;1;1;1;2;-4,38133088;-46,65062612;"SPRF-MA";"DEL04-MA";"UOP03-DEL04-MA"
502230;2023-01-30;"segunda-feira";"17:15:00";"PR";376;307;"MAUA DA SERRA";"Velocidade Incompatível";"Tombamento";"Com Vítimas Feridas";"Anoitecer";"Crescente";"Nublado";"Dupla";"Curva";"Não";2;0;1;0;0;1;1;2;-23,94468403;-51,12359047;"SPRF-PR";"DEL07-PR";"UOP02-DEL07-PR"
502235;2023-01-30;"segunda-feira";"20:00:00";"MS";163;84;"ITAQUIRAI";"Condutor deixou de manter distância do veículo da frente";"Colisão traseira";"Com Vítimas Feridas";"Plena Noite";"Decrescente";"Nublado";"Simples";"Aclive";"Não";2;0;1;0;1;0;1;2;-23,42380201;-54,20709108;"SPRF-MS";"DEL09-MS";"UOP01-DEL09-MS"
502243;2023-01-30;"segunda-feira";"13:10:00";"MG";116;562,9;"MANHUACU";"Reação tardia ou ineficiente do condutor";"Colisão lateral mesmo sentido";"Com Vítimas Feridas";"Pleno dia";"Crescente";"Céu Claro";"Simples";"Reta;Em Obras;Aclive";"Não";4;0;1;0;3;0;1;4;-20,04682025;-42,17884094;"SPRF-MG";"DEL06-MG";"UOP03-DEL06-MG"
502244;2023-01-30;"segunda-feira";"20:50:00";"SE";101;179;"UMBAUBA";"Ausência de reação do condutor";"Tombamento";"Com Vítimas Feridas";"Plena Noite";"Crescente";"Céu Claro";"Simples";"Curva";"Não";2;0;1;0;0;2;1;3;-11,36791417;-37,63159909;"SPRF-SE";"DEL02-SE";"UOP03-DEL02-SE"
502247;2023-01-30;"segunda-feira";"18:40:00";"PI";407;457;"JAICOS";"Ausência de reação do condutor";"Saída de leito carroçável";"Com Vítimas Feridas";"Plena Noite";"Decrescente";"Céu Claro";"Simples";"Reta;Declive";"Não";3;0;1;1;0;1;2;2;-7,28080358;-41,20240259;"SPRF-PI";"DEL04-PI";"UOP01-DEL04-PI"
502251;2023-01-30;"segunda-feira";"23:40:00";"SC";101;135;"BALNEARIO CAMBORIU";"Acessar a via sem observar a presença dos outros veículos";"Colisão traseira";"Com Vítimas Feridas";"Plena Noite";"Crescente";"Céu Claro";"Dupla";"Reta";"Sim";2;0;1;0;1;0;1;2;-27,0050108;-48,62677494;"SPRF-SC";"DEL04-SC";"UOP03-DEL04-SC"
502253;2023-01-30;"segunda-feira";"22:12:00";"SC";282;357,6;"CAMPOS NOVOS";"Transitar na contramão";"Colisão frontal";"Com Vítimas Feridas";"Plena Noite";"Crescente";"Céu Claro";"Simples";"Curva;Declive";"Não";5;0;0;1;3;1;1;3;-27,336381;-51,344341;"SPRF-SC";"DEL07-SC";"UOP05-DEL07-SC"
502254;2023-01-31;"terça-feira";"00:30:00";"ES";101;299,7;"VIANA";"Reação tardia ou ineficiente do condutor";"Queda de ocupante de veículo";"Com Vítimas Fatais";"Plena Noite";"Decrescente";"Céu Claro";"Múltipla";"Curva;Aclive";"Sim";4;1;0;0;0;3;0;4;-20,357651;-40,428128;"SPRF-ES";"DEL01-ES";"UOP01-DEL01-ES"
502255;2023-01-30;"segunda-feira";"22:00:00";"MG";262;713,2;"ARAXA";"Transitar na contramão";"Colisão lateral sentido oposto";"Com Vítimas Feridas";"Plena Noite";"Crescente";"Céu Claro";"Simples";"Reta";"Não";7;0;2;0;4;1;2;3;-19,61333921;-47,16799101;"SPRF-MG";"DEL08-MG";"UOP01-DEL08-MG"
502256;2023-01-30;"segunda-feira";"23:50:00";"SC";116;180,3;"SAO CRISTOVAO DO SUL";"Transitar na contramão";"Colisão frontal";"Com Vítimas Fatais";"Plena Noite";"Crescente";"Nublado";"Simples";"Reta";"Sim";3;1;0;0;1;1;0;3;-27,27041426;-50,44097161;"SPRF-SC";"DEL05-SC";"UOP03-DEL05-SC"