"id";"data_inversa";"dia_semana";"horario";"uf";"br";"km";"municipio";"causa_acidente";"tipo_acidente";"classificacao_acidente";"fase_dia";"sentido_via";"condicao_metereologica";"tipo_pista";"tracado_via";"uso_solo";"pessoas";"mortos";"feridos_leves";"feridos_graves";"ilesos";"ignorados";"feridos";"veiculos";"latitude";"longitude";"regional";"delegacia";"uop"
502527;2023-02-01;"quarta-feira";"17:30:00";"PA";316;47;"SANTA IZABEL DO PARA";"Demais falhas mecânicas ou elétricas";"Incêndio";"Sem Vítimas";"Pleno dia";"Crescente";"Céu Claro";"Dupla";"Reta";"Sim";1;0;0;0;1;0;0;1;-1,2853682;-48,06269824;"SPRF-PA";"DEL01-PA";"UOP01-DEL01-PA"
502529;2023-02-01;"quarta-feira";"16:00:00";"GO";60;26;"ALEXANIA";"Ausência de reação do condutor";"Tombamento";"Sem Vítimas";"Pleno dia";"Decrescente";"Céu Claro";"Dupla";"Reta;Aclive";"Não";3;0;0;0;1;2;0;3;-16,0963;-48,5202;"SPRF-DF";"DEL03-DF";"UOP01-DEL03-DF"
502531;2023-02-01;"quarta-feira";"18:00:00";"BA";116;815,1;"VITORIA DA CONQUISTA";"Ingestão de álcool pelo condutor";"Colisão traseira";"Sem Vítimas";"Anoitecer";"Decrescente";"Céu Claro";"Simples";"Reta";"Não";2;0;0;0;2;0;0;2;-14,77315332;-40,72201784;"SPRF-BA";"DEL08-BA";"UOP01-DEL08-BA"
502545;2023-02-01;"quarta-feira";"14:30:00";"MT";163;560;"DIAMANTINO";"Chuva";"Saída de leito carroçável";"Com Vítimas Feridas";"Pleno dia";"Crescente";"Chuva";"Simples";"Reta";"Não";5;0;0;1;3;3;1;6;-14,23756178;-56,11786216;"SPRF-MT";"DEL01-MT";"UOP01-DEL01-MT"
502554;2023-02-01;"quarta-feira";"17:15:00";"PR";277;504,2;"GUARANIACU";"Velocidade Incompatível";"Tombamento";"Com Vítimas Feridas";"Pleno dia";"Decrescente";"Chuva";"Simples";"Curva;Declive";"Não";2;0;1;0;0;2;1;3;-25,13090986;-52,72634983;"SPRF-PR";"DEL04-PR";"UOP04-DEL04-PR"
502557;2023-02-01;"quarta-feira";"11:00:00";"MG";381;249;"SANTANA DO PARAISO";"Acessar a via sem observar a presença dos outros veículos";"Colisão traseira";"Com Vítimas Feridas";"Pleno dia";"Decrescente";"Céu Claro";"Simples";"Interseção de Vias";"Não";2;0;1;0;1;0;1;2;-19,47969147;-42,54480809;"SPRF-MG";"DEL06-MG";"UOP01-DEL06-MG"
502565;2023-02-01;"quarta-feira";"22:30:00";"PR";376;660;"TIJUCAS DO SUL";"Condutor deixou de manter distância do veículo da frente";"Colisão lateral mesmo sentido";"Com Vítimas Feridas";"Plena Noite";"Crescente";"Chuva";"Dupla";"Curva;Aclive";"Não";8;0;3;0;4;2;3;5;-25,8516758;-49,00332398;"SPRF-PR";"DEL01-PR";"UOP04-DEL01-PR"
502568;2023-02-02;"quinta-feira";"00:55:00";"SP";116;516;"CAJATI";"Ausência de reação do condutor";"Colisão traseira";"Com Vítimas Feridas";"Plena Noite";"Decrescente";"Chuva";"Dupla";"Reta;Declive";"Não";3;0;1;0;2;0;1;2;-24,87423036;-48,2190838;"SPRF-SP";"DEL05-SP";"UOP02-DEL05-SP"
502569;2023-02-01;"quarta-feira";"22:30:00";"MT";70;518;"VARZEA GRANDE";"Reação tardia ou ineficiente do condutor";"Colisão traseira";"Com Vítimas Feridas";"Plena Noite";"Crescente";"Céu Claro";"Simples";"Reta";"Sim";4;0;2;0;1;4;2;6;-15,69342541;-56,1676318;"SPRF-MT";"DEL01-MT";"UOP02-DEL01-MT"
502575;2023-02-02;"quinta-feira";"02:50:00";"CE";222;136;"IRAUCUBA";"Condutor Dormindo";"Saída de leito carroçável";"Com Vítimas Fatais";"Plena Noite";"Decrescente";"Céu Claro";"Simples";"Reta";"Não";5;1;2;0;1;1;2;2;-3,73622251;-39,67622342;"SPRF-CE";"DEL04-CE";"UOP03-DEL04-CE"
502576;2023-02-01;"quarta-feira";"22:15:00";"PB";412;19,5;"BOA VISTA";"Reação tardia ou ineficiente do condutor";"Colisão frontal";"Com Vítimas Feridas";"Plena Noite";"Crescente";"Céu Claro";"Simples";"Reta";"Não";3;0;2;1;0;0;3;2;-7,258766;-36,233791;"SPRF-PB";"DEL02-PB";"UOP02-DEL02-PB"
502578;2023-02-02;"quinta-feira";"05:40:00";"PE";116;20;"SALGUEIRO";"Reação tardia ou ineficiente do condutor";"Saída de leito carroçável";"Com Vítimas Feridas";"Pleno dia";"Crescente";"Céu Claro";"Simples";"Reta;Declive;Ponte";"Não";2;0;1;0;0;1;1;2;-8,017438;-39,143444;"SPRF-PE";"DEL05-PE";"UOP01-DEL05-PE"
502580;2023-02-02;"quinta-feira";"05:30:00";"MG";40;496;"ESMERALDAS";"Demais falhas mecânicas ou elétricas";"Saída de leito carroçável";"Com Vítimas Feridas";"Amanhecer";"Crescente";"Céu Claro";"Dupla";"Reta;Declive";"Não";2;0;1;0;0;1;1;2;-19,67088766;-44,19355961;"SPRF-MG";"DEL02-MG";"UOP01-DEL02-MG"
502584;2023-02-02;"quinta-feira";"06:10:00";"MG";381;519;"IGARAPE";"Carga excessiva e/ou mal acondicionada";"Tombamento";"Sem Vítimas";"Pleno dia";"Decrescente";"Nublado";"Dupla";"Curva;Aclive";"Não";2;0;0;0;1;1;0;2;-20,12834104;-44,30330781;"SPRF-MG";"DEL04-MG";"UOP03-DEL04-MG"
502585;2023-02-02;"quinta-feira";"00:50:00";"MG";262;788;"UBERABA";"Condutor Dormindo";"Saída de leito carroçável";"Com Vítimas Feridas";"Plena Noite";"Decrescente";"Céu Claro";"Simples";"Reta;Aclive";"Não";2;0;0;1;0;1;1;2;-19,7588328;-47,83097803;"SPRF-MG";"DEL13-MG";"UOP01-DEL13-MG"
502586;2023-02-02;"quinta-feira";"06:30:00";"PR";163;158,9;"LINDOESTE";"Manobra de mudança de faixa";"Colisão lateral sentido oposto";"Com Vítimas Feridas";"Pleno dia";"Crescente";"Céu Claro";"Simples";"Declive;Reta";"Não";3;0;1;0;0;2;1;3;-25,35274977;-53,58271385;"SPRF-PR";"DEL05-PR";"UOP05-DEL05-PR"
502591;2023-02-01;"quarta-feira";"23:29:00";"AP";210;71;"PORTO GRANDE";"Acessar a via sem observar a presença dos outros veículos";"Colisão lateral sentido oposto";"Com Vítimas Feridas";"Plena Noite";"Crescente";"Céu Claro";"Simples";"Reta";"Não";3;0;1;0;1;2;1;4;0,56459771;-51,1500483;"SPRF-AP";"DEL01-AP";"UOP01-DEL01-AP"
502598;2023-02-02;"quinta-feira";"08:00:00";"RJ";101;477;"ANGRA DOS REIS";"Obras na pista";"Colisão frontal";"Com Vítimas Feridas";"Pleno dia";"Crescente";"Céu Claro";"Simples";"Curva;Desvio Temporário;Em Obras";"Sim";4;0;3;0;1;0;3;4;-23,00222622;-44,27049816;"SPRF-RJ";"DEL03-RJ";"UOP03-DEL03-RJ"
502604;2023-02-02;"quinta-feira";"06:30:00";"BA";407;218;"QUIXABEIRA";"Condutor Dormindo";"Saída de leito carroçável";"Com Vítimas Feridas";"Pleno dia";"Decrescente";"Céu Claro";"Simples";"Reta";"Não";1;0;1;0;0;0;1;1;-11,266655;-40,023405;"SPRF-BA";"DEL04-BA";"UOP02-DEL04-BA"
502609;2023-02-02;"quinta-feira";"08:57:00";"GO";40;3;"VALPARAISO DE GOIAS";"Trafegar com motocicleta (ou similar) entre as faixas";"Colisão traseira";"Com Vítimas Feridas";"Pleno dia";"Decrescente";"Céu Claro";"Dupla";"Reta";"Sim";4;0;0;1;2;1;1;4;-16,07972714;-47,98606038;"SPRF-DF";"DEL01-DF";"UOP01-DEL01-DF"
502614;2023-02-02;"quinta-feira";"08:00:00";"PA";316;35;"SANTA IZABEL DO PARA";"Acessar a via sem observar a presença dos outros veículos";"Colisão transversal";"Com Vítimas Feridas";"Pleno dia";"Decrescente";"Chuva";"Dupla";"Reta";"Sim";2;0;0;1;1;0;1;2;-1,29146197;-48,164561;"SPRF-PA";"DEL01-PA";"UOP01-DEL01-PA"
502616;2023-02-02;"quinta-feira";"09:40:00";"MS";163;575,2;"BANDEIRANTES";"Acessar a via sem observar a presença dos outros veículos";"Colisão transversal";"Com Vítimas Feridas";"Pleno dia";"Decrescente";"Céu Claro";"Simples";"Reta;Rotatória";"Sim";5;0;1;0;2;2;1;4;-19,68680201;-54,35043928;"SPRF-MS";"DEL01-MS";"UOP02-DEL01-MS"
502617;2023-02-02;"quinta-feira";"10:30:00";"MG";381;946,3;"EXTREMA";"Reação tardia ou ineficiente do condutor";"Engavetamento";"Com Vítimas Fatais";"Pleno dia";"Crescente";"Nublado";"Dupla";"Curva;Declive;Ponte";"Não";6;1;1;0;3;3;1;7;-22,86230556;-46,34476628;"SPRF-MG";"DEL16-MG";"UOP03-DEL16-MG"
502618;2023-02-02;"quinta-feira";"07:50:00";"MS";163;87;"ITAQUIRAI";"Ausência de reação do condutor";"Tombamento";"Com Vítimas Feridas";"Pleno dia";"Crescente";"Céu Claro";"Simples";"Ponte";"Não";2;0;1;0;0;1;1;2;-23,39155942;-54,21104908;"SPRF-MS";"DEL09-MS";"UOP01-DEL09-MS"
502619;2023-02-02;"quinta-feira";"08:20:00";"PR";116;107;"SAO JOSE DOS PINHAIS";"Reação tardia ou ineficiente do condutor";"Engavetamento";"Com Vítimas Feridas";"Pleno dia";"Crescente";"Céu Claro";"Dupla";"Reta";"Sim";10;0;2;0;7;3;2;11;-25,568067;-49,232903;"SPRF-PR";"DEL01-PR";"UOP07-DEL01-PR"
502620;2023-02-02;"quinta-feira";"10:00:00";"BA";101;521;"SAO JOSE DA VITORIA";"Entrada inopinada do pedestre";"Atropelamento de Pedestre";"Com Vítimas Feridas";"Pleno dia";"Decrescente";"Céu Claro";"Simples";"Reta";"Não";2;0;1;0;1;0;1;2;-15,07285278;-39,33337726;"SPRF-BA";"DEL05-BA";"UOP01-DEL05-BA"
502624;2023-02-02;"quinta-feira";"10:20:00";"SP";116;273;"EMBU DAS ARTES";"Ausência de reação do condutor";"Colisão traseira";"Com Vítimas Feridas";"Pleno dia";"Decrescente";"Céu Claro";"Múltipla";"Reta";"Sim";3;0;1;0;2;0;1;2;-23,62809795;-46,81870306;"SPRF-SP";"DEL04-SP";"UOP01-DEL04-SP"
502631;2023-02-02;"quinta-feira";"11:15:00";"CE";304;48,4;"ARACATI";"Acessar a via sem observar a presença dos outros veículos";"Colisão traseira";"Com Vítimas Feridas";"Pleno dia";"Crescente";"Sol";"Dupla";"Retorno Regulamentado;Reta";"Sim";9;0;8;0;1;0;8;3;-4,57948359;-37,77741194;"SPRF-CE";"DEL03-CE";"UOP03-DEL03-CE"
502634;2023-02-02;"quinta-feira";"11:36:00";"MG";153;79;"PRATA";"Ausência de reação do condutor";"Tombamento";"Com Vítimas Feridas";"Pleno dia";"Crescente";"Sol";"Simples";"Aclive;Reta";"Não";2;0;1;0;0;3;1;4;-19,057162;-49,010061;"SPRF-MG";"DEL15-MG";"UOP03-DEL15-MG"
502638;2023-02-02;"quinta-feira";"11:35:00";"PE";101;66,9;"RECIFE";"Reação tardia ou ineficiente do condutor";"Colisão lateral mesmo sentido";"Com Vítimas Feridas";"Pleno dia";"Decrescente";"Céu Claro";"Dupla";"Reta";"Sim";3;0;0;1;1;1;1;3;-8,04213706;-34,94284272;"SPRF-PE";"DEL01-PE";"UOP01-DEL01-PE"
502640;2023-02-02;"quinta-feira";"12:10:00";"MG";116;692,2;"MURIAE";"Velocidade Incompatível";"Tombamento";"Com Vítimas Feridas";"Pleno dia";"Crescente";"Céu Claro";"Simples";"Curva";"Não";2;0;1;0;0;1;1;2;-21,035724;-42,36710899;"SPRF-MG";"DEL07-MG";"UOP02-DEL07-MG"
502641;2023-02-02;"quinta-feira";"09:30:00";"BA";101;939;"MUCURI";"Acessar a via sem observar a presença dos outros veículos";"Colisão transversal";"Com Vítimas Feridas";"Pleno dia";"Crescente";"Céu Claro";"Simples";"Reta;Rotatória";"Não";3;0;1;0;2;0;1;2;-18,16840196;-39,91873914;"SPRF-BA";"DEL09-BA";"UOP02-DEL09-BA"
502646;2023-02-02;"quinta-feira";"12:00:00";"MT";364;288,8;"JACIARA";"Pista esburacada";"Colisão lateral mesmo sentido";"Com Vítimas Feridas";"Pleno dia";"Decrescente";"Nublado";"Dupla";"Curva";"Não";3;0;1;0;1;3;1;5;-15,9047218232;-55,0740630331;"SPRF-MT";"DEL05-MT";"UOP02-DEL05-MT"
502647;2023-02-02;"quinta-feira";"13:33:00";"SP";153;85;"MIRASSOL";"Conversão proibida";"Colisão frontal";"Com Vítimas Feridas";"Pleno dia";"Crescente";"Nublado";"Simples";"Desvio Temporário";"Não";3;0;1;0;2;0;1;2;-20,9344296;-49,51909431;"SPRF-SP";"DEL09-SP";"UOP01-DEL09-SP"
502663;2023-02-02;"quinta-feira";"15:50:00";"SC";101;226;"PALHOCA";"Ausência de reação do condutor";"Colisão traseira";"Sem Vítimas";"Pleno dia";"Crescente";"Céu Claro";"Dupla";"Reta";"Não";3;0;0;0;3;0;0;2;-27,74200001;-48,63806504;"SPRF-SC";"DEL01-SC";"UOP02-DEL01-SC"
502670;2023-02-02;"quinta-feira";"16:40:00";"BA";324;537;"CONCEICAO DO JACUIPE";"Condutor deixou de manter distância do veículo da frente";"Colisão traseira";"Com Vítimas Feridas";"Pleno dia";"Decrescente";"Céu Claro";"Dupla";"Reta";"Sim";3;0;1;0;1;1;1;3;-12,36902201;-38,81384601;"SPRF-BA";"DEL01-BA";"UOP03-DEL01-BA"
502671;2023-02-02;"quinta-feira";"14:00:00";"MG";251;276;"SALINAS";"Reação tardia ou ineficiente do condutor";"Tombamento";"Com Vítimas Feridas";"Pleno dia";"Crescente";"Céu Claro";"Simples";"Curva";"Não";2;0;1;0;0;2;1;3;-15,986777;-42,043514;"SPRF-MG";"DEL12-MG";"UOP01-DEL12-MG"
502672;2023-02-02;"quinta-feira";"14:00:00";"MG";251;322;"SALINAS";"Reação tardia ou ineficiente do condutor";"Saída de leito carroçável";"Com Vítimas Feridas";"Pleno dia";"Decrescente";"Céu Claro";"Simples";"Curva;Declive";"Não";2;0;1;0;0;1;1;2;-16;-42;"SPRF-MG";"DEL12-MG";"UOP01-DEL12-MG"
502675;2023-02-02;"quinta-feira";"16:40:00";"MG";116;670;"MIRADOURO";"Reação tardia ou ineficiente do condutor";"Colisão traseira";"Com Vítimas Feridas";"Pleno dia";"Crescente";"Céu Claro";"Simples";"Reta";"Não";2;0;1;0;0;1;1;2;-20,8662151;-42,32953064;"SPRF-MG";"DEL07-MG";"UOP02-DEL07-MG"
502678;2023-02-02;"quinta-feira";"13:19:00";"PE";101;150,4;"RIBEIRAO";"Reação tardia ou ineficiente do condutor";"Colisão traseira";"Com Vítimas Feridas";"Pleno dia";"Decrescente";"Céu Claro";"Dupla";"Reta";"Não";3;0;1;0;1;2;1;4;-8,49669957;-35,38211017;"SPRF-PE";"DEL01-PE";"UOP03-DEL01-PE"
502682;2023-02-02;"quinta-feira";"16:30:00";"MG";153;1;"ARAPORA";"Retorno proibido";"Colisão frontal";"Com Vítimas Feridas";"Pleno dia";"Crescente";"Céu Claro";"Simples";"Ponte";"Não";3;0;0;1;1;1;1;3;-18,42608911;-49,19359032;"SPRF-MG";"DEL15-MG";"UOP03-DEL15-MG"
502683;2023-02-02;"quinta-feira";"16:30:00";"RS";116;403,3;"CAMAQUA";"Ausência de reação do condutor";"Colisão traseira";"Com Vítimas Feridas";"Pleno dia";"Decrescente";"Nublado";"Simples";"Reta;Em Obras";"Não";4;0;2;0;1;1;2;3;-30,88592936;-51,83355581;"SPRF-RS";"DEL02-RS";"UOP02-DEL02-RS"
502705;2023-02-02;"quinta-feira";"17:00:00";"PR";280;270,7;"MARMELEIRO";"Velocidade Incompatível";"Tombamento";"Com Vítimas Feridas";"Pleno dia";"Crescente";"Céu Claro";"Simples";"Curva;Declive";"Não";2;0;0;1;0;2;1;3;-26,22293196;-53,13957999;"SPRF-PR";"DEL02-PR";"UOP01-DEL02-PR"
502711;2023-02-02;"quinta-feira";"19:55:00";"MG";116;748,9;"LEOPOLDINA";"Reação tardia ou ineficiente do condutor";"Colisão frontal";"Com Vítimas Fatais";"Plena Noite";"Crescente";"Céu Claro";"Simples";"Curva";"Não";2;1;0;0;1;0;0;2;-21,44738715;-42,54573392;"SPRF-MG";"DEL07-MG";"UOP01-DEL07-MG"
502723;2023-02-02;"quinta-feira";"19:00:00";"MT";364;342,2;"SANTO ANTONIO DO LEVERGER";"Demais falhas mecânicas ou elétricas";"Incêndio";"Sem Vítimas";"Plena Noite";"Crescente";"Nublado";"Dupla";"Declive";"Não";2;0;0;0;1;1;0;2;-15,82665672;-55,5089038;"SPRF-MT";"DEL05-MT";"UOP02-DEL05-MT"
502735;2023-02-02;"quinta-feira";"08:29:00";"SP";116;500;"CAJATI";"Ausência de reação do condutor";"Colisão lateral mesmo sentido";"Com Vítimas Feridas";"Pleno dia";"Crescente";"Chuva";"Dupla";"Curva";"Não";4;0;1;0;2;1;1;3;-24,78162109;-48,18342711;"SPRF-SP";"DEL05-SP";"UOP02-DEL05-SP"
502738;2023-02-02;"quinta-feira";"18:45:00";"BA";242;245;"ITABERABA";"Demais falhas mecânicas ou elétricas";"Incêndio";"Sem Vítimas";"Plena Noite";"Decrescente";"Céu Claro";"Simples";"Reta";"Não";1;0;0;0;0;1;0;1;-12,50657572;-40,4343932;"SPRF-BA";"DEL06-BA";"UOP02-DEL06-BA"
502740;2023-02-02;"quinta-feira";"17:30:00";"PR";277;167;"PALMEIRA";"Reação tardia ou ineficiente do condutor";"Colisão frontal";"Com Vítimas Fatais";"Anoitecer";"Crescente";"Chuva";"Simples";"Declive;Curva";"Não";6;2;4;0;0;0;4;3;-25,46815033;-49,9043132;"SPRF-PR";"DEL03-PR";"UOP03-DEL03-PR"
502742;2023-02-02;"quinta-feira";"15:05:00";"PA";163;655;"ITAITUBA";"Manobra de mudança de faixa";"Colisão frontal";"Com Vítimas Feridas";"Pleno dia";"Decrescente";"Céu Claro";"Simples";"Curva";"Não";3;0;1;0;1;5;1;7;-4,49732299;-55,86656962;"SPRF-PA";"DEL05-PA";"UOP02-DEL05-PA"
502745;2023-02-02;"quinta-feira";"22:57:00";"SC";116;86;"MONTE CASTELO";"Transitar na contramão";"Colisão frontal";"Sem Vítimas";"Plena Noite";"Decrescente";"Chuva";"Simples";"Reta";"Não";3;0;0;0;2;1;0;3;-26,60977491;-50,22937022;"SPRF-SC";"DEL06-SC";"UOP02-DEL06-SC"
502749;2023-02-02;"quinta-feira";"19:10:00";"MA";230;274,8;"LORETO";"Ultrapassagem Indevida";"Colisão lateral mesmo sentido";"Com Vítimas Feridas";"Plena Noite";"Crescente";"Garoa/Chuvisco";"Simples";"Reta";"Sim";2;0;0;1;0;1;1;2;-6,8534979;-45,1643798;"SPRF-MA";"DEL05-MA";"UOP01-DEL05-MA"
502751;2023-02-02;"quinta-feira";"23:20:00";"BA";116;616,1;"JAGUAQUARA";"Pista esburacada";"Saída de leito carroçável";"Com Vítimas Feridas";"Plena Noite";"Decrescente";"Céu Claro";"Simples";"Reta";"Não";1;0;1;0;0;0;1;1;-13,3732972;-40,0195774;"SPRF-BA";"DEL03-BA";"UOP01-DEL03-BA"
502752;2023-02-03;"sexta-feira";"01:20:00";"SC";101;213,8;"PALHOCA";"Manobra de mudança de faixa";"Colisão lateral mesmo sentido";"Com Vítimas Feridas";"Plena Noite";"Crescente";"Chuva";"Múltipla";"Reta";"Sim";4;0;1;0;3;0;1;2;-27,63697369;-48,66514142;"SPRF-SC";"DEL01-SC";"UOP02-DEL01-SC"
502756;2023-02-03;"sexta-feira";"00:30:00";"PR";277;48;"MORRETES";"Ausência de reação do condutor";"Colisão traseira";"Com Vítimas Feridas";"Plena Noite";"Crescente";"Nevoeiro/Neblina";"Múltipla";"Aclive;Reta";"Não";4;0;1;0;2;2;1;4;-25,591706;-48,927734;"SPRF-PR";"DEL01-PR";"UOP01-DEL01-PR"
502762;2023-02-02;"quinta-feira";"21:15:00";"TO";242;273;"PEIXE";"Animais na Pista";"Atropelamento de Animal";"Com Vítimas Feridas";"Plena Noite";"Decrescente";"Nublado";"Simples";"Reta";"Não";2;0;1;0;1;0;1;1;-12,17223946;-48,41864362;"SPRF-TO";"DEL01-TO";"UOP02-DEL01-TO"
502765;2023-02-03;"sexta-feira";"04:30:00";"MG";262;365,7;"JUATUBA";"Condutor Dormindo";"Saída de leito carroçável";"Com Vítimas Feridas";"Plena Noite";"Crescente";"Céu Claro";"Dupla";"Reta;Declive";"Não";2;0;1;0;0;1;1;2;-19,974217;-44,261798;"SPRF-MG";"DEL01-MG";"UOP03-DEL01-MG"
502766;2023-02-03;"sexta-feira";"04:30:00";"SC";470;126,1;"IBIRAMA";"Chuva";"Saída de leito carroçável";"Com Vítimas Feridas";"Plena Noite";"Crescente";"Chuva";"Simples";"Reta";"Não";3;0;0;1;1;1;1;3;-27,129;-49,538277;"SPRF-SC";"DEL04-SC";"UOP02-DEL04-SC"
502768;2023-02-03;"sexta-feira";"01:05:00";"SC";101;389;"CRICIUMA";"Ausência de reação do condutor";"Colisão traseira";"Com Vítimas Feridas";"Plena Noite";"Decrescente";"Chuva";"Múltipla";"Reta";"Não";3;0;0;1;1;2;1;4;-28,79023471;-49,34585818;"SPRF-SC";"DEL02-SC";"UOP02-DEL02-SC"
502769;2023-02-03;"sexta-feira";"03:50:00";"CE";222;130,8;"ITAPAJE";"Ingestão de álcool pelo condutor";"Colisão frontal";"Com Vítimas Feridas";"Plena Noite";"Decrescente";"Céu Claro";"Simples";"Reta";"Não";4;0;1;1;1;1;2;2;-3,71250095;-39,63073803;"SPRF-CE";"DEL04-CE";"UOP03-DEL04-CE"
502771;2023-02-03;"sexta-feira";"04:38:00";"SC";101;450,9;"SAO JOAO DO SUL";"Acessar a via sem observar a presença dos outros veículos";"Colisão com objeto";"Com Vítimas Fatais";"Plena Noite";"Crescente";"Nublado";"Múltipla";"Viaduto;Aclive;Reta";"Sim";2;1;0;0;0;1;0;2;-29,1850572;-49,75537419;"SPRF-SC";"DEL02-SC";"UOP02-DEL02-SC"
502778;2023-02-03;"sexta-feira";"06:50:00";"RS";470;211;"BENTO GONCALVES";"Pista Escorregadia";"Colisão lateral mesmo sentido";"Com Vítimas Feridas";"Amanhecer";"Crescente";"Céu Claro";"Dupla";"Reta;Aclive";"Não";3;0;2;0;1;0;2;3;-29,11647449;-51,54258383;"SPRF-RS";"DEL06-RS";"UOP01-DEL06-RS"
502784;2023-02-03;"sexta-feira";"07:30:00";"MG";116;813;"ALEM PARAIBA";"Condutor deixou de manter distância do veículo da frente";"Colisão traseira";"Com Vítimas Feridas";"Pleno dia";"Crescente";"Céu Claro";"Simples";"Curva";"Não";3;0;2;0;0;1;2;3;-21,85011521;-42,66565503;"SPRF-MG";"DEL07-MG";"UOP01-DEL07-MG"
502788;2023-02-03;"sexta-feira";"06:40:00";"MG";381;737,5;"TRES CORACOES";"Pedestre andava na pista";"Atropelamento de Pedestre";"Com Vítimas Feridas";"Pleno dia";"Crescente";"Chuva";"Dupla";"Curva";"Não";5;0;0;1;1;3;1;3;-21,59740119;-45,23880352;"SPRF-MG";"DEL16-MG";"UOP02-DEL16-MG"
502789;2023-02-03;"sexta-feira";"07:00:00";"SP";381;4;"VARGEM";"Reação tardia ou ineficiente do condutor";"Colisão com objeto";"Com Vítimas Feridas";"Pleno dia";"Crescente";"Céu Claro";"Dupla";"Reta";"Não";2;0;1;0;0;1;1;2;-22,887746;-46,411949;"SPRF-SP";"DEL03-SP";"UOP02-DEL03-SP"
502804;2023-02-03;"sexta-feira";"09:00:00";"MA";135;9;"SAO LUIS";"Manobra de mudança de faixa";"Colisão traseira";"Com Vítimas Feridas";"Pleno dia";"Crescente";"Nublado";"Dupla";"Reta";"Sim";5;0;0;1;1;3;1;5;-2,64941425;-44,28038883;"SPRF-MA";"DEL01-MA";"UOP01-DEL01-MA"
502806;2023-02-03;"sexta-feira";"06:09:00";"TO";226;49;"DARCINOPOLIS";"Transitar na contramão";"Colisão frontal";"Com Vítimas Fatais";"Amanhecer";"Decrescente";"Nevoeiro/Neblina";"Simples";"Aclive;Reta";"Não";3;1;0;0;1;1;0;3;-6,783306;-47,798363;"SPRF-TO";"DEL02-TO";"UOP03-DEL02-TO"
502808;2023-02-03;"sexta-feira";"07:30:00";"ES";101;91,1;"JAGUARE";"Acessar a via sem observar a presença dos outros veículos";"Colisão transversal";"Com Vítimas Feridas";"Pleno dia";"Decrescente";"Sol";"Simples";"Interseção de Vias;Reta";"Sim";2;0;1;0;1;0;1;2;-18,89806708;-39,95602283;"SPRF-ES";"DEL04-ES";"UOP02-DEL04-ES"
502813;2023-02-03;"sexta-feira";"08:15:00";"SC";470;126;"LONTRAS";"Ultrapassagem Indevida";"Colisão transversal";"Com Vítimas Feridas";"Pleno dia";"Crescente";"Nublado";"Simples";"Rotatória";"Não";2;0;0;1;1;0;1;2;-27,129;-49,538277;"SPRF-SC";"DEL04-SC";"UOP02-DEL04-SC"
502818;2023-02-03;"sexta-feira";"10:00:00";"SC";101;198;"BIGUACU";"Ultrapassagem Indevida";"Colisão lateral mesmo sentido";"Com Vítimas Feridas";"Pleno dia";"Crescente";"Nublado";"Múltipla";"Curva";"Sim";2;0;1;0;1;0;1;2;-27,52230644;-48,63727927;"SPRF-SC";"DEL01-SC";"UOP01-DEL01-SC"
502827;2023-02-03;"sexta-feira";"10:30:00";"DF";70;11;"BRASILIA";"Acessar a via sem observar a presença dos outros veículos";"Colisão lateral mesmo sentido";"Com Vítimas Feridas";"Pleno dia";"Decrescente";"Chuva";"Dupla";"Reta";"Não";4;0;3;0;1;0;3;2;-15,789762;-48,148727;"SPRF-DF";"DEL03-DF";"UOP02-DEL03-DF"
502828;2023-02-03;"sexta-feira";"11:15:00";"DF";20;4,5;"BRASILIA";"Mal súbito do condutor";"Colisão lateral mesmo sentido";"Com Vítimas Feridas";"Pleno dia";"Decrescente";"Céu Claro";"Dupla";"Reta";"Sim";3;0;1;0;2;0;1;2;-15,675484;-47,823761;"SPRF-DF";"DEL02-DF";"UOP01-DEL02-DF"
502835;2023-02-03;"sexta-feira";"07:30:00";"MS";463;89;"PONTA PORA";"Chuva";"Saída de leito carroçável";"Com Vítimas Feridas";"Amanhecer";"Crescente";"Chuva";"Simples";"Curva";"Não";2;0;0;1;1;0;1;1;-22,59047838;-55,52108717;"SPRF-MS";"DEL04-MS";"UOP03-DEL04-MS"
502836;2023-02-03;"sexta-feira";"12:05:00";"PR";376;624,5;"SAO JOSE DOS PINHAIS";"Manobra de mudança de faixa";"Colisão lateral mesmo sentido";"Com Vítimas Feridas";"Pleno dia";"Crescente";"Céu Claro";"Múltipla";"Reta";"Sim";4;0;0;1;2;1;1;3;-25,64336599;-49,15942795;"SPRF-PR";"DEL01-PR";"UOP04-DEL01-PR"
502837;2023-02-03;"sexta-feira";"11:46:00";"MS";262;349;"CAMPO GRANDE";"Ausência de reação do condutor";"Saída de leito carroçável";"Com Vítimas Feridas";"Pleno dia";"Decrescente";"Chuva";"Simples";"Reta";"Não";2;0;0;1;1;0;1;1;-20,56506095;-54,62199601;"SPRF-MS";"DEL01-MS";"UOP03-DEL01-MS"
502839;2023-02-03;"sexta-feira";"11:15:00";"MG";116;600,5;"SAO JOAO DO MANHUACU";"Ingestão de álcool pelo condutor";"Colisão lateral sentido oposto";"Sem Vítimas";"Pleno dia";"Decrescente";"Céu Claro";"Simples";"Curva";"Não";3;0;0;0;2;1;0;3;-20,33157703;-42,14776317;"SPRF-MG";"DEL06-MG";"UOP03-DEL06-MG"