"id";"data_inversa";"dia_semana";"horario";"uf";"br";"km";"municipio";"causa_acidente";"tipo_acidente";"classificacao_acidente";"fase_dia";"sentido_via";"condicao_metereologica";"tipo_pista";"tracado_via";"uso_solo";"pessoas";"mortos";"feridos_leves";"feridos_graves";"ilesos";"ignorados";"feridos";"veiculos";"latitude";"longitude";"regional";"delegacia";"uop"
503212;2023-02-05;"domingo";"02:45:00";"ES";101;36,1;"CONCEICAO DA BARRA";"Condutor Dormindo";"Colisão frontal";"Com Vítimas Fatais";"Plena Noite";"Decrescente";"Céu Claro";"Simples";"Curva;Declive";"Não";2;1;0;0;1;0;0;2;-18,46388405;-39,92935329;"SPRF-ES";"DEL04-ES";"UOP02-DEL04-ES"
503219;2023-02-05;"domingo";"01:20:00";"MG";40;592,9;"OURO PRETO";"Ausência de reação do condutor";"Colisão com objeto";"Com Vítimas Feridas";"Plena Noite";"Crescente";"Céu Claro";"Dupla";"Reta";"Não";2;0;1;0;0;1;1;2;-20,38067507;-43,90128711;"SPRF-MG";"DEL05-MG";"UOP02-DEL05-MG"
503225;2023-02-05;"domingo";"01:30:00";"RS";386;38,2;"FREDERICO WESTPHALEN";"Transitar na contramão";"Colisão frontal";"Com Vítimas Fatais";"Plena Noite";"Decrescente";"Céu Claro";"Simples";"Reta";"Sim";4;2;0;0;1;1;0;3;-27,391367;-53,400776;"SPRF-RS";"DEL08-RS";"UOP02-DEL08-RS"
503226;2023-02-05;"domingo";"02:25:00";"BA";430;413,6;"IGAPORA";"Transitar na contramão";"Colisão frontal";"Com Vítimas Feridas";"Plena Noite";"Decrescente";"Céu Claro";"Simples";"Declive;Reta";"Não";18;0;2;0;16;0;2;2;-13,93287;-42,56463;"SPRF-BA";"DEL08-BA";"UOP04-DEL08-BA"
503229;2023-02-05;"domingo";"05:30:00";"RJ";116;307;"RESENDE";"Falta de acostamento";"Colisão transversal";"Com Vítimas Feridas";"Amanhecer";"Decrescente";"Céu Claro";"Dupla";"Reta";"Não";3;0;0;1;1;2;1;4;-22,45713262;-44,41063703;"SPRF-RJ";"DEL07-RJ";"UOP02-DEL07-RJ"
503246;2023-02-05;"domingo";"02:30:00";"MG";262;666;"IBIA";"Condutor Dormindo";"Saída de leito carroçável";"Com Vítimas Feridas";"Plena Noite";"Crescente";"Céu Claro";"Simples";"Reta";"Não";1;0;1;0;0;0;1;1;-19,55296816;-46,76580297;"SPRF-MG";"DEL08-MG";"UOP01-DEL08-MG"
503270;2023-02-05;"domingo";"06:40:00";"PA";316;128;"NOVA TIMBOTEUA";"Problema com o freio";"Atropelamento de Pedestre";"Com Vítimas Feridas";"Amanhecer";"Decrescente";"Céu Claro";"Simples";"Reta";"Não";3;0;1;0;1;1;1;3;-1,29803243;-47,37596671;"SPRF-PA";"DEL01-PA";"UOP03-DEL01-PA"
503272;2023-02-04;"sábado";"03:00:00";"GO";452;134;"BOM JESUS DE GOIAS";"Ingestão de álcool pelo condutor";"Colisão frontal";"Com Vítimas Feridas";"Plena Noite";"Crescente";"Céu Claro";"Simples";"Reta";"Não";2;0;1;0;1;0;1;2;-18,24113336;-49,70845327;"SPRF-GO";"DEL03-GO";"UOP02-DEL03-GO"
503275;2023-02-05;"domingo";"06:00:00";"GO";452;47;"RIO VERDE";"Problema com o freio";"Incêndio";"Sem Vítimas";"Amanhecer";"Crescente";"Nevoeiro/Neblina";"Simples";"Reta";"Não";2;0;0;0;1;2;0;3;-17,95640055;-50,50355945;"SPRF-GO";"DEL04-GO";"UOP01-DEL04-GO"
503276;2023-01-20;"sexta-feira";"23:15:00";"PR";376;103;"SAO JOSE DOS PINHAIS";"Sinalização mal posicionada";"Colisão traseira";"Com Vítimas Feridas";"Plena Noite";"Decrescente";"Garoa/Chuvisco";"Simples";"Curva";"Não";3;0;0;1;1;1;1;3;-25,57075895;-49,18374583;"SPRF-PR";"DEL09-PR";"UOP02-DEL09-PR"
503278;2023-01-20;"sexta-feira";"17:10:00";"SC";280;56,5;"GUARAMIRIM";"Condutor deixou de manter distância do veículo da frente";"Colisão traseira";"Com Vítimas Fatais";"Pleno dia";"Crescente";"Céu Claro";"Dupla";"Reta";"Não";2;1;0;0;0;1;0;2;-26,47947677;-49,00298702;"SPRF-SC";"DEL03-SC";"UOP03-DEL03-SC"
503284;2023-02-04;"sábado";"17:40:00";"MG";116;152,6;"PONTO DOS VOLANTES";"Manobra de mudança de faixa";"Colisão lateral sentido oposto";"Com Vítimas Feridas";"Anoitecer";"Crescente";"Céu Claro";"Simples";"Reta";"Não";3;0;1;0;1;1;1;3;-16,86721324;-41,47594265;"SPRF-MG";"DEL11-MG";"UOP02-DEL11-MG"
503289;2023-02-05;"domingo";"11:30:00";"GO";70;8;"AGUAS LINDAS DE GOIAS";"Ingestão de álcool pelo condutor";"Saída de leito carroçável";"Com Vítimas Fatais";"Pleno dia";"Crescente";"Sol";"Múltipla";"Curva;Aclive";"Sim";2;1;0;1;0;0;1;1;-15,73733681;-48,27407468;"SPRF-DF";"DEL03-DF";"UOP02-DEL03-DF"
503293;2023-02-05;"domingo";"10:20:00";"AL";101;40,1;"FLEXEIRAS";"Acostamento em desnível";"Tombamento";"Sem Vítimas";"Pleno dia";"Decrescente";"Sol";"Dupla";"Reta";"Não";2;0;0;0;1;2;0;3;-9,16377891;-35,77034503;"SPRF-AL";"DEL01-AL";"UOP02-DEL01-AL"
503314;2023-02-05;"domingo";"13:45:00";"PE";423;25;"SAO CAITANO";"Demais falhas mecânicas ou elétricas";"Saída de leito carroçável";"Com Vítimas Feridas";"Pleno dia";"Crescente";"Céu Claro";"Simples";"Reta;Declive";"Não";1;0;1;0;0;0;1;1;-8,379416;-36,172916;"SPRF-PE";"DEL03-PE";"UOP02-DEL03-PE"
503320;2023-02-05;"domingo";"14:55:00";"PR";277;615;"SANTA TEREZA DO OESTE";"Ausência de reação do condutor";"Colisão lateral sentido oposto";"Com Vítimas Feridas";"Pleno dia";"Crescente";"Céu Claro";"Simples";"Curva;Declive";"Não";4;0;1;0;3;0;1;3;-25,07189018;-53,6644229;"SPRF-PR";"DEL05-PR";"UOP02-DEL05-PR"
503323;2023-02-05;"domingo";"05:55:00";"RJ";101;310;"SAO GONCALO";"Ausência de reação do condutor";"Colisão traseira";"Sem Vítimas";"Pleno dia";"Decrescente";"Céu Claro";"Dupla";"Reta";"Sim";3;0;0;0;2;1;0;3;-22,79717023;-43,04404993;"SPRF-RJ";"DEL02-RJ";"UOP02-DEL02-RJ"
503344;2023-02-05;"domingo";"18:00:00";"PR";277;57;"SAO JOSE DOS PINHAIS";"Ingestão de álcool pelo condutor";"Colisão com objeto";"Sem Vítimas";"Pleno dia";"Crescente";"Céu Claro";"Dupla";"Reta";"Não";3;0;0;0;2;1;0;3;-25,58123713;-48,96273806;"SPRF-PR";"DEL01-PR";"UOP01-DEL01-PR"
503346;2023-02-05;"domingo";"16:05:00";"ES";101;301;"VIANA";"Ingestão de álcool pelo condutor";"Colisão com objeto";"Sem Vítimas";"Pleno dia";"Decrescente";"Céu Claro";"Dupla";"Curva;Aclive";"Sim";3;0;0;0;2;1;0;3;-20,36278187;-40,4401343;"SPRF-ES";"DEL01-ES";"UOP01-DEL01-ES"
503359;2023-02-05;"domingo";"16:40:00";"MG";381;293;"ANTONIO DIAS";"Reação tardia ou ineficiente do condutor";"Colisão frontal";"Com Vítimas Feridas";"Pleno dia";"Crescente";"Chuva";"Simples";"Reta;Em Obras";"Não";2;0;1;0;1;0;1;2;-19,61823684;-42,84746491;"SPRF-MG";"DEL03-MG";"UOP02-DEL03-MG"
503365;2023-02-05;"domingo";"19:30:00";"RS";101;80;"OSORIO";"Manobra de mudança de faixa";"Colisão lateral mesmo sentido";"Com Vítimas Fatais";"Anoitecer";"Decrescente";"Céu Claro";"Dupla";"Reta";"Não";4;1;0;0;2;1;0;4;-29,8263459;-50,2482636;"SPRF-RS";"DEL03-RS";"UOP01-DEL03-RS"
503396;2023-02-05;"domingo";"21:30:00";"SC";116;19,6;"MAFRA";"Ingestão de álcool pelo condutor";"Colisão frontal";"Com Vítimas Feridas";"Plena Noite";"Decrescente";"Céu Claro";"Simples";"Reta";"Não";3;0;1;0;1;1;1;3;-26,23352178;-49,8980914;"SPRF-SC";"DEL06-SC";"UOP01-DEL06-SC"
503397;2023-02-05;"domingo";"18:10:00";"MA";316;307;"OLHO DAGUA DAS CUNHAS";"Ultrapassagem Indevida";"Colisão lateral mesmo sentido";"Com Vítimas Feridas";"Anoitecer";"Decrescente";"Chuva";"Simples";"Reta";"Não";3;0;3;0;0;0;3;2;-3,962662;-45,134556;"SPRF-MA";"DEL02-MA";"UOP01-DEL02-MA"
503401;2023-02-05;"domingo";"21:56:00";"TO";153;176;"NOVA OLINDA";"Reação tardia ou ineficiente do condutor";"Colisão lateral sentido oposto";"Com Vítimas Feridas";"Plena Noite";"Decrescente";"Nublado";"Simples";"Reta";"Não";11;0;2;0;9;0;2;2;-7,44599007;-48,36790076;"SPRF-TO";"DEL02-TO";"UOP01-DEL02-TO"
503416;2023-02-05;"domingo";"22:30:00";"MA";226;308,9;"BARRA DO CORDA";"Transitar na contramão";"Colisão frontal";"Com Vítimas Feridas";"Plena Noite";"Decrescente";"Céu Claro";"Simples";"Curva";"Não";5;0;2;1;1;1;3;3;-5,45239279;-45,29276064;"SPRF-MA";"DEL06-MA";"UOP01-DEL06-MA"
503418;2023-02-06;"segunda-feira";"01:00:00";"SC";101;150;"ITAPEMA";"Reação tardia ou ineficiente do condutor";"Colisão traseira";"Com Vítimas Feridas";"Plena Noite";"Crescente";"Nublado";"Múltipla";"Reta";"Sim";3;0;0;1;1;1;1;3;-27,11744799;-48,60940987;"SPRF-SC";"DEL04-SC";"UOP03-DEL04-SC"
503421;2023-02-06;"segunda-feira";"01:50:00";"MG";153;34;"CANAPOLIS";"Ausência de reação do condutor";"Colisão transversal";"Sem Vítimas";"Plena Noite";"Crescente";"Vento";"Dupla";"Reta";"Não";3;0;0;0;3;0;0;2;-18,71074793;-49,13692422;"SPRF-MG";"DEL15-MG";"UOP03-DEL15-MG"
503423;2023-02-06;"segunda-feira";"03:30:00";"GO";153;623,1;"MORRINHOS";"Pedestre andava na pista";"Atropelamento de Pedestre";"Com Vítimas Fatais";"Plena Noite";"Crescente";"Nublado";"Dupla";"Aclive";"Não";3;1;0;0;1;1;0;3;-17,7483;-49,1598;"SPRF-GO";"DEL03-GO";"UOP01-DEL03-GO"
503425;2023-02-06;"segunda-feira";"03:55:00";"RS";290;391;"SANTA MARGARIDA DO SUL";"Transitar na contramão";"Colisão lateral sentido oposto";"Sem Vítimas";"Plena Noite";"Decrescente";"Céu Claro";"Simples";"Reta";"Não";3;0;0;0;1;3;0;4;-30,339996;-54,055267;"SPRF-RS";"DEL09-RS";"UOP02-DEL09-RS"
503438;2023-02-06;"segunda-feira";"06:30:00";"SC";470;51;"BLUMENAU";"Ausência de reação do condutor";"Colisão com objeto";"Com Vítimas Feridas";"Amanhecer";"Decrescente";"Céu Claro";"Dupla";"Reta;Em Obras";"Sim";2;0;1;0;0;1;1;2;-26,86281164;-49,08999324;"SPRF-SC";"DEL04-SC";"UOP01-DEL04-SC"
503445;2023-02-06;"segunda-feira";"06:40:00";"RJ";393;274;"BARRA DO PIRAI";"Velocidade Incompatível";"Tombamento";"Com Vítimas Feridas";"Pleno dia";"Crescente";"Céu Claro";"Simples";"Curva";"Não";2;0;1;0;0;1;1;2;-22,48328327;-43,96042792;"SPRF-RJ";"DEL05-RJ";"UOP04-DEL05-RJ"
503448;2023-02-06;"segunda-feira";"05:30:00";"MG";50;56,8;"UBERLANDIA";"Velocidade Incompatível";"Saída de leito carroçável";"Sem Vítimas";"Amanhecer";"Decrescente";"Céu Claro";"Dupla";"Declive;Curva";"Não";3;0;0;0;2;1;0;3;-18,78116115;-48,23825717;"SPRF-MG";"DEL15-MG";"UOP02-DEL15-MG"
503451;2023-02-06;"segunda-feira";"08:10:00";"RN";304;296,5;"MACAIBA";"Ausência de reação do condutor";"Colisão lateral mesmo sentido";"Sem Vítimas";"Pleno dia";"Decrescente";"Céu Claro";"Simples";"Interseção de Vias";"Sim";2;0;0;0;2;0;0;2;-5,86484905;-35,34931012;"SPRF-RN";"DEL01-RN";"UOP02-DEL01-RN"
503453;2023-02-06;"segunda-feira";"07:30:00";"PR";116;105;"SAO JOSE DOS PINHAIS";"Acessar a via sem observar a presença dos outros veículos";"Colisão lateral mesmo sentido";"Sem Vítimas";"Amanhecer";"Crescente";"Nevoeiro/Neblina";"Dupla";"Reta";"Sim";3;0;0;0;2;1;0;3;-25,56635207;-49,16833598;"SPRF-PR";"DEL01-PR";"UOP07-DEL01-PR"
503458;2023-02-05;"domingo";"14:30:00";"MT";158;455;"RIBEIRAO CASCALHEIRA";"Ausência de reação do condutor";"Tombamento";"Com Vítimas Feridas";"Pleno dia";"Decrescente";"Céu Claro";"Simples";"Curva";"Não";2;0;1;0;0;2;1;3;-13,15239901;-51,92201207;"SPRF-MT";"DEL07-MT";"UOP02-DEL07-MT"
503459;2023-02-06;"segunda-feira";"07:50:00";"PR";467;85;"CASCAVEL";"Manobra de mudança de faixa";"Colisão lateral mesmo sentido";"Com Vítimas Feridas";"Pleno dia";"Crescente";"Céu Claro";"Dupla";"Reta";"Sim";2;0;1;0;1;0;1;2;-24,8238;-53,6499;"SPRF-PR";"DEL04-PR";"UOP01-DEL04-PR"
503460;2023-02-06;"segunda-feira";"08:10:00";"RS";386;282,8;"SAO JOSE DO HERVAL";"Condutor Dormindo";"Colisão frontal";"Com Vítimas Fatais";"Pleno dia";"Crescente";"Sol";"Simples";"Curva";"Não";2;1;0;0;1;0;0;2;-29,03581;-52,298683;"SPRF-RS";"DEL04-RS";"UOP03-DEL04-RS"
503461;2023-02-06;"segunda-feira";"09:00:00";"SC";101;203,6;"SAO JOSE";"Ausência de reação do condutor";"Colisão traseira";"Com Vítimas Feridas";"Pleno dia";"Crescente";"Céu Claro";"Múltipla";"Reta";"Sim";4;0;1;0;2;2;1;5;-27,5650044;-48,61460082;"SPRF-SC";"DEL01-SC";"UOP01-DEL01-SC"
503463;2023-01-19;"quinta-feira";"02:20:00";"PR";153;9,7;"JACAREZINHO";"Manobra de mudança de faixa";"Colisão frontal";"Com Vítimas Feridas";"Plena Noite";"Decrescente";"Céu Claro";"Simples";"Reta";"Não";3;0;0;1;1;1;1;3;-23,06718709;-49,93251361;"SPRF-PR";"DEL07-PR";"UOP04-DEL07-PR"
503465;2023-02-06;"segunda-feira";"06:30:00";"MG";381;377,8;"SAO GONCALO DO RIO ABAIXO";"Chuva";"Colisão frontal";"Com Vítimas Feridas";"Pleno dia";"Crescente";"Chuva";"Simples";"Declive;Curva";"Não";2;0;0;1;1;0;1;2;-19,83376284;-43,36060015;"SPRF-MG";"DEL01-MG";"UOP01-DEL01-MG"
503466;2023-02-06;"segunda-feira";"09:34:00";"GO";60;197;"GUAPO";"Ausência de reação do condutor";"Colisão traseira";"Com Vítimas Feridas";"Pleno dia";"Decrescente";"Céu Claro";"Dupla";"Reta";"Não";2;0;1;0;1;0;1;2;-16,8546;-49,5945;"SPRF-GO";"DEL01-GO";"UOP02-DEL01-GO"
503468;2023-02-06;"segunda-feira";"08:30:00";"MG";40;628,6;"CONSELHEIRO LAFAIETE";"Pedestre cruzava a pista fora da faixa";"Atropelamento de Pedestre";"Com Vítimas Feridas";"Pleno dia";"Decrescente";"Céu Claro";"Múltipla";"Curva";"Não";2;0;0;1;1;0;1;2;-20,65362725;-43,80877733;"SPRF-MG";"DEL05-MG";"UOP02-DEL05-MG"
503474;2023-02-06;"segunda-feira";"08:45:00";"PR";163;83,2;"PLANALTO";"Acessar a via sem observar a presença dos outros veículos";"Colisão transversal";"Com Vítimas Feridas";"Pleno dia";"Decrescente";"Céu Claro";"Simples";"Interseção de Vias";"Sim";3;0;1;0;2;0;1;2;-25,73044895;-53,79670803;"SPRF-PR";"DEL02-PR";"UOP02-DEL02-PR"
503476;2023-02-06;"segunda-feira";"08:30:00";"MG";40;754,9;"EWBANK DA CAMARA";"Reação tardia ou ineficiente do condutor";"Saída de leito carroçável";"Sem Vítimas";"Pleno dia";"Decrescente";"Sol";"Dupla";"Curva";"Não";2;0;0;0;1;1;0;2;-21,52696266;-43,52023602;"SPRF-MG";"DEL05-MG";"UOP01-DEL05-MG"
503479;2023-02-06;"segunda-feira";"01:40:00";"MS";262;416;"TERENOS";"Condutor Dormindo";"Tombamento";"Com Vítimas Feridas";"Plena Noite";"Crescente";"Céu Claro";"Simples";"Reta";"Não";2;0;1;0;0;2;1;3;-20,45234726;-55,17136574;"SPRF-MS";"DEL01-MS";"UOP03-DEL01-MS"
503488;2023-02-06;"segunda-feira";"11:30:00";"TO";153;540;"NOVA ROSALANDIA";"Desrespeitar a preferência no cruzamento";"Colisão transversal";"Com Vítimas Feridas";"Pleno dia";"Crescente";"Céu Claro";"Dupla";"Interseção de Vias;Reta";"Sim";26;0;2;0;24;0;2;2;-10,56258187;-48,91353744;"SPRF-TO";"DEL01-TO";"UOP01-DEL01-TO"
503489;2023-02-06;"segunda-feira";"11:10:00";"SP";116;337;"JUQUITIBA";"Entrada inopinada do pedestre";"Atropelamento de Pedestre";"Com Vítimas Feridas";"Pleno dia";"Crescente";"Sol";"Dupla";"Reta;Declive";"Sim";3;0;0;1;1;1;1;3;-23,9818403;-47,14564419;"SPRF-SP";"DEL04-SP";"UOP03-DEL04-SP"
503493;2023-02-03;"sexta-feira";"11:15:00";"PR";476;252,4;"ANTONIO OLINTO";"Demais falhas mecânicas ou elétricas";"Saída de leito carroçável";"Com Vítimas Feridas";"Pleno dia";"Decrescente";"Sol";"Simples";"Declive;Reta";"Não";2;0;2;0;0;0;2;1;-25,881222;-50,174;"SPRF-PR";"DEL02-PR";"UOP03-DEL02-PR"
503499;2023-02-06;"segunda-feira";"10:20:00";"RJ";116;189;"NOVA IGUACU";"Demais falhas mecânicas ou elétricas";"Colisão traseira";"Sem Vítimas";"Pleno dia";"Crescente";"Céu Claro";"Dupla";"Reta";"Sim";3;0;0;0;2;1;0;3;-22,73765712;-43,49182298;"SPRF-RJ";"DEL01-RJ";"UOP02-DEL01-RJ"
503500;2023-02-06;"segunda-feira";"11:00:00";"RJ";116;270;"BARRA MANSA";"Demais falhas mecânicas ou elétricas";"Incêndio";"Sem Vítimas";"Pleno dia";"Decrescente";"Sol";"Dupla";"Curva";"Sim";2;0;0;0;1;1;0;2;-22,56923335;-44,12024318;"SPRF-RJ";"DEL07-RJ";"UOP02-DEL07-RJ"
503508;2023-02-06;"segunda-feira";"10:40:00";"MG";153;46,5;"MONTE ALEGRE DE MINAS";"Pista esburacada";"Colisão com objeto";"Com Vítimas Feridas";"Pleno dia";"Decrescente";"Céu Claro";"Dupla";"Aclive";"Não";2;0;1;0;0;1;1;2;-18,7877321;-49,08400664;"SPRF-MG";"DEL15-MG";"UOP03-DEL15-MG"
503518;2023-02-06;"segunda-feira";"13:55:00";"PE";408;95,3;"SAO LOURENCO DA MATA";"Condutor deixou de manter distância do veículo da frente";"Colisão traseira";"Com Vítimas Feridas";"Pleno dia";"Crescente";"Chuva";"Dupla";"Aclive;Reta";"Sim";2;0;1;0;1;0;1;2;-8,01186091;-35,04237616;"SPRF-PE";"DEL01-PE";"UOP01-DEL01-PE"
503526;2023-01-13;"sexta-feira";"15:50:00";"SC";282;195,3;"LAGES";"Condutor deixou de manter distância do veículo da frente";"Colisão traseira";"Sem Vítimas";"Pleno dia";"Crescente";"Nublado";"Simples";"Aclive";"Não";4;0;0;0;3;1;0;4;-27,746756;-50,084789;"SPRF-SC";"DEL05-SC";"UOP01-DEL05-SC"
503528;2023-02-06;"segunda-feira";"06:30:00";"SC";282;85,5;"ALFREDO WAGNER";"Problema com o freio";"Tombamento";"Com Vítimas Feridas";"Pleno dia";"Crescente";"Céu Claro";"Simples";"Curva";"Não";1;0;1;0;0;0;1;1;-27,667007;-49,192802;"SPRF-SC";"DEL01-SC";"UOP03-DEL01-SC"
503531;2023-02-06;"segunda-feira";"13:50:00";"RS";158;264,5;"JULIO DE CASTILHOS";"Acessar a via sem observar a presença dos outros veículos";"Colisão transversal";"Sem Vítimas";"Pleno dia";"Crescente";"Céu Claro";"Simples";"Reta";"Sim";3;0;0;0;2;1;0;3;-29,238945;-53,66561;"SPRF-RS";"DEL09-RS";"UOP01-DEL09-RS"
503541;2023-02-06;"segunda-feira";"15:50:00";"PB";230;35,2;"BAYEUX";"Manobra de mudança de faixa";"Colisão lateral mesmo sentido";"Com Vítimas Feridas";"Pleno dia";"Crescente";"Sol";"Dupla";"Interseção de Vias;Retorno Regulamentado;Declive";"Sim";4;0;1;0;3;0;1;3;-7,12693378;-34,94130927;"SPRF-PB";"DEL01-PB";"UOP01-DEL01-PB"
503542;2023-02-06;"segunda-feira";"15:30:00";"RJ";116;311;"RESENDE";"Acumulo de água sobre o pavimento";"Colisão lateral mesmo sentido";"Com Vítimas Feridas";"Pleno dia";"Decrescente";"Chuva";"Dupla";"Reta";"Não";2;0;1;0;0;1;1;2;-22,4665611;-44,49428558;"SPRF-RJ";"DEL07-RJ";"UOP02-DEL07-RJ"
503545;2023-02-06;"segunda-feira";"16:00:00";"PR";116;98;"SAO JOSE DOS PINHAIS";"Reação tardia ou ineficiente do condutor";"Colisão com objeto";"Com Vítimas Feridas";"Pleno dia";"Decrescente";"Céu Claro";"Múltipla";"Reta";"Sim";3;0;1;0;1;1;1;3;-25,51973222;-49,13431573;"SPRF-PR";"DEL01-PR";"UOP07-DEL01-PR"
503550;2023-02-06;"segunda-feira";"16:30:00";"RN";101;81,9;"NATAL";"Condutor deixou de manter distância do veículo da frente";"Colisão traseira";"Com Vítimas Feridas";"Pleno dia";"Crescente";"Nublado";"Dupla";"Interseção de Vias;Reta";"Sim";4;0;0;2;2;0;2;2;-5,76469466;-35,28295988;"SPRF-RN";"DEL02-RN";"UOP01-DEL02-RN"
503552;2023-02-06;"segunda-feira";"10:00:00";"MT";70;708,8;"CACERES";"Chuva";"Colisão frontal";"Com Vítimas Feridas";"Pleno dia";"Crescente";"Chuva";"Simples";"Curva";"Não";2;0;0;2;0;0;2;2;-16,22673794;-57,56919622;"SPRF-MT";"DEL03-MT";"UOP01-DEL03-MT"
503554;2023-02-06;"segunda-feira";"16:55:00";"RJ";101;56;"CAMPOS DOS GOYTACAZES";"Acessar a via sem observar a presença dos outros veículos";"Colisão transversal";"Com Vítimas Feridas";"Anoitecer";"Crescente";"Nublado";"Simples";"Reta";"Sim";2;0;0;1;1;0;1;2;-21,67827099;-41,31079872;"SPRF-RJ";"DEL08-RJ";"UOP01-DEL08-RJ"
503560;2023-02-06;"segunda-feira";"16:50:00";"MG";153;17;"CENTRALINA";"Velocidade Incompatível";"Colisão traseira";"Com Vítimas Feridas";"Pleno dia";"Decrescente";"Céu Claro";"Dupla";"Reta";"Não";3;0;1;1;0;2;2;4;-18,569555;-49,193806;"SPRF-MG";"DEL15-MG";"UOP03-DEL15-MG"
503561;2023-02-06;"segunda-feira";"17:20:00";"PR";376;649;"TIJUCAS DO SUL";"Manobra de mudança de faixa";"Colisão lateral mesmo sentido";"Sem Vítimas";"Pleno dia";"Crescente";"Céu Claro";"Dupla";"Reta";"Não";4;0;0;0;4;0;0;3;-25,84592132;-49,09776415;"SPRF-PR";"DEL01-PR";"UOP04-DEL01-PR"
503573;2023-02-06;"segunda-feira";"18:50:00";"RJ";116;106;"GUAPIMIRIM";"Conversão proibida";"Colisão frontal";"Com Vítimas Fatais";"Plena Noite";"Crescente";"Chuva";"Simples";"Interseção de Vias;Reta";"Sim";5;1;1;0;3;0;1;2;-22,521951;-43,00070097;"SPRF-RJ";"DEL04-RJ";"UOP01-DEL04-RJ"
503575;2023-02-06;"segunda-feira";"17:15:00";"RJ";393;184;"PARAIBA DO SUL";"Ultrapassagem Indevida";"Colisão lateral mesmo sentido";"Com Vítimas Feridas";"Pleno dia";"Decrescente";"Nublado";"Simples";"Reta";"Não";2;0;1;0;1;0;1;2;-22,14296968;-43,27570421;"SPRF-RJ";"DEL05-RJ";"UOP03-DEL05-RJ"
503577;2023-02-06;"segunda-feira";"17:50:00";"RS";116;202,7;"PICADA CAFE";"Transitar na contramão";"Colisão frontal";"Com Vítimas Feridas";"Pleno dia";"Crescente";"Céu Claro";"Simples";"Reta";"Não";3;0;0;1;1;1;1;3;-29,485036;-51,15194;"SPRF-RS";"DEL05-RS";"UOP02-DEL05-RS"
503578;2023-02-06;"segunda-feira";"16:45:00";"PB";230;51;"SANTA RITA";"Manobra de mudança de faixa";"Colisão lateral mesmo sentido";"Com Vítimas Feridas";"Pleno dia";"Crescente";"Sol";"Dupla";"Reta";"Não";5;0;1;0;1;3;1;4;-7,1897;-35,0615;"SPRF-PB";"DEL01-PB";"UOP03-DEL01-PB"
503588;2023-02-06;"segunda-feira";"20:10:00";"RS";285;455,5;"IJUI";"Manobra de mudança de faixa";"Colisão lateral sentido oposto";"Com Vítimas Feridas";"Plena Noite";"Crescente";"Céu Claro";"Simples";"Interseção de Vias";"Sim";3;0;0;1;1;1;1;3;-28,3865;-53,8899;"SPRF-RS";"DEL10-RS";"UOP01-DEL10-RS"
503593;2023-02-06;"segunda-feira";"20:10:00";"DF";20;24,8;"BRASILIA";"Reação tardia ou ineficiente do condutor";"Colisão com objeto";"Sem Vítimas";"Plena Noite";"Crescente";"Garoa/Chuvisco";"Dupla";"Curva";"Não";2;0;0;0;1;1;0;2;-15,594831;-47,658615;"SPRF-DF";"DEL02-DF";"UOP01-DEL02-DF"
503595;2023-02-06;"segunda-feira";"15:30:00";"MG";262;528;"LUZ";"Transitar na contramão";"Saída de leito carroçável";"Com Vítimas Feridas";"Pleno dia";"Decrescente";"Chuva";"Simples";"Declive";"Não";8;0;6;0;1;1;6;2;-19,7835411;-45,69549599;"SPRF-MG";"DEL08-MG";"UOP02-DEL08-MG"
503600;2023-02-06;"segunda-feira";"10:15:00";"RJ";40;121;"DUQUE DE CAXIAS";"Condutor deixou de manter distância do veículo da frente";"Colisão lateral mesmo sentido";"Sem Vítimas";"Pleno dia";"Crescente";"Céu Claro";"Múltipla";"Reta";"Sim";3;0;0;0;2;1;0;3;-22,78185499;-43,28571273;"SPRF-RJ";"DEL01-RJ";"UOP01-DEL01-RJ"
503609;2023-02-06;"segunda-feira";"13:44:00";"MT";158;629;"AGUA BOA";"Ausência de reação do condutor";"Saída de leito carroçável";"Sem Vítimas";"Pleno dia";"Decrescente";"Nublado";"Simples";"Reta";"Não";2;0;0;0;1;4;0;5;-14,52498911;-52,30291179;"SPRF-MT";"DEL07-MT";"UOP02-DEL07-MT"
503612;2023-02-06;"segunda-feira";"22:40:00";"SP";116;206;"GUARULHOS";"Ingestão de álcool pelo condutor";"Colisão transversal";"Sem Vítimas";"Plena Noite";"Decrescente";"Nublado";"Múltipla";"Reta";"Sim";3;0;0;0;2;1;0;3;-23,41722629;-46,37510292;"SPRF-SP";"DEL01-SP";"UOP01-DEL01-SP"
503619;2023-02-06;"segunda-feira";"23:00:00";"PR";376;503;"PONTA GROSSA";"Demais falhas mecânicas ou elétricas";"Incêndio";"Sem Vítimas";"Plena Noite";"Crescente";"Ignorado";"Simples";"Reta";"Sim";3;0;0;0;1;3;0;4;-25,22314697;-50,05150696;"SPRF-PR";"DEL03-PR";"UOP04-DEL03-PR"
503620;2023-02-06;"segunda-feira";"23:45:00";"ES";101;14;"PEDRO CANARIO";"Ausência de reação do condutor";"Tombamento";"Com Vítimas Feridas";"Plena Noite";"Decrescente";"Céu Claro";"Simples";"Curva";"Não";2;0;1;0;0;2;1;3;-18,28229192;-39,95687688;"SPRF-ES";"DEL04-ES";"UOP02-DEL04-ES"
503624;2023-02-06;"segunda-feira";"22:00:00";"PI";230;284;"FLORIANO";"Transitar na contramão";"Colisão frontal";"Com Vítimas Feridas";"Plena Noite";"Decrescente";"Nublado";"Simples";"Reta";"Não";2;0;0;1;0;1;1;2;-6,90048915;-42,82038913;"SPRF-PI";"DEL03-PI";"UOP01-DEL03-PI"