"id";"data_inversa";"dia_semana";"horario";"uf";"br";"km";"municipio";"causa_acidente";"tipo_acidente";"classificacao_acidente";"fase_dia";"sentido_via";"condicao_metereologica";"tipo_pista";"tracado_via";"uso_solo";"pessoas";"mortos";"feridos_leves";"feridos_graves";"ilesos";"ignorados";"feridos";"veiculos";"latitude";"longitude";"regional";"delegacia";"uop"
503632;2023-02-07;"terça-feira";"05:20:00";"RS";116;614,8;"ARROIO GRANDE";"Reação tardia ou ineficiente do condutor";"Colisão traseira";"Com Vítimas Feridas";"Amanhecer";"Crescente";"Céu Claro";"Simples";"Reta;Interseção de Vias";"Não";3;0;0;1;2;0;1;3;-32,26517521;-53,0912018;"SPRF-RS";"DEL07-RS";"UOP03-DEL07-RS"
503638;2023-02-07;"terça-feira";"06:40:00";"AL";423;36;"CANAPI";"Condutor deixou de manter distância do veículo da frente";"Colisão traseira";"Sem Vítimas";"Pleno dia";"Crescente";"Céu Claro";"Simples";"Reta;Declive";"Não";2;0;0;0;2;0;0;2;-9,22173272;-37,60127209;"SPRF-AL";"DEL03-AL";"UOP02-DEL03-AL"
503644;2023-02-07;"terça-feira";"08:00:00";"RS";285;339;"CARAZINHO";"Acessar a via sem observar a presença dos outros veículos";"Colisão transversal";"Com Vítimas Feridas";"Pleno dia";"Decrescente";"Céu Claro";"Simples";"Reta;Declive";"Sim";2;0;1;0;1;0;1;2;-28,31284;-52,788609;"SPRF-RS";"DEL08-RS";"UOP03-DEL08-RS"
503645;2023-02-07;"terça-feira";"08:11:00";"PE";232;78,8;"GRAVATA";"Acessar a via sem observar a presença dos outros veículos";"Colisão traseira";"Com Vítimas Feridas";"Pleno dia";"Crescente";"Céu Claro";"Múltipla";"Reta";"Sim";4;0;1;1;1;1;2;4;-8,19343658;-35,55186505;"SPRF-PE";"DEL02-PE";"UOP02-DEL02PE"
503646;2023-02-07;"terça-feira";"09:00:00";"SP";116;405;"MIRACATU";"Condutor deixou de manter distância do veículo da frente";"Colisão traseira";"Com Vítimas Feridas";"Pleno dia";"Decrescente";"Céu Claro";"Dupla";"Reta";"Não";3;0;1;0;1;1;1;3;-24,32322982;-47,54625904;"SPRF-SP";"DEL04-SP";"UOP02-DEL04-SP"
503648;2023-01-27;"sexta-feira";"13:50:00";"SC";158;107;"CUNHA PORA";"Acessar a via sem observar a presença dos outros veículos";"Tombamento";"Com Vítimas Feridas";"Pleno dia";"Decrescente";"Céu Claro";"Simples";"Reta;Em Obras";"Não";4;0;1;0;2;3;1;6;-26,86864986;-53,16268086;"SPRF-SC";"DEL07-SC";"UOP02-DEL07-SC"
503656;2023-01-26;"quinta-feira";"21:32:00";"RS";392;66,9;"PELOTAS";"Desrespeitar a preferência no cruzamento";"Colisão transversal";"Com Vítimas Feridas";"Plena Noite";"Crescente";"Céu Claro";"Simples";"Rotatória";"Sim";4;0;2;0;1;2;2;4;-31,7627503;-52,39165019;"SPRF-RS";"DEL07-RS";"UOP01-DEL07-RS"
503662;2023-02-07;"terça-feira";"11:33:00";"RJ";116;172;"RIO DE JANEIRO";"Mal súbito do condutor";"Colisão com objeto";"Com Vítimas Feridas";"Pleno dia";"Decrescente";"Céu Claro";"Dupla";"Reta";"Sim";4;0;0;1;1;2;1;4;-22,80188151;-43,35043673;"SPRF-RJ";"DEL01-RJ";"UOP02-DEL01-RJ"
503669;2023-02-07;"terça-feira";"12:40:00";"MG";153;195,7;"FRUTAL";"Problema com o freio";"Colisão traseira";"Com Vítimas Feridas";"Pleno dia";"Crescente";"Nublado";"Simples";"Curva";"Não";3;0;3;0;0;0;3;3;-19,93807775;-48,95799637;"SPRF-MG";"DEL13-MG";"UOP02-DEL13-MG"
503675;2023-02-07;"terça-feira";"13:15:00";"SP";116;538;"BARRA DO TURVO";"Ausência de reação do condutor";"Colisão traseira";"Com Vítimas Fatais";"Pleno dia";"Crescente";"Céu Claro";"Dupla";"Reta";"Não";4;1;0;1;1;2;1;4;-24,97172153;-48,37309592;"SPRF-SP";"DEL05-SP";"UOP02-DEL05-SP"
503676;2023-02-07;"terça-feira";"12:15:00";"RO";364;709;"PORTO VELHO";"Condutor deixou de manter distância do veículo da frente";"Colisão traseira";"Sem Vítimas";"Pleno dia";"Crescente";"Nublado";"Dupla";"Reta";"Sim";5;0;0;0;4;1;0;3;-8,7909383;-63,84895617;"SPRF-RO";"DEL01-RO";"UOP01-DEL01-RO"
503681;2023-01-21;"sábado";"05:20:00";"SC";470;250,8;"CURITIBANOS";"Transitar na contramão";"Colisão frontal";"Com Vítimas Fatais";"Amanhecer";"Crescente";"Céu Claro";"Simples";"Reta";"Não";6;4;1;0;0;1;1;3;-27,3121834;-50,5951378;"SPRF-SC";"DEL05-SC";"UOP03-DEL05-SC"
503683;2023-02-07;"terça-feira";"13:49:00";"MG";40;702,5;"BARBACENA";"Ausência de reação do condutor";"Colisão traseira";"Com Vítimas Fatais";"Pleno dia";"Decrescente";"Sol";"Simples";"Curva;Interseção de Vias";"Não";4;1;0;0;1;3;0;5;-21,21955;-43,735742;"SPRF-MG";"DEL05-MG";"UOP02-DEL05-MG"
503684;2023-02-07;"terça-feira";"14:10:00";"RS";116;268,9;"CANOAS";"Acessar a via sem observar a presença dos outros veículos";"Colisão lateral mesmo sentido";"Com Vítimas Feridas";"Pleno dia";"Decrescente";"Céu Claro";"Dupla";"Reta";"Sim";2;0;1;0;1;0;1;2;-29,95042502;-51,17652939;"SPRF-RS";"DEL01-RS";"UOP01-DEL01-RS"
503687;2023-02-07;"terça-feira";"14:40:00";"ES";101;373,4;"ICONHA";"Reação tardia ou ineficiente do condutor";"Saída de leito carroçável";"Com Vítimas Feridas";"Pleno dia";"Decrescente";"Céu Claro";"Simples";"Reta";"Não";1;0;1;0;0;0;1;1;-20,78076895;-40,78058417;"SPRF-ES";"DEL03-ES";"UOP01-DEL03-ES"
503691;2023-02-07;"terça-feira";"15:00:00";"RJ";116;179;"BELFORD ROXO";"Condutor deixou de manter distância do veículo da frente";"Engavetamento";"Com Vítimas Feridas";"Pleno dia";"Crescente";"Chuva";"Dupla";"Reta";"Não";6;0;1;0;4;1;1;6;-22,769902;-43,408036;"SPRF-RJ";"DEL01-RJ";"UOP02-DEL01-RJ"
503694;2023-02-07;"terça-feira";"11:00:00";"SC";282;408,1;"CATANDUVAS";"Transitar na contramão";"Colisão frontal";"Com Vítimas Feridas";"Pleno dia";"Decrescente";"Céu Claro";"Simples";"Reta";"Não";5;0;2;0;2;1;2;4;-27,074812;-51,663269;"SPRF-SC";"DEL07-SC";"UOP05-DEL07-SC"
503713;2023-02-07;"terça-feira";"16:50:00";"RS";153;3;"MARCELINO RAMOS";"Ingestão de álcool pelo condutor";"Colisão lateral mesmo sentido";"Sem Vítimas";"Pleno dia";"Decrescente";"Céu Claro";"Simples";"Declive;Reta";"Não";3;0;0;0;2;1;0;3;-27,39202692;-52,00953309;"SPRF-RS";"DEL08-RS";"UOP04-DEL08-RS"
503725;2023-02-07;"terça-feira";"16:00:00";"MG";40;516,6;"RIBEIRAO DAS NEVES";"Acumulo de água sobre o pavimento";"Engavetamento";"Com Vítimas Feridas";"Pleno dia";"Decrescente";"Chuva";"Dupla";"Reta";"Sim";8;0;4;1;3;0;5;3;-19,81628624;-44,08960124;"SPRF-MG";"DEL01-MG";"UOP02-DEL01-MG"
503731;2023-02-07;"terça-feira";"09:50:00";"SC";470;193,8;"POUSO REDONDO";"Reação tardia ou ineficiente do condutor";"Saída de leito carroçável";"Com Vítimas Fatais";"Pleno dia";"Decrescente";"Sol";"Simples";"Declive;Curva";"Não";2;1;0;0;0;1;0;2;-27,3013627;-50,0796379;"SPRF-SC";"DEL04-SC";"UOP02-DEL04-SC"
503734;2023-02-07;"terça-feira";"16:25:00";"MG";251;299;"SALINAS";"Velocidade Incompatível";"Colisão lateral sentido oposto";"Com Vítimas Feridas";"Pleno dia";"Decrescente";"Céu Claro";"Simples";"Aclive;Curva";"Não";3;0;1;0;1;2;1;4;-16,12787378;-42,22597419;"SPRF-MG";"DEL12-MG";"UOP01-DEL12-MG"
503735;2023-02-07;"terça-feira";"17:35:00";"SE";101;94,8;"NOSSA SENHORA DO SOCORRO";"Manobra de mudança de faixa";"Colisão lateral mesmo sentido";"Com Vítimas Feridas";"Anoitecer";"Crescente";"Céu Claro";"Dupla";"Reta";"Sim";5;0;2;0;2;1;2;3;-10,90732013;-37,15236691;"SPRF-SE";"DEL01-SE";"UOP01-DEL01-SE"
503737;2023-01-31;"terça-feira";"22:00:00";"PR";277;322;"GUARAPUAVA";"Ultrapassagem Indevida";"Colisão frontal";"Com Vítimas Fatais";"Plena Noite";"Crescente";"Chuva";"Dupla";"Reta";"Sim";8;1;1;0;5;1;1;4;-25,35708881;-51,23746716;"SPRF-PR";"DEL08-PR";"UOP01-DEL08-PR"
503752;2023-02-07;"terça-feira";"16:00:00";"PE";232;122,6;"CARUARU";"Ausência de reação do condutor";"Colisão traseira";"Com Vítimas Feridas";"Pleno dia";"Crescente";"Céu Claro";"Dupla";"Reta;Aclive";"Não";4;0;1;1;2;0;2;2;-8,30217741;-35,91946793;"SPRF-PE";"DEL02-PE";"UOP01-DEL02-PE"
503756;2023-02-07;"terça-feira";"19:35:00";"SP";116;144;"SAO JOSE DOS CAMPOS";"Condutor Dormindo";"Colisão com objeto";"Com Vítimas Feridas";"Plena Noite";"Decrescente";"Chuva";"Dupla";"Reta";"Não";4;0;0;1;2;1;1;4;-23,18274416;-45,84633592;"SPRF-SP";"DEL02-SP";"UOP01-DEL02-SP"
503763;2023-02-07;"terça-feira";"21:10:00";"PE";232;9,4;"JABOATAO DOS GUARARAPES";"Reação tardia ou ineficiente do condutor";"Tombamento";"Com Vítimas Fatais";"Plena Noite";"Decrescente";"Céu Claro";"Simples";"Reta;Desvio Temporário;Em Obras";"Não";2;1;0;0;1;0;0;2;-8,07764447;-34,97863609;"SPRF-PE";"DEL01-PE";"UOP01-DEL01-PE"
503764;2023-01-03;"terça-feira";"14:20:00";"RS";386;409,3;"TRIUNFO";"Condutor deixou de manter distância do veículo da frente";"Colisão traseira";"Com Vítimas Feridas";"Pleno dia";"Decrescente";"Céu Claro";"Dupla";"Reta;Declive";"Sim";2;0;1;0;1;0;1;2;-29,796766;-51,527248;"SPRF-RS";"DEL01-RS";"UOP01-DEL01-RS"
503766;2023-02-07;"terça-feira";"18:40:00";"MA";316;350,6;"BACABAL";"Demais falhas na via";"Colisão frontal";"Com Vítimas Fatais";"Plena Noite";"Decrescente";"Chuva";"Simples";"Reta";"Não";2;1;0;0;1;0;0;2;-4,23255;-44,878704;"SPRF-MA";"DEL02-MA";"UOP01-DEL02-MA"
503769;2023-02-07;"terça-feira";"21:30:00";"RS";386;366,2;"FAZENDA VILANOVA";"Manobra de mudança de faixa";"Colisão transversal";"Sem Vítimas";"Plena Noite";"Decrescente";"Céu Claro";"Dupla";"Reta";"Não";2;0;0;0;2;0;0;2;-29,572111;-51,855782;"SPRF-RS";"DEL04-RS";"NPF/DEL04-RS"
503773;2023-02-07;"terça-feira";"22:40:00";"SP";116;230,5;"SAO PAULO";"Estacionar ou parar em local proibido";"Colisão lateral mesmo sentido";"Com Vítimas Feridas";"Plena Noite";"Crescente";"Nublado";"Múltipla";"Reta";"Sim";7;0;1;0;5;1;1;5;-23,52251783;-46,5855702;"SPRF-SP";"DEL01-SP";"UOP01-DEL01-SP"
503776;2023-02-07;"terça-feira";"20:00:00";"MG";153;153;"COMENDADOR GOMES";"Reação tardia ou ineficiente do condutor";"Tombamento";"Com Vítimas Feridas";"Plena Noite";"Crescente";"Nublado";"Simples";"Reta";"Não";2;0;1;0;0;1;1;2;-19,62885262;-48,90963099;"SPRF-MG";"DEL13-MG";"UOP02-DEL13-MG"
503777;2023-02-07;"terça-feira";"16:00:00";"PI";343;231;"COCAL DE TELHA";"Chuva";"Colisão com objeto";"Sem Vítimas";"Pleno dia";"Decrescente";"Chuva";"Simples";"Reta";"Não";3;0;0;0;2;1;0;3;-4,607806;-41,989807;"SPRF-PI";"DEL01-PI";"UOP03-DEL01-PI"
503778;2023-02-07;"terça-feira";"23:20:00";"MG";381;5;"BETIM";"Demais falhas mecânicas ou elétricas";"Incêndio";"Sem Vítimas";"Plena Noite";"Crescente";"Chuva";"Dupla";"Reta;Declive";"Sim";2;0;0;0;1;1;0;2;-19,98821118;-44,18693662;"SPRF-MG";"DEL01-MG";"UOP03-DEL01-MG"
503782;2023-02-07;"terça-feira";"16:55:00";"MG";365;315;"JOAO PINHEIRO";"Demais falhas mecânicas ou elétricas";"Saída de leito carroçável";"Sem Vítimas";"Pleno dia";"Decrescente";"Nublado";"Simples";"Declive";"Não";2;0;0;0;1;1;0;2;-18,23642333;-45,85521656;"SPRF-MG";"DEL10-MG";"UOP01-DEL10-MG"
503783;2023-02-07;"terça-feira";"23:30:00";"MT";70;121;"GENERAL CARNEIRO";"Reação tardia ou ineficiente do condutor";"Tombamento";"Sem Vítimas";"Plena Noite";"Crescente";"Céu Claro";"Simples";"Reta";"Não";2;0;0;0;1;1;0;2;-15,59978313;-53,13010596;"SPRF-MT";"DEL07-MT";"UOP01-DEL07-MT"
503784;2023-02-08;"quarta-feira";"00:10:00";"RN";406;166;"SAO GONCALO DO AMARANTE";"Ausência de reação do condutor";"Saída de leito carroçável";"Sem Vítimas";"Plena Noite";"Crescente";"Céu Claro";"Simples";"Viaduto";"Sim";2;0;0;0;1;1;0;2;-5,7466896;-35,33149685;"SPRF-RN";"DEL02-RN";"UOP01-DEL02-RN"
503786;2023-02-07;"terça-feira";"22:00:00";"PR";476;286;"SAO MATEUS DO SUL";"Reação tardia ou ineficiente do condutor";"Colisão frontal";"Com Vítimas Feridas";"Plena Noite";"Crescente";"Nublado";"Simples";"Reta";"Não";3;0;0;1;1;1;1;3;-25,915325;-50,44857;"SPRF-PR";"DEL02-PR";"UOP03-DEL02-PR"
503789;2023-02-07;"terça-feira";"23:20:00";"PR";116;0,3;"CAMPINA GRANDE DO SUL";"Reação tardia ou ineficiente do condutor";"Tombamento";"Com Vítimas Feridas";"Plena Noite";"Decrescente";"Nublado";"Dupla";"Curva";"Não";2;0;0;1;0;1;1;2;-25,0604;-48,562973;"SPRF-PR";"DEL01-PR";"UOP02-DEL01-PR"
503790;2023-02-08;"quarta-feira";"01:00:00";"MG";381;416;"NOVA UNIAO";"Reação tardia ou ineficiente do condutor";"Colisão traseira";"Com Vítimas Feridas";"Plena Noite";"Crescente";"Céu Claro";"Dupla";"Reta";"Não";2;0;1;0;1;0;1;2;-19,75309407;-43,62966384;"SPRF-MG";"DEL01-MG";"UOP01-DEL01-MG"
503792;2023-02-08;"quarta-feira";"00:05:00";"MT";364;290;"JACIARA";"Ausência de reação do condutor";"Saída de leito carroçável";"Com Vítimas Feridas";"Plena Noite";"Decrescente";"Ignorado";"Dupla";"Reta";"Não";3;0;2;0;0;1;2;2;-15,90475053;-55,09158825;"SPRF-MT";"DEL05-MT";"UOP02-DEL05-MT"
503793;2023-02-08;"quarta-feira";"02:00:00";"TO";153;632,5;"ALIANCA DO TOCANTINS";"Ultrapassagem Indevida";"Colisão frontal";"Com Vítimas Fatais";"Plena Noite";"Decrescente";"Céu Claro";"Simples";"Reta";"Não";5;2;2;0;1;0;2;2;-11,37831284;-48,96763044;"SPRF-TO";"DEL01-TO";"UOP02-DEL01-TO"
503797;2023-02-08;"quarta-feira";"05:00:00";"PE";101;3,4;"GOIANA";"Carga excessiva e/ou mal acondicionada";"Derramamento de carga";"Com Vítimas Fatais";"Amanhecer";"Crescente";"Céu Claro";"Dupla";"Curva;Declive";"Não";2;1;0;0;1;0;0;2;-7,527848;-34,991907;"SPRF-PE";"DEL01-PE";"UOP02-DEL01-PE"
503799;2023-02-08;"quarta-feira";"05:00:00";"TO";153;671,3;"GURUPI";"Condutor deixou de manter distância do veículo da frente";"Colisão traseira";"Com Vítimas Feridas";"Amanhecer";"Crescente";"Nublado";"Dupla";"Reta";"Sim";3;0;1;0;1;1;1;3;-11,72075725;-49,07713594;"SPRF-TO";"DEL01-TO";"UOP02-DEL01-TO"
503801;2023-02-08;"quarta-feira";"06:30:00";"SE";101;155,8;"ESTANCIA";"Problema na suspensão";"Tombamento";"Com Vítimas Feridas";"Pleno dia";"Crescente";"Céu Claro";"Simples";"Curva";"Não";1;0;1;0;0;0;1;1;-11,28543839;-37,45485295;"SPRF-SE";"DEL02-SE";"UOP01-DEL02-SE"
503802;2023-02-08;"quarta-feira";"04:15:00";"MT";163;921;"ITAUBA";"Reação tardia ou ineficiente do condutor";"Colisão lateral sentido oposto";"Com Vítimas Feridas";"Amanhecer";"Crescente";"Céu Claro";"Simples";"Reta";"Não";3;0;1;0;1;2;1;4;-11,25135404;-55,30875986;"SPRF-MT";"DEL06-MT";"UOP02-DEL06-MT"
503803;2023-02-08;"quarta-feira";"07:00:00";"RS";386;17,9;"FREDERICO WESTPHALEN";"Demais falhas mecânicas ou elétricas";"Colisão frontal";"Com Vítimas Feridas";"Pleno dia";"Decrescente";"Sol";"Simples";"Curva";"Não";3;0;0;1;1;3;1;5;-27,239553;-53,328884;"SPRF-RS";"DEL08-RS";"UOP02-DEL08-RS"
503811;2023-01-31;"terça-feira";"23:20:00";"MG";381;403;"BOM JESUS DO AMPARO";"Manobra de mudança de faixa";"Colisão lateral mesmo sentido";"Com Vítimas Feridas";"Plena Noite";"Decrescente";"Céu Claro";"Dupla";"Reta";"Sim";4;0;1;0;2;2;1;4;-19,738091;-43,510637;"SPRF-MG";"DEL01-MG";"UOP01-DEL01-MG"
503835;2023-02-08;"quarta-feira";"09:00:00";"PR";277;592;"CASCAVEL";"Condutor deixou de manter distância do veículo da frente";"Engavetamento";"Com Vítimas Feridas";"Pleno dia";"Decrescente";"Céu Claro";"Simples";"Reta";"Sim";4;0;1;0;3;0;1;3;-24,98285697;-53,47319399;"SPRF-PR";"DEL04-PR";"UOP01-DEL04-PR"
503841;2023-02-08;"quarta-feira";"09:44:00";"PB";101;96,1;"CONDE";"Acesso irregular";"Colisão transversal";"Com Vítimas Feridas";"Pleno dia";"Decrescente";"Sol";"Dupla";"Retorno Regulamentado";"Sim";2;0;1;0;1;0;1;2;-7,23307172;-34,92258668;"SPRF-PB";"DEL01-PB";"UOP02-DEL01-PB"
503842;2023-02-08;"quarta-feira";"08:50:00";"SP";116;513;"CAJATI";"Reação tardia ou ineficiente do condutor";"Saída de leito carroçável";"Com Vítimas Feridas";"Pleno dia";"Decrescente";"Céu Claro";"Dupla";"Curva;Declive";"Não";4;0;2;0;1;1;2;3;-24,85022593;-48,20972443;"SPRF-SP";"DEL05-SP";"UOP02-DEL05-SP"
503844;2023-02-08;"quarta-feira";"09:00:00";"RJ";116;275;"BARRA MANSA";"Acessar a via sem observar a presença dos outros veículos";"Atropelamento de Pedestre";"Com Vítimas Feridas";"Pleno dia";"Decrescente";"Céu Claro";"Dupla";"Reta";"Sim";2;0;1;0;1;0;1;2;-22,56207185;-44,15671311;"SPRF-RJ";"DEL07-RJ";"UOP02-DEL07-RJ"
503845;2023-02-08;"quarta-feira";"09:30:00";"RS";290;143;"ELDORADO DO SUL";"Transitar na contramão";"Colisão lateral sentido oposto";"Com Vítimas Feridas";"Pleno dia";"Decrescente";"Sol";"Simples";"Reta";"Não";6;0;1;3;1;3;4;5;-30,093309;-51,637798;"SPRF-RS";"DEL02-RS";"UOP01-DEL02-RS"
503846;2023-02-07;"terça-feira";"00:15:00";"PR";476;326,5;"PAULA FREITAS";"Velocidade Incompatível";"Colisão frontal";"Com Vítimas Fatais";"Plena Noite";"Decrescente";"Céu Claro";"Simples";"Curva";"Não";3;1;0;0;1;1;0;3;-26,093042;-50,780262;"SPRF-PR";"DEL02-PR";"UOP03-DEL02-PR"
503855;2023-02-08;"quarta-feira";"08:00:00";"RJ";356;27;"ITAPERUNA";"Condutor Dormindo";"Colisão lateral sentido oposto";"Com Vítimas Feridas";"Pleno dia";"Decrescente";"Céu Claro";"Simples";"Reta";"Não";3;0;1;0;1;1;1;3;-21,2596838;-41,7699316;"SPRF-RJ";"DEL08-RJ";"UOP03-DEL08-RJ"
503859;2023-02-08;"quarta-feira";"12:55:00";"PR";369;143;"LONDRINA";"Reação tardia ou ineficiente do condutor";"Colisão lateral mesmo sentido";"Com Vítimas Feridas";"Pleno dia";"Crescente";"Céu Claro";"Dupla";"Reta";"Não";2;0;0;1;1;0;1;2;-23,29296057;-51,09685957;"SPRF-PR";"DEL07-PR";"UOP01-DEL07-PR"
503862;2023-02-08;"quarta-feira";"12:50:00";"ES";101;354;"ANCHIETA";"Acessar a via sem observar a presença dos outros veículos";"Colisão transversal";"Com Vítimas Feridas";"Pleno dia";"Crescente";"Céu Claro";"Simples";"Reta";"Não";9;0;5;0;2;2;5;3;-20,68854312;-40,67978692;"SPRF-ES";"DEL03-ES";"UOP01-DEL03-ES"
503865;2023-02-08;"quarta-feira";"12:15:00";"PR";158;221,1;"CAMPO MOURAO";"Acessar a via sem observar a presença dos outros veículos";"Colisão transversal";"Com Vítimas Feridas";"Pleno dia";"Decrescente";"Céu Claro";"Simples";"Reta";"Sim";2;0;0;1;1;0;1;2;-24,0702116;-52,3529601;"SPRF-PR";"DEL09-PR";"UOP03-DEL09-PR"
503866;2023-01-25;"quarta-feira";"06:30:00";"PR";277;226;"FERNANDES PINHEIRO";"Condutor deixou de manter distância do veículo da frente";"Colisão traseira";"Com Vítimas Feridas";"Pleno dia";"Decrescente";"Céu Claro";"Simples";"Reta";"Não";8;0;7;0;1;0;7;2;-25,45787055;-50,43363476;"SPRF-PR";"DEL08-PR";"UOP02-DEL08-PR"
503867;2023-02-08;"quarta-feira";"13:30:00";"SP";153;44;"ONDA VERDE";"Demais falhas mecânicas ou elétricas";"Incêndio";"Com Vítimas Feridas";"Pleno dia";"Crescente";"Nublado";"Simples";"Reta";"Não";3;0;0;1;1;2;1;4;-20,65497601;-49,34121741;"SPRF-SP";"DEL09-SP";"UOP01-DEL09-SP"
503869;2023-01-23;"segunda-feira";"18:00:00";"MG";365;26,2;"MONTES CLAROS";"Chuva";"Colisão frontal";"Com Vítimas Fatais";"Anoitecer";"Crescente";"Chuva";"Simples";"Reta";"Não";4;1;0;0;2;1;0;3;-16,85144573;-44,06967486;"SPRF-MG";"DEL12-MG";"UOP01-DEL12-MG"
503880;2023-02-08;"quarta-feira";"12:50:00";"MT";163;752;"SORRISO";"Ausência de reação do condutor";"Colisão traseira";"Com Vítimas Feridas";"Pleno dia";"Crescente";"Céu Claro";"Dupla";"Reta";"Sim";4;0;1;0;2;3;1;6;-12,560611;-55,71949;"SPRF-MT";"DEL06-MT";"UOP01-DEL06-MT"
503881;2023-02-08;"quarta-feira";"14:45:00";"SP";116;204;"ARUJA";"Reação tardia ou ineficiente do condutor";"Colisão traseira";"Com Vítimas Feridas";"Pleno dia";"Decrescente";"Nublado";"Múltipla";"Reta";"Sim";5;0;2;0;3;0;2;3;-23,41236123;-46,35692496;"SPRF-SP";"DEL01-SP";"UOP01-DEL01-SP"
503882;2023-02-02;"quinta-feira";"16:30:00";"PR";476;267,5;"SAO MATEUS DO SUL";"Ingestão de álcool pelo condutor";"Colisão lateral mesmo sentido";"Com Vítimas Feridas";"Pleno dia";"Crescente";"Chuva";"Simples";"Reta";"Não";3;0;1;1;0;1;2;3;-25,892023;-50,31163;"SPRF-PR";"DEL02-PR";"UOP03-DEL02-PR"
503886;2023-02-08;"quarta-feira";"15:00:00";"RJ";101;550;"PARATY";"Chuva";"Saída de leito carroçável";"Com Vítimas Feridas";"Pleno dia";"Crescente";"Chuva";"Simples";"Reta";"Não";2;0;2;0;0;0;2;1;-23,0475;-44,664867;"SPRF-RJ";"DEL03-RJ";"UOP04-DEL03-RJ"
503887;2023-02-08;"quarta-feira";"13:20:00";"SP";116;511;"CAJATI";"Reação tardia ou ineficiente do condutor";"Tombamento";"Com Vítimas Feridas";"Pleno dia";"Crescente";"Céu Claro";"Dupla";"Curva;Viaduto";"Não";2;0;1;0;0;1;1;2;-24,83558399;-48,2223738;"SPRF-SP";"DEL05-SP";"UOP02-DEL05-SP"
503899;2023-02-08;"quarta-feira";"14:55:00";"PR";376;390,9;"IMBAU";"Velocidade Incompatível";"Colisão lateral mesmo sentido";"Sem Vítimas";"Pleno dia";"Decrescente";"Céu Claro";"Dupla";"Reta";"Não";3;0;0;0;3;0;0;3;-24,52463598;-50,70581799;"SPRF-PR";"DEL03-PR";"UOP02-DEL03-PR"
503905;2023-02-08;"quarta-feira";"14:45:00";"GO";153;617;"MORRINHOS";"Reação tardia ou ineficiente do condutor";"Colisão traseira";"Com Vítimas Feridas";"Pleno dia";"Decrescente";"Nublado";"Dupla";"Declive;Reta";"Não";3;0;1;0;1;2;1;4;-17,6951;-49,1559;"SPRF-GO";"DEL03-GO";"UOP01-DEL03-GO"
503907;2023-02-04;"sábado";"18:00:00";"RJ";116;184;"NOVA IGUACU";"Carga excessiva e/ou mal acondicionada";"Colisão com objeto";"Sem Vítimas";"Anoitecer";"Crescente";"Céu Claro";"Dupla";"Reta";"Sim";3;0;0;0;2;1;0;3;-22,74647215;-43,44594311;"SPRF-RJ";"DEL01-RJ";"UOP02-DEL01-RJ"
503908;2023-02-08;"quarta-feira";"12:30:00";"PR";376;391;"IMBAU";"Velocidade Incompatível";"Colisão lateral mesmo sentido";"Com Vítimas Feridas";"Pleno dia";"Decrescente";"Céu Claro";"Dupla";"Declive;Reta";"Não";12;0;1;0;10;6;1;13;-24,53023946;-50,69807528;"SPRF-PR";"DEL03-PR";"UOP02-DEL03-PR"
503913;2023-02-08;"quarta-feira";"17:15:00";"RS";290;125;"ELDORADO DO SUL";"Reação tardia ou ineficiente do condutor";"Colisão traseira";"Com Vítimas Feridas";"Pleno dia";"Decrescente";"Céu Claro";"Simples";"Reta";"Não";4;0;0;2;1;1;2;3;-30,055038;-51,458992;"SPRF-RS";"DEL02-RS";"UOP01-DEL02-RS"
503926;2023-02-08;"quarta-feira";"11:00:00";"MG";251;260;"TAIOBEIRAS";"Demais falhas mecânicas ou elétricas";"Eventos atípicos";"Sem Vítimas";"Pleno dia";"Crescente";"Céu Claro";"Simples";"Curva;Aclive";"Não";2;0;0;0;1;2;0;3;-16,012247;-41,908288;"SPRF-MG";"DEL12-MG";"UOP01-DEL12-MG"
503947;2023-02-08;"quarta-feira";"11:00:00";"RJ";356;2;"ITAPERUNA";"Velocidade Incompatível";"Tombamento";"Com Vítimas Feridas";"Pleno dia";"Crescente";"Céu Claro";"Simples";"Curva";"Não";2;0;2;0;0;0;2;1;-21,14747369;-42,16443672;"SPRF-RJ";"DEL08-RJ";"UOP03-DEL08-RJ"
503949;2023-02-08;"quarta-feira";"17:37:00";"RJ";393;153,6;"TRES RIOS";"Entrada inopinada do pedestre";"Atropelamento de Pedestre";"Com Vítimas Fatais";"Anoitecer";"Crescente";"Nublado";"Simples";"Curva";"Sim";3;1;0;0;1;1;0;3;-22,092702;-43,068882;"SPRF-RJ";"DEL05-RJ";"UOP02-DEL05-RJ"
503950;2023-02-08;"quarta-feira";"21:00:00";"RN";304;24,7;"MOSSORO";"Ausência de reação do condutor";"Colisão traseira";"Com Vítimas Feridas";"Plena Noite";"Decrescente";"Céu Claro";"Simples";"Reta";"Não";2;0;1;0;1;0;1;2;-5,06488233;-37,33287055;"SPRF-RN";"DEL04-RN";"UOP02-DEL04-RN"