"id";"data_inversa";"dia_semana";"horario";"uf";"br";"km";"municipio";"causa_acidente";"tipo_acidente";"classificacao_acidente";"fase_dia";"sentido_via";"condicao_metereologica";"tipo_pista";"tracado_via";"uso_solo";"pessoas";"mortos";"feridos_leves";"feridos_graves";"ilesos";"ignorados";"feridos";"veiculos";"latitude";"longitude";"regional";"delegacia";"uop"
503955;2023-02-08;"quarta-feira";"20:00:00";"RJ";116;60;"TERESOPOLIS";"Ausência de reação do condutor";"Colisão frontal";"Com Vítimas Feridas";"Plena Noite";"Decrescente";"Chuva";"Simples";"Curva";"Não";2;0;0;1;1;0;1;2;-22,23635681;-42,91108325;"SPRF-RJ";"DEL04-RJ";"UOP01-DEL04-RJ"
503957;2023-02-08;"quarta-feira";"20:11:00";"PR";369;5;"JACAREZINHO";"Acessar a via sem observar a presença dos outros veículos";"Colisão traseira";"Com Vítimas Feridas";"Plena Noite";"Crescente";"Céu Claro";"Simples";"Aclive;Reta";"Não";3;0;0;1;1;1;1;3;-23,00137983;-49,93869781;"SPRF-PR";"DEL07-PR";"UOP05-DEL07-PR"
503964;2023-02-08;"quarta-feira";"23:30:00";"MG";381;737;"TRES CORACOES";"Reação tardia ou ineficiente do condutor";"Colisão traseira";"Com Vítimas Feridas";"Plena Noite";"Crescente";"Chuva";"Dupla";"Curva;Declive";"Não";4;0;0;1;1;2;1;3;-21,59740119;-45,23880352;"SPRF-MG";"DEL16-MG";"UOP02-DEL16-MG"
503970;2023-02-09;"quinta-feira";"03:00:00";"SC";101;174,2;"BIGUACU";"Ausência de reação do condutor";"Tombamento";"Com Vítimas Feridas";"Plena Noite";"Crescente";"Chuva";"Dupla";"Reta";"Não";1;0;1;0;0;0;1;1;-27,33081601;-48,62697562;"SPRF-SC";"DEL01-SC";"UOP01-DEL01-SC"
503977;2023-02-09;"quinta-feira";"04:25:00";"ES";101;435,5;"PRESIDENTE KENNEDY";"Demais falhas mecânicas ou elétricas";"Tombamento";"Com Vítimas Feridas";"Plena Noite";"Crescente";"Nublado";"Simples";"Curva";"Não";1;0;1;0;0;0;1;1;-21,05500952;-41,19609059;"SPRF-ES";"DEL03-ES";"UOP02-DEL03-ES"
503981;2023-02-09;"quinta-feira";"06:10:00";"RJ";101;275;"TANGUA";"Manobra de mudança de faixa";"Colisão frontal";"Sem Vítimas";"Amanhecer";"Crescente";"Céu Claro";"Simples";"Reta";"Sim";2;0;0;0;2;0;0;2;-22,73653355;-42,72909106;"SPRF-RJ";"DEL02-RJ";"UOP03-DEL02-RJ"
503985;2023-02-09;"quinta-feira";"07:09:00";"SP";153;59;"SAO JOSE DO RIO PRETO";"Condutor deixou de manter distância do veículo da frente";"Colisão traseira";"Com Vítimas Feridas";"Pleno dia";"Crescente";"Céu Claro";"Dupla";"Reta";"Sim";3;0;1;0;1;1;1;3;-20,78733103;-49,35399276;"SPRF-SP";"DEL09-SP";"UOP01-DEL09-SP"
503987;2023-02-09;"quinta-feira";"06:20:00";"BA";116;399;"SANTA BARBARA";"Condutor Dormindo";"Colisão traseira";"Com Vítimas Feridas";"Amanhecer";"Decrescente";"Céu Claro";"Dupla";"Aclive";"Não";2;0;1;0;1;0;1;2;-12,01948908;-38,97103638;"SPRF-BA";"DEL02-BA";"UOP01-DEL02-BA"
503988;2023-02-09;"quinta-feira";"05:00:00";"PB";230;364;"MALTA";"Ingestão de substâncias psicoativas pelo condutor";"Saída de leito carroçável";"Sem Vítimas";"Pleno dia";"Decrescente";"Céu Claro";"Simples";"Reta";"Sim";2;0;0;0;1;1;0;2;-6,9111;-37,4973;"SPRF-PB";"DEL03-PB";"UOP02-DEL03-PB"
503996;2023-01-31;"terça-feira";"01:20:00";"RJ";116;310;"RESENDE";"Acessar a via sem observar a presença dos outros veículos";"Colisão frontal";"Com Vítimas Feridas";"Plena Noite";"Crescente";"Nublado";"Simples";"Reta;Declive";"Sim";3;0;0;1;1;1;1;3;-22,458555;-44,43081;"SPRF-RJ";"DEL07-RJ";"UOP02-DEL07-RJ"
503997;2023-02-08;"quarta-feira";"22:15:00";"MG";262;525;"LUZ";"Ultrapassagem Indevida";"Saída de leito carroçável";"Sem Vítimas";"Plena Noite";"Decrescente";"Nublado";"Simples";"Reta";"Não";1;0;0;0;1;0;0;1;-19,78185764;-45,66689699;"SPRF-MG";"DEL08-MG";"UOP03-DEL08-MG"
504007;2023-02-01;"quarta-feira";"16:00:00";"MG";153;239;"FRONTEIRA";"Demais falhas mecânicas ou elétricas";"Incêndio";"Sem Vítimas";"Pleno dia";"Decrescente";"Céu Claro";"Simples";"Reta";"Não";1;0;0;0;1;0;0;1;-20,29847332;-49,20614844;"SPRF-MG";"DEL13-MG";"UOP02-DEL13-MG"
504010;2023-02-09;"quinta-feira";"08:00:00";"RJ";40;109;"DUQUE DE CAXIAS";"Ausência de reação do condutor";"Colisão transversal";"Com Vítimas Feridas";"Pleno dia";"Decrescente";"Céu Claro";"Múltipla";"Reta";"Sim";3;0;1;0;1;1;1;3;-22,67374628;-43,28638368;"SPRF-RJ";"DEL01-RJ";"UOP01-DEL01-RJ"
504011;2023-02-09;"quinta-feira";"09:17:00";"SE";101;54;"CARMOPOLIS";"Transitar na contramão";"Colisão frontal";"Com Vítimas Feridas";"Pleno dia";"Crescente";"Céu Claro";"Simples";"Reta";"Não";3;0;1;1;0;1;2;3;-10,62656711;-36,99773792;"SPRF-SE";"DEL02-SE";"UOP02-DEL02-SE"
504015;2023-02-09;"quinta-feira";"08:55:00";"PB";101;105;"ALHANDRA";"Avarias e/ou desgaste excessivo no pneu";"Colisão com objeto";"Sem Vítimas";"Pleno dia";"Crescente";"Céu Claro";"Dupla";"Reta";"Não";2;0;0;0;2;0;0;1;-7,31056006;-34,94482756;"SPRF-PB";"DEL01-PB";"UOP02-DEL01-PB"
504016;2023-02-09;"quinta-feira";"09:15:00";"PA";316;40;"SANTA IZABEL DO PARA";"Acessar a via sem observar a presença dos outros veículos";"Colisão traseira";"Com Vítimas Feridas";"Pleno dia";"Crescente";"Céu Claro";"Dupla";"Reta";"Sim";2;0;0;1;1;0;1;2;-1,2795637;-48,12243407;"SPRF-PA";"DEL01-PA";"UOP01-DEL01-PA"
504021;2023-02-09;"quinta-feira";"09:50:00";"CE";116;26;"ITAITINGA";"Manobra de mudança de faixa";"Colisão lateral mesmo sentido";"Sem Vítimas";"Pleno dia";"Crescente";"Nublado";"Dupla";"Reta;Declive";"Sim";3;0;0;0;2;1;0;3;-3,9752959;-38,51436047;"SPRF-CE";"DEL01-CE";"UOP02-DEL01-CE"
504023;2023-02-09;"quinta-feira";"09:00:00";"MG";262;548,5;"LUZ";"Velocidade Incompatível";"Capotamento";"Com Vítimas Feridas";"Pleno dia";"Decrescente";"Céu Claro";"Simples";"Curva;Declive";"Não";1;0;1;0;0;0;1;1;-19,71939177;-45,88123105;"SPRF-MG";"DEL08-MG";"UOP02-DEL08-MG"
504025;2023-02-02;"quinta-feira";"19:20:00";"SC";282;562;"NOVA ERECHIM";"Mal súbito do condutor";"Colisão frontal";"Sem Vítimas";"Anoitecer";"Crescente";"Céu Claro";"Simples";"Reta";"Não";4;0;0;0;3;1;0;3;-26,911108;-52,865475;"SPRF-SC";"DEL07-SC";"UOP02-DEL07-SC"
504033;2023-02-09;"quinta-feira";"07:30:00";"MG";153;78;"PRATA";"Ausência de reação do condutor";"Colisão lateral mesmo sentido";"Com Vítimas Feridas";"Pleno dia";"Decrescente";"Céu Claro";"Simples";"Ponte;Declive";"Não";6;0;2;0;2;3;2;6;-19,04800011;-49,01135859;"SPRF-MG";"DEL15-MG";"UOP03-DEL15-MG"
504044;2023-01-04;"quarta-feira";"10:21:00";"PR";476;117,8;"COLOMBO";"Condutor deixou de manter distância do veículo da frente";"Colisão traseira";"Com Vítimas Feridas";"Pleno dia";"Crescente";"Chuva";"Dupla";"Reta";"Sim";3;0;1;0;2;0;1;3;-25,34884496;-49,17034149;"SPRF-PR";"DEL01-PR";"UOP01-DEL01-PR"
504049;2023-02-09;"quinta-feira";"11:35:00";"PE";101;46;"IGARASSU";"Manobra de mudança de faixa";"Colisão lateral mesmo sentido";"Com Vítimas Feridas";"Pleno dia";"Crescente";"Chuva";"Múltipla";"Reta";"Sim";4;0;0;1;2;1;1;4;-7,87406004;-34,90588126;"SPRF-PE";"DEL01-PE";"UOP02-DEL01-PE"
504053;2023-02-09;"quinta-feira";"12:00:00";"RJ";101;488;"ANGRA DOS REIS";"Acesso irregular";"Colisão traseira";"Com Vítimas Feridas";"Pleno dia";"Crescente";"Nublado";"Simples";"Reta";"Sim";3;0;1;0;2;0;1;2;-22,95847235;-44,29756165;"SPRF-RJ";"DEL03-RJ";"UOP03-DEL03-RJ"
504057;2023-02-09;"quinta-feira";"14:15:00";"GO";50;281;"CATALAO";"Pedestre andava na pista";"Atropelamento de Pedestre";"Com Vítimas Feridas";"Pleno dia";"Crescente";"Céu Claro";"Simples";"Aclive;Reta";"Sim";2;0;1;0;0;1;1;2;-18,1838;-47,9441;"SPRF-GO";"DEL06-GO";"UOP01-DEL06-GO"
504067;2023-02-09;"quinta-feira";"09:55:00";"MG";116;781,7;"LEOPOLDINA";"Velocidade Incompatível";"Tombamento";"Com Vítimas Feridas";"Pleno dia";"Decrescente";"Sol";"Simples";"Curva";"Não";2;0;1;0;0;1;1;2;-21,62223589;-42,69312807;"SPRF-MG";"DEL07-MG";"UOP01-DEL07-MG"
504068;2023-02-09;"quinta-feira";"14:55:00";"RS";285;419,4;"PANAMBI";"Entrada inopinada do pedestre";"Atropelamento de Pedestre";"Com Vítimas Fatais";"Pleno dia";"Crescente";"Céu Claro";"Simples";"Reta;Declive";"Não";3;1;0;0;1;1;0;3;-28,34892864;-53,51210833;"SPRF-RS";"DEL10-RS";"UOP01-DEL10-RS"
504071;2023-01-29;"domingo";"18:30:00";"PA";316;60;"CASTANHAL";"Pista Escorregadia";"Queda de ocupante de veículo";"Com Vítimas Fatais";"Plena Noite";"Decrescente";"Chuva";"Dupla";"Reta";"Sim";4;1;0;0;1;2;0;3;-1,29772957;-47,95528793;"SPRF-PA";"DEL01-PA";"UOP01-DEL01-PA"
504073;2023-02-09;"quinta-feira";"15:00:00";"PE";101;206,4;"XEXEU";"Carga excessiva e/ou mal acondicionada";"Tombamento";"Sem Vítimas";"Pleno dia";"Decrescente";"Nublado";"Dupla";"Curva";"Não";2;0;0;0;1;1;0;2;-8,81905901;-35,63955699;"SPRF-PE";"DEL01-PE";"UOP03-DEL01-PE"
504074;2023-02-09;"quinta-feira";"12:36:00";"MG";153;51,9;"MONTE ALEGRE DE MINAS";"Acessar a via sem observar a presença dos outros veículos";"Tombamento";"Com Vítimas Feridas";"Pleno dia";"Decrescente";"Céu Claro";"Dupla";"Reta";"Não";1;0;1;0;0;0;1;1;-18,83093899;-49,08873404;"SPRF-MG";"DEL15-MG";"UOP03-DEL15-MG"
504077;2023-02-09;"quinta-feira";"16:50:00";"RS";290;721,5;"URUGUAIANA";"Ausência de reação do condutor";"Tombamento";"Com Vítimas Feridas";"Pleno dia";"Crescente";"Céu Claro";"Simples";"Rotatória;Curva";"Sim";2;0;1;0;0;1;1;2;-29,76185064;-57,05773652;"SPRF-RS";"DEL13-RS";"UOP01-DEL13-RS"
504078;2023-02-09;"quinta-feira";"15:15:00";"MG";262;670;"IBIA";"Ausência de reação do condutor";"Colisão traseira";"Com Vítimas Feridas";"Pleno dia";"Crescente";"Chuva";"Simples";"Reta;Em Obras";"Não";4;0;2;0;2;0;2;3;-19,54647026;-46,79910015;"SPRF-MG";"DEL08-MG";"UOP01-DEL08-MG"
504084;2023-02-09;"quinta-feira";"12:20:00";"PA";10;88,8;"ULIANOPOLIS";"Reação tardia ou ineficiente do condutor";"Colisão com objeto";"Com Vítimas Feridas";"Pleno dia";"Crescente";"Céu Claro";"Simples";"Aclive";"Não";3;0;1;0;1;1;1;3;-3,668222;-47,487393;"SPRF-PA";"DEL02-PA";"UOP02-DEL02-PA"
504088;2023-02-09;"quinta-feira";"17:30:00";"ES";101;146;"LINHARES";"Desrespeitar a preferência no cruzamento";"Colisão transversal";"Com Vítimas Feridas";"Anoitecer";"Crescente";"Céu Claro";"Dupla";"Retorno Regulamentado";"Sim";4;0;0;2;1;3;2;6;-19,36990998;-40,06560718;"SPRF-ES";"DEL04-ES";"UOP01-DEL04-ES"
504092;2023-02-09;"quinta-feira";"08:30:00";"PE";104;54;"CARUARU";"Acessar a via sem observar a presença dos outros veículos";"Colisão transversal";"Com Vítimas Fatais";"Pleno dia";"Decrescente";"Sol";"Dupla";"Declive";"Sim";2;1;0;0;1;0;0;2;-8,1928;-35,9662;"SPRF-PE";"DEL02-PE";"UOP01-DEL02-PE"
504095;2023-02-09;"quinta-feira";"17:30:00";"PR";476;116;"COLOMBO";"Condutor deixou de manter distância do veículo da frente";"Colisão traseira";"Sem Vítimas";"Pleno dia";"Crescente";"Chuva";"Dupla";"Reta;Interseção de Vias";"Sim";3;0;0;0;3;0;0;2;-25,348971;-49,16959047;"SPRF-PR";"DEL01-PR";"UOP01-DEL01-PR"
504103;2023-02-09;"quinta-feira";"18:00:00";"SC";153;90;"CONCORDIA";"Velocidade Incompatível";"Colisão traseira";"Com Vítimas Feridas";"Pleno dia";"Decrescente";"Céu Claro";"Simples";"Reta";"Não";3;0;1;0;1;1;1;3;-27,18250104;-51,92035675;"SPRF-SC";"DEL07-SC";"UOP04-DEL07-SC"
504111;2023-02-09;"quinta-feira";"20:00:00";"PE";101;102;"CABO DE SANTO AGOSTINHO";"Ausência de reação do condutor";"Colisão com objeto";"Com Vítimas Feridas";"Plena Noite";"Decrescente";"Nublado";"Dupla";"Reta";"Não";1;0;0;1;0;0;1;1;-8,286216;-35,057718;"SPRF-PE";"DEL01-PE";"UOP03-DEL01-PE"
504112;2023-02-09;"quinta-feira";"19:30:00";"PE";101;45,1;"IGARASSU";"Condutor deixou de manter distância do veículo da frente";"Colisão lateral mesmo sentido";"Com Vítimas Feridas";"Plena Noite";"Decrescente";"Chuva";"Múltipla";"Reta;Declive";"Sim";4;0;1;0;2;1;1;4;-7,86521297;-34,90715176;"SPRF-PE";"DEL01-PE";"UOP02-DEL01-PE"
504117;2023-02-09;"quinta-feira";"15:35:00";"SC";116;159,9;"SANTA CECILIA";"Transitar na contramão";"Colisão frontal";"Com Vítimas Fatais";"Pleno dia";"Decrescente";"Garoa/Chuvisco";"Simples";"Reta";"Não";4;2;1;0;0;1;1;3;-27,10498723;-50,45416474;"SPRF-SC";"DEL06-SC";"UOP02-DEL06-SC"
504124;2023-02-09;"quinta-feira";"18:00:00";"SP";116;154,6;"SAO JOSE DOS CAMPOS";"Manobra de mudança de faixa";"Colisão lateral mesmo sentido";"Com Vítimas Feridas";"Plena Noite";"Crescente";"Chuva";"Múltipla";"Reta;Declive";"Sim";3;0;1;0;1;1;1;3;-23,23903999;-45,92061901;"SPRF-SP";"DEL02-SP";"UOP01-DEL02-SP"
504127;2023-02-09;"quinta-feira";"19:30:00";"RJ";116;170;"RIO DE JANEIRO";"Acessar a via sem observar a presença dos outros veículos";"Colisão lateral mesmo sentido";"Com Vítimas Feridas";"Plena Noite";"Decrescente";"Céu Claro";"Dupla";"Reta";"Não";4;0;1;0;2;1;1;4;-22,81113183;-43,3336729;"SPRF-RJ";"DEL01-RJ";"UOP02-DEL01-RJ"
504129;2023-02-09;"quinta-feira";"17:50:00";"BA";101;727,2;"EUNAPOLIS";"Transitar na contramão";"Colisão frontal";"Com Vítimas Fatais";"Anoitecer";"Decrescente";"Céu Claro";"Simples";"Curva;Declive";"Não";3;1;0;0;1;1;0;3;-16,440812;-39,574113;"SPRF-BA";"DEL09-BA";"UOP01-DEL09-BA"
504131;2023-02-09;"quinta-feira";"20:30:00";"BA";324;533;"FEIRA DE SANTANA";"Pedestre andava na pista";"Atropelamento de Pedestre";"Com Vítimas Fatais";"Plena Noite";"Decrescente";"Céu Claro";"Dupla";"Reta;Declive";"Não";4;1;0;0;2;1;0;4;-12,34449694;-38,84017496;"SPRF-BA";"DEL01-BA";"UOP03-DEL01-BA"
504132;2023-02-09;"quinta-feira";"21:30:00";"MT";364;458;"VARZEA GRANDE";"Reação tardia ou ineficiente do condutor";"Colisão traseira";"Com Vítimas Feridas";"Plena Noite";"Crescente";"Céu Claro";"Dupla";"Curva;Declive";"Não";5;0;2;0;2;6;2;9;-15,4192627;-56,34887695;"SPRF-MT";"DEL01-MT";"UOP02-DEL01-MT"
504133;2023-02-09;"quinta-feira";"19:40:00";"BA";324;559,8;"SAO SEBASTIAO DO PASSE";"Acessar a via sem observar a presença dos outros veículos";"Colisão transversal";"Sem Vítimas";"Plena Noite";"Decrescente";"Céu Claro";"Dupla";"Curva";"Não";3;0;0;0;1;3;0;4;-12,48716788;-38,66087791;"SPRF-BA";"DEL01-BA";"UOP03-DEL01-BA"
504136;2023-01-25;"quarta-feira";"06:40:00";"SP";116;146,4;"SAO JOSE DOS CAMPOS";"Condutor deixou de manter distância do veículo da frente";"Engavetamento";"Com Vítimas Feridas";"Amanhecer";"Crescente";"Céu Claro";"Dupla";"Reta";"Sim";7;0;3;0;3;1;3;5;-23,19122919;-45,86327591;"SPRF-SP";"DEL02-SP";"UOP01-DEL02-SP"
504140;2023-02-09;"quinta-feira";"22:00:00";"PR";277;466,6;"LARANJEIRAS DO SUL";"Manobra de mudança de faixa";"Colisão transversal";"Sem Vítimas";"Plena Noite";"Crescente";"Nublado";"Simples";"Reta";"Não";4;0;0;0;2;2;0;4;-25,35433409;-52,48223603;"SPRF-PR";"DEL04-PR";"UOP02-DEL04-PR"
504141;2023-02-09;"quinta-feira";"13:00:00";"AM";174;983;"PRESIDENTE FIGUEIREDO";"Pista em desnível";"Saída de leito carroçável";"Sem Vítimas";"Pleno dia";"Decrescente";"Nublado";"Simples";"Ponte;Reta";"Não";2;0;0;0;2;0;0;1;-2,11350893;-59,99168158;"SPRF-AM";"DEL01-AM";"UOP02-DEL01-AM"
504142;2023-02-09;"quinta-feira";"23:10:00";"GO";60;83,9;"ANAPOLIS";"Condutor Dormindo";"Colisão traseira";"Com Vítimas Feridas";"Plena Noite";"Crescente";"Nublado";"Dupla";"Reta";"Não";3;0;1;0;1;1;1;2;-16,3149;-48,846;"SPRF-GO";"DEL02-GO";"UOP01-DEL02-GO"
504144;2023-02-09;"quinta-feira";"20:30:00";"PR";277;306;"PRUDENTOPOLIS";"Ausência de reação do condutor";"Tombamento";"Com Vítimas Feridas";"Plena Noite";"Crescente";"Céu Claro";"Simples";"Curva";"Não";2;0;1;0;1;0;1;1;-25,29937603;-51,14537699;"SPRF-PR";"DEL08-PR";"UOP01-DEL08-PR"
504147;2023-02-09;"quinta-feira";"23:55:00";"RS";116;318;"BARRA DO RIBEIRO";"Demais falhas mecânicas ou elétricas";"Incêndio";"Sem Vítimas";"Plena Noite";"Decrescente";"Céu Claro";"Dupla";"Reta";"Não";2;0;0;0;1;2;0;3;-30,27278604;-51,40935988;"SPRF-RS";"DEL02-RS";"UOP01-DEL02-RS"
504151;2023-02-09;"quinta-feira";"23:30:00";"MG";381;929,2;"ITAPEVA";"Reação tardia ou ineficiente do condutor";"Saída de leito carroçável";"Com Vítimas Feridas";"Plena Noite";"Crescente";"Chuva";"Dupla";"Curva";"Não";4;0;1;0;2;2;1;5;-22,79911462;-46,26123692;"SPRF-MG";"DEL16-MG";"UOP03-DEL16-MG"
504153;2023-02-09;"quinta-feira";"18:30:00";"MT";364;148;"PEDRA PRETA";"Demais falhas mecânicas ou elétricas";"Incêndio";"Sem Vítimas";"Plena Noite";"Decrescente";"Céu Claro";"Simples";"Reta";"Não";1;0;0;0;0;1;0;1;-16,79954137;-54,18799724;"SPRF-MT";"DEL02-MT";"UOP01-DEL02-MT"
504154;2023-02-10;"sexta-feira";"02:30:00";"MG";40;615;"CONGONHAS";"Ausência de reação do condutor";"Colisão frontal";"Com Vítimas Feridas";"Plena Noite";"Decrescente";"Nevoeiro/Neblina";"Simples";"Aclive;Reta";"Não";2;0;0;1;1;0;1;2;-20,54057111;-43,82086538;"SPRF-MG";"DEL05-MG";"UOP02-DEL05-MG"
504158;2023-02-10;"sexta-feira";"01:00:00";"MG";262;548,4;"LUZ";"Velocidade Incompatível";"Tombamento";"Com Vítimas Feridas";"Plena Noite";"Decrescente";"Nevoeiro/Neblina";"Simples";"Curva;Declive";"Não";2;0;1;0;0;1;1;2;-19,74220337;-45,85814998;"SPRF-MG";"DEL08-MG";"UOP02-DEL08-MG"
504160;2023-02-10;"sexta-feira";"03:15:00";"MT";364;331;"SANTO ANTONIO DO LEVERGER";"Reação tardia ou ineficiente do condutor";"Tombamento";"Com Vítimas Feridas";"Plena Noite";"Crescente";"Céu Claro";"Dupla";"Aclive;Reta";"Não";2;0;1;0;0;2;1;3;-15,822813;-55,419647;"SPRF-MT";"DEL05-MT";"UOP02-DEL05-MT"
504161;2023-02-10;"sexta-feira";"04:40:00";"PR";376;672;"GUARATUBA";"Reação tardia ou ineficiente do condutor";"Tombamento";"Com Vítimas Feridas";"Plena Noite";"Crescente";"Céu Claro";"Dupla";"Reta";"Não";4;0;1;0;2;1;1;2;-25,89358488;-48,93146782;"SPRF-PR";"DEL01-PR";"UOP04-DEL01-PR"
504163;2023-02-09;"quinta-feira";"21:15:00";"ES";259;45,7;"COLATINA";"Carga excessiva e/ou mal acondicionada";"Tombamento";"Com Vítimas Feridas";"Plena Noite";"Crescente";"Nublado";"Múltipla";"Rotatória";"Sim";1;0;1;0;0;0;1;1;-19,53318486;-40,57148984;"SPRF-ES";"DEL02-ES";"UOP01-DEL02-ES"
504164;2023-02-10;"sexta-feira";"05:20:00";"MG";381;166;"GOVERNADOR VALADARES";"Transitar na contramão";"Colisão frontal";"Com Vítimas Feridas";"Amanhecer";"Crescente";"Céu Claro";"Simples";"Curva";"Não";3;0;1;0;1;1;1;3;-18,95243865;-42,07229536;"SPRF-MG";"DEL06-MG";"UOP01-DEL06-MG"
504166;2023-02-10;"sexta-feira";"04:00:00";"TO";153;777;"ALVORADA";"Condutor Dormindo";"Saída de leito carroçável";"Com Vítimas Feridas";"Amanhecer";"Decrescente";"Céu Claro";"Simples";"Reta";"Não";1;0;1;0;0;0;1;1;-12,61338097;-49,07181776;"SPRF-TO";"DEL01-TO";"UOP02-DEL01-TO"
504171;2023-02-10;"sexta-feira";"06:45:00";"PR";376;215;"JANDAIA DO SUL";"Acesso irregular";"Colisão transversal";"Com Vítimas Feridas";"Pleno dia";"Crescente";"Céu Claro";"Dupla";"Reta";"Não";3;0;2;0;1;0;2;2;-23,59537856;-51,64222304;"SPRF-PR";"DEL09-PR";"UOP01-DEL09-PR"
504174;2023-02-10;"sexta-feira";"00:30:00";"BA";101;842,8;"VEREDA";"Transitar na contramão";"Colisão frontal";"Sem Vítimas";"Plena Noite";"Decrescente";"Céu Claro";"Simples";"Declive;Curva";"Não";2;0;0;0;1;1;0;2;-17,258463;-39,632923;"SPRF-BA";"DEL09-BA";"UOP02-DEL09-BA"
504177;2023-02-10;"sexta-feira";"06:47:00";"SC";280;24;"ARAQUARI";"Conversão proibida";"Colisão transversal";"Com Vítimas Feridas";"Pleno dia";"Crescente";"Céu Claro";"Simples";"Reta";"Sim";2;0;1;0;1;0;1;2;-26,37724921;-48,71953282;"SPRF-SC";"DEL03-SC";"UOP03-DEL03-SC"
504180;2023-02-10;"sexta-feira";"05:50:00";"SC";282;4,5;"FLORIANOPOLIS";"Reação tardia ou ineficiente do condutor";"Colisão com objeto";"Sem Vítimas";"Pleno dia";"Decrescente";"Céu Claro";"Dupla";"Reta";"Sim";1;0;0;0;1;0;0;1;-27,592646;-48,604034;"SPRF-SC";"DEL01-SC";"UOP01-DEL01-SC"
504181;2023-02-10;"sexta-feira";"05:15:00";"PR";153;513;"GENERAL CARNEIRO";"Transitar na contramão";"Colisão frontal";"Com Vítimas Fatais";"Amanhecer";"Crescente";"Nublado";"Simples";"Reta";"Não";4;1;2;0;0;1;2;3;-26,54215861;-51,42665863;"SPRF-PR";"DEL02-PR";"UOP03-DEL02-PR"
504182;2023-02-10;"sexta-feira";"07:48:00";"ES";101;281;"SERRA";"Acessar a via sem observar a presença dos outros veículos";"Colisão transversal";"Com Vítimas Feridas";"Pleno dia";"Decrescente";"Céu Claro";"Dupla";"Reta";"Não";3;0;2;0;1;0;2;2;-20,22112792;-40,35720552;"SPRF-ES";"DEL02-ES";"UOP01-DEL02-ES"
504188;2023-02-10;"sexta-feira";"06:50:00";"MG";262;55,7;"MANHUACU";"Reação tardia ou ineficiente do condutor";"Colisão lateral sentido oposto";"Com Vítimas Feridas";"Pleno dia";"Crescente";"Céu Claro";"Simples";"Reta";"Não";5;0;3;0;1;1;3;3;-20,26317518;-42,17398201;"SPRF-MG";"DEL06-MG";"UOP03-DEL06-MG"
504199;2023-02-10;"sexta-feira";"04:30:00";"PI";135;478;"MONTE ALEGRE DO PIAUI";"Pista em desnível";"Saída de leito carroçável";"Com Vítimas Feridas";"Amanhecer";"Crescente";"Céu Claro";"Simples";"Reta";"Não";1;0;1;0;0;0;1;1;-9,66373008;-45,11343279;"SPRF-PI";"DEL03-PI";"UOP02-DEL03-PI"
504207;2023-02-10;"sexta-feira";"06:30:00";"MS";163;324,1;"RIO BRILHANTE";"Carga excessiva e/ou mal acondicionada";"Colisão com objeto";"Sem Vítimas";"Pleno dia";"Crescente";"Céu Claro";"Dupla";"Reta";"Não";2;0;0;0;1;1;0;2;-21,77658813;-54,52601916;"SPRF-MS";"DEL02-MS";"UOP02-DEL02-MS"
504210;2023-02-10;"sexta-feira";"10:00:00";"SC";101;390;"CRICIUMA";"Reação tardia ou ineficiente do condutor";"Engavetamento";"Com Vítimas Feridas";"Pleno dia";"Crescente";"Céu Claro";"Múltipla";"Aclive;Reta;Viaduto";"Sim";6;0;1;0;5;0;1;4;-28,79513029;-49,35435084;"SPRF-SC";"DEL02-SC";"UOP02-DEL02-SC"
504216;2023-02-10;"sexta-feira";"06:15:00";"MS";158;127;"APARECIDA DO TABOADO";"Demais falhas mecânicas ou elétricas";"Incêndio";"Sem Vítimas";"Pleno dia";"Decrescente";"Céu Claro";"Simples";"Reta";"Não";1;0;0;0;1;0;0;1;-19,92636983;-51,12571183;"SPRF-MS";"DEL08-MS";"UOP01-DEL08-MS"
504225;2023-02-10;"sexta-feira";"11:00:00";"SP";116;187;"SANTA ISABEL";"Ausência de reação do condutor";"Colisão traseira";"Com Vítimas Feridas";"Pleno dia";"Decrescente";"Nublado";"Múltipla";"Reta";"Não";3;0;2;0;1;0;2;2;-23,35713072;-46,20737811;"SPRF-SP";"DEL01-SP";"UOP01-DEL01-SP"
504228;2023-01-16;"segunda-feira";"13:59:00";"TO";153;345;"FORTALEZA DO TABOCAO";"Reação tardia ou ineficiente do condutor";"Saída de leito carroçável";"Com Vítimas Feridas";"Pleno dia";"Crescente";"Céu Claro";"Simples";"Reta";"Não";5;0;1;0;3;1;1;2;-8,93568917;-48,50773634;"SPRF-TO";"DEL02-TO";"UOP02-DEL02-TO"
504232;2023-01-29;"domingo";"23:00:00";"SC";153;1;"AGUA DOCE";"Reação tardia ou ineficiente do condutor";"Saída de leito carroçável";"Com Vítimas Feridas";"Plena Noite";"Decrescente";"Ignorado";"Simples";"Curva";"Não";2;0;2;0;0;0;2;1;-26,612688;-51,494854;"SPRF-SC";"DEL07-SC";"UOP07-DEL07-SC"
504234;2023-02-10;"sexta-feira";"08:15:00";"PR";376;432;"TIBAGI";"Velocidade Incompatível";"Tombamento";"Com Vítimas Feridas";"Pleno dia";"Decrescente";"Céu Claro";"Dupla";"Curva";"Não";2;0;0;1;0;1;1;2;-24,80531402;-50,48850813;"SPRF-PR";"DEL03-PR";"UOP02-DEL03-PR"