"id";"data_inversa";"dia_semana";"horario";"uf";"br";"km";"municipio";"causa_acidente";"tipo_acidente";"classificacao_acidente";"fase_dia";"sentido_via";"condicao_metereologica";"tipo_pista";"tracado_via";"uso_solo";"pessoas";"mortos";"feridos_leves";"feridos_graves";"ilesos";"ignorados";"feridos";"veiculos";"latitude";"longitude";"regional";"delegacia";"uop"
504235;2023-02-10;"sexta-feira";"13:30:00";"PE";101;43,2;"IGARASSU";"Reação tardia ou ineficiente do condutor";"Colisão traseira";"Com Vítimas Fatais";"Pleno dia";"Crescente";"Céu Claro";"Múltipla";"Reta";"Sim";5;1;1;0;2;1;1;4;-7,83038346;-34,91426785;"SPRF-PE";"DEL01-PE";"UOP02-DEL01-PE"
504236;2023-02-10;"sexta-feira";"12:40:00";"PR";369;156,5;"LONDRINA";"Ausência de reação do condutor";"Colisão traseira";"Com Vítimas Feridas";"Pleno dia";"Crescente";"Sol";"Dupla";"Aclive;Reta";"Não";3;0;1;0;1;1;1;3;-23,29012541;-51,22009635;"SPRF-PR";"DEL07-PR";"UOP01-DEL07-PR"
504240;2023-02-03;"sexta-feira";"07:00:00";"RJ";493;79;"JAPERI";"Reação tardia ou ineficiente do condutor";"Saída de leito carroçável";"Com Vítimas Feridas";"Pleno dia";"Crescente";"Nublado";"Dupla";"Ponte;Reta";"Não";2;0;0;1;0;1;1;2;-22,66327;-43,56473;"SPRF-RJ";"DEL01-RJ";"UOP03-DEL01-RJ"
504242;2023-02-10;"sexta-feira";"13:30:00";"RS";290;7;"OSORIO";"Reação tardia ou ineficiente do condutor";"Saída de leito carroçável";"Com Vítimas Feridas";"Pleno dia";"Decrescente";"Céu Claro";"Múltipla";"Curva";"Não";2;0;1;0;1;0;1;1;-29,897289;-50,344341;"SPRF-RS";"DEL03-RS";"UOP01-DEL03-RS"
504245;2023-02-10;"sexta-feira";"13:30:00";"PR";277;602;"CASCAVEL";"Problema com o freio";"Colisão traseira";"Com Vítimas Feridas";"Pleno dia";"Decrescente";"Chuva";"Dupla";"Aclive;Reta";"Não";3;0;1;0;1;1;1;3;-25,00282;-53,523851;"SPRF-PR";"DEL04-PR";"UOP01-DEL04-PR"
504246;2023-02-10;"sexta-feira";"13:35:00";"SC";101;209;"SAO JOSE";"Ausência de reação do condutor";"Colisão traseira";"Com Vítimas Feridas";"Pleno dia";"Decrescente";"Céu Claro";"Dupla";"Reta;Interseção de Vias";"Não";4;0;2;0;2;0;2;3;-27,61009;-48,63878;"SPRF-SC";"DEL01-SC";"UOP01-DEL01-SC"
504252;2023-01-26;"quinta-feira";"16:45:00";"BA";330;788,8;"JEQUIE";"Acessar a via sem observar a presença dos outros veículos";"Colisão transversal";"Com Vítimas Feridas";"Pleno dia";"Decrescente";"Céu Claro";"Simples";"Reta";"Não";3;0;0;1;1;1;1;2;-13,88803096;-40,02893197;"SPRF-BA";"DEL03-BA";"UOP01-DEL03-BA"
504256;2023-02-10;"sexta-feira";"14:00:00";"RS";290;137;"ELDORADO DO SUL";"Avarias e/ou desgaste excessivo no pneu";"Saída de leito carroçável";"Sem Vítimas";"Pleno dia";"Decrescente";"Céu Claro";"Simples";"Reta;Declive";"Não";1;0;0;0;1;0;0;1;-30,070183;-51,581722;"SPRF-RS";"DEL02-RS";"UOP01-DEL02-RS"
504260;2023-02-10;"sexta-feira";"09:00:00";"GO";364;297;"MINEIROS";"Restrição de visibilidade em curvas horizontais";"Colisão frontal";"Com Vítimas Feridas";"Pleno dia";"Crescente";"Garoa/Chuvisco";"Simples";"Curva";"Sim";2;0;1;0;1;0;1;2;-17,571753;-52,524223;"SPRF-GO";"DEL05-GO";"UOP01-DEL05-GO"
504262;2023-01-02;"segunda-feira";"21:00:00";"RN";101;139,9;"ARES";"Condutor deixou de manter distância do veículo da frente";"Colisão traseira";"Com Vítimas Feridas";"Plena Noite";"Crescente";"Céu Claro";"Dupla";"Reta";"Não";3;0;1;0;1;2;1;4;-6,200842;-35,214205;"SPRF-RN";"DEL01-RN";"UOP01-DEL01-RN"
504263;2023-02-10;"sexta-feira";"14:50:00";"BA";116;778;"PLANALTO";"Reação tardia ou ineficiente do condutor";"Colisão traseira";"Com Vítimas Feridas";"Pleno dia";"Decrescente";"Céu Claro";"Simples";"Reta";"Sim";8;0;5;0;2;2;5;4;-14,6157981;-40,44411375;"SPRF-BA";"DEL08-BA";"UOP02-DEL08-BA"
504269;2023-02-10;"sexta-feira";"15:10:00";"MG";381;891;"CAMBUI";"Velocidade Incompatível";"Colisão lateral mesmo sentido";"Com Vítimas Feridas";"Pleno dia";"Crescente";"Chuva";"Dupla";"Reta";"Não";4;0;3;0;0;1;3;3;-22,55141097;-46,03948689;"SPRF-MG";"DEL16-MG";"UOP03-DEL16-MG"
504272;2023-02-05;"domingo";"18:30:00";"PI";135;153;"BERTOLINIA";"Conversão proibida";"Colisão frontal";"Sem Vítimas";"Plena Noite";"Crescente";"Céu Claro";"Simples";"Reta";"Não";4;0;0;0;1;3;0;4;-7,83406933;-43,80206347;"SPRF-PI";"DEL03-PI";"UOP01-DEL03-PI"
504273;2023-02-10;"sexta-feira";"14:18:00";"MT";70;505;"CUIABA";"Mal súbito do condutor";"Saída de leito carroçável";"Com Vítimas Feridas";"Pleno dia";"Crescente";"Céu Claro";"Simples";"Reta";"Não";2;0;1;0;0;1;1;2;-15,70204417;-56,05619431;"SPRF-MT";"DEL01-MT";"UOP02-DEL01-MT"
504279;2023-02-10;"sexta-feira";"15:25:00";"ES";101;380,5;"RIO NOVO DO SUL";"Frear bruscamente";"Colisão traseira";"Com Vítimas Feridas";"Pleno dia";"Crescente";"Céu Claro";"Simples";"Reta";"Não";3;0;1;0;2;0;1;2;-20,80767317;-40,83488482;"SPRF-ES";"DEL03-ES";"UOP01-DEL03-ES"
504280;2023-01-28;"sábado";"13:40:00";"MG";251;477,7;"FRANCISCO SA";"Condutor deixou de manter distância do veículo da frente";"Colisão traseira";"Com Vítimas Fatais";"Pleno dia";"Decrescente";"Nublado";"Simples";"Reta";"Não";2;1;0;0;0;1;0;2;-16,468982;-43,48431;"SPRF-MG";"DEL12-MG";"UOP01-DEL12-MG"
504281;2023-02-10;"sexta-feira";"15:20:00";"SC";158;101;"MARAVILHA";"Problema com o freio";"Colisão traseira";"Sem Vítimas";"Pleno dia";"Decrescente";"Céu Claro";"Simples";"Reta";"Não";7;0;0;0;6;1;0;4;-26,80870676;-53,18171382;"SPRF-SC";"DEL07-SC";"UOP02-DEL07-SC"
504296;2023-02-10;"sexta-feira";"18:15:00";"ES";101;269,4;"SERRA";"Manobra de mudança de faixa";"Colisão lateral mesmo sentido";"Sem Vítimas";"Plena Noite";"Crescente";"Céu Claro";"Múltipla";"Reta";"Sim";2;0;0;0;2;0;0;2;-20,21740496;-40,26990578;"SPRF-ES";"DEL02-ES";"UOP01-DEL02-ES"
504298;2023-02-10;"sexta-feira";"15:45:00";"MT";364;290;"JACIARA";"Acumulo de água sobre o pavimento";"Colisão lateral mesmo sentido";"Sem Vítimas";"Pleno dia";"Decrescente";"Chuva";"Dupla";"Reta";"Não";2;0;0;0;2;0;0;2;-15,90475053;-55,09158825;"SPRF-MT";"DEL05-MT";"UOP02-DEL05-MT"
504300;2023-02-10;"sexta-feira";"16:20:00";"CE";222;3,6;"CAUCAIA";"Manobra de mudança de faixa";"Colisão lateral mesmo sentido";"Com Vítimas Feridas";"Pleno dia";"Decrescente";"Céu Claro";"Múltipla";"Reta";"Sim";3;0;2;0;0;1;2;2;-3,7403769;-38,59569202;"SPRF-CE";"DEL01-CE";"UOP01-DEL01-CE"
504305;2023-02-08;"quarta-feira";"16:30:00";"BA";415;49;"ITABUNA";"Condutor deixou de manter distância do veículo da frente";"Colisão traseira";"Sem Vítimas";"Pleno dia";"Decrescente";"Céu Claro";"Simples";"Reta";"Não";3;0;0;0;3;0;0;3;-14,8198233;-39,3056924;"SPRF-BA";"DEL05-BA";"UOP01-DEL05-BA"
504308;2023-01-30;"segunda-feira";"20:30:00";"CE";222;31;"CAUCAIA";"Frear bruscamente";"Tombamento";"Com Vítimas Feridas";"Plena Noite";"Decrescente";"Céu Claro";"Dupla";"Reta";"Não";2;0;0;1;0;1;1;2;-3,71019947;-38,82872412;"SPRF-CE";"DEL01-CE";"UOP01-DEL01-CE"
504313;2023-02-10;"sexta-feira";"18:30:00";"PR";476;267;"SAO MATEUS DO SUL";"Reação tardia ou ineficiente do condutor";"Capotamento";"Com Vítimas Fatais";"Anoitecer";"Crescente";"Nublado";"Simples";"Reta";"Sim";1;1;0;0;0;0;0;1;-25,892023;-50,31163;"SPRF-PR";"DEL02-PR";"UOP03-DEL02-PR"
504317;2023-02-10;"sexta-feira";"18:35:00";"PR";376;238;"APUCARANA";"Reação tardia ou ineficiente do condutor";"Colisão traseira";"Sem Vítimas";"Anoitecer";"Decrescente";"Chuva";"Dupla";"Declive";"Não";2;0;0;0;2;0;0;2;-23,5821404;-51,45390599;"SPRF-PR";"DEL07-PR";"UOP03-DEL07-PR"
504318;2023-02-10;"sexta-feira";"17:00:00";"MT";364;119;"PEDRA PRETA";"Ingestão de álcool pelo condutor";"Colisão traseira";"Sem Vítimas";"Pleno dia";"Decrescente";"Garoa/Chuvisco";"Simples";"Declive";"Não";3;0;0;0;2;2;0;4;-16,825358;-54,059541;"SPRF-MT";"DEL02-MT";"UOP02-DEL02-MT"
504319;2023-02-10;"sexta-feira";"18:40:00";"PR";369;157,1;"LONDRINA";"Acessar a via sem observar a presença dos outros veículos";"Colisão transversal";"Com Vítimas Feridas";"Anoitecer";"Crescente";"Céu Claro";"Dupla";"Reta";"Sim";3;0;1;0;1;1;1;3;-23,28741244;-51,22620642;"SPRF-PR";"DEL07-PR";"UOP01-DEL07-PR"
504322;2023-02-10;"sexta-feira";"14:25:00";"BA";116;528;"ITATIM";"Demais falhas mecânicas ou elétricas";"Tombamento";"Sem Vítimas";"Pleno dia";"Crescente";"Céu Claro";"Simples";"Reta";"Não";2;0;0;0;1;1;0;2;-12,71587879;-39,7449061;"SPRF-BA";"DEL03-BA";"UOP02-DEL03-BA"
504333;2023-01-22;"domingo";"02:00:00";"MA";135;321,3;"DOM PEDRO";"Ausência de reação do condutor";"Tombamento";"Sem Vítimas";"Plena Noite";"Decrescente";"Nublado";"Simples";"Aclive";"Não";3;0;0;0;1;4;0;4;-5,10474387;-44,40216065;"SPRF-MA";"DEL03-MA";"UOP01-DEL03-MA"
504334;2023-02-10;"sexta-feira";"08:05:00";"SC";282;131,9;"BOM RETIRO";"Ausência de reação do condutor";"Saída de leito carroçável";"Com Vítimas Feridas";"Pleno dia";"Crescente";"Nublado";"Simples";"Reta";"Não";2;0;1;0;0;1;1;2;-27,810326;-49,520357;"SPRF-SC";"DEL05-SC";"UOP01-DEL05-SC"
504336;2023-02-10;"sexta-feira";"18:35:00";"RS";290;505,3;"ROSARIO DO SUL";"Reação tardia ou ineficiente do condutor";"Tombamento";"Com Vítimas Feridas";"Pleno dia";"Crescente";"Céu Claro";"Simples";"Reta";"Não";4;0;2;0;1;1;2;2;-30,15926;-55,147156;"SPRF-RS";"DEL11-RS";"UOP02-DEL11-RS"
504344;2023-02-10;"sexta-feira";"21:50:00";"GO";364;188;"JATAI";"Ausência de reação do condutor";"Tombamento";"Com Vítimas Feridas";"Plena Noite";"Decrescente";"Nublado";"Simples";"Curva";"Não";2;0;1;0;0;1;1;2;-17,928156;-51,659107;"SPRF-GO";"DEL05-GO";"UOP01-DEL05-GO"
504360;2023-02-10;"sexta-feira";"22:15:00";"RJ";393;201;"RIO DAS FLORES";"Acessar a via sem observar a presença dos outros veículos";"Colisão transversal";"Com Vítimas Feridas";"Plena Noite";"Crescente";"Garoa/Chuvisco";"Simples";"Curva;Interseção de Vias";"Sim";3;0;0;2;1;0;2;2;-22,22883931;-43,42323661;"SPRF-RJ";"DEL05-RJ";"UOP03-DEL05-RJ"
504367;2023-02-11;"sábado";"01:00:00";"PR";277;47;"MORRETES";"Ausência de reação do condutor";"Engavetamento";"Com Vítimas Feridas";"Plena Noite";"Decrescente";"Céu Claro";"Dupla";"Declive;Reta";"Não";13;0;1;1;10;6;2;15;-25,5921057;-48,914988;"SPRF-PR";"DEL01-PR";"UOP01-DEL01-PR"
504371;2023-02-10;"sexta-feira";"21:04:00";"PR";277;517,9;"GUARANIACU";"Acesso irregular";"Colisão frontal";"Sem Vítimas";"Plena Noite";"Crescente";"Nublado";"Simples";"Reta;Declive";"Não";4;0;0;0;3;3;0;6;-25,109942;-52,852852;"SPRF-PR";"DEL04-PR";"UOP04-DEL04-PR"
504373;2023-02-11;"sábado";"02:20:00";"SC";282;96,9;"ALFREDO WAGNER";"Transitar na contramão";"Colisão frontal";"Com Vítimas Feridas";"Pleno dia";"Decrescente";"Nublado";"Simples";"Curva";"Não";4;0;1;1;1;1;2;3;-27,712412;-49,263622;"SPRF-SC";"DEL01-SC";"UOP03-DEL01-SC"
504377;2023-02-11;"sábado";"01:40:00";"MG";40;98,7;"LAGOA GRANDE";"Transitar na contramão";"Colisão frontal";"Com Vítimas Fatais";"Amanhecer";"Crescente";"Céu Claro";"Simples";"Reta";"Não";22;2;2;1;16;2;3;4;-17,54929481;-46,52158383;"SPRF-MG";"DEL14-MG";"UOP01-DEL14-MG"
504378;2023-02-11;"sábado";"03:05:00";"PE";423;168,8;"AGUAS BELAS";"Transitar na contramão";"Colisão frontal";"Com Vítimas Fatais";"Plena Noite";"Crescente";"Céu Claro";"Simples";"Reta";"Não";3;1;0;0;2;0;0;2;-9,12739114;-37,033023;"SPRF-AL";"DEL03-AL";"UOP02-DEL03-AL"
504379;2023-02-11;"sábado";"03:24:00";"MG";153;28;"CENTRALINA";"Ausência de reação do condutor";"Tombamento";"Com Vítimas Feridas";"Plena Noite";"Crescente";"Garoa/Chuvisco";"Dupla";"Aclive";"Não";3;0;1;0;1;1;1;2;-18,66327211;-49,16526319;"SPRF-MG";"DEL15-MG";"UOP03-DEL15-MG"
504386;2023-02-11;"sábado";"05:54:00";"GO";153;532,2;"HIDROLANDIA";"Reação tardia ou ineficiente do condutor";"Colisão traseira";"Com Vítimas Fatais";"Amanhecer";"Crescente";"Garoa/Chuvisco";"Dupla";"Reta;Aclive";"Não";2;1;0;0;1;0;0;2;-16,9941;-49,2281;"SPRF-GO";"DEL01-GO";"UOP03-DEL01-GO"
504392;2023-02-11;"sábado";"06:30:00";"SC";470;67,9;"INDAIAL";"Ingestão de álcool pelo condutor";"Colisão transversal";"Com Vítimas Feridas";"Pleno dia";"Crescente";"Sol";"Simples";"Em Obras;Declive;Interseção de Vias;Reta";"Sim";5;0;1;0;3;1;1;3;-26,8784469;-49,24027389;"SPRF-SC";"DEL04-SC";"UOP01-DEL04-SC"
504407;2023-02-10;"sexta-feira";"23:20:00";"RO";364;423;"JARU";"Ultrapassagem Indevida";"Colisão lateral mesmo sentido";"Com Vítimas Feridas";"Plena Noite";"Decrescente";"Nublado";"Simples";"Reta;Ponte";"Sim";3;0;1;1;1;0;2;2;-10,45220802;-62,46072003;"SPRF-RO";"DEL03-RO";"UOP02-DEL03-RO"
504408;2023-02-11;"sábado";"05:00:00";"MT";364;104;"ALTO GARCAS";"Ultrapassagem Indevida";"Saída de leito carroçável";"Com Vítimas Feridas";"Amanhecer";"Decrescente";"Céu Claro";"Simples";"Reta";"Não";3;0;1;0;0;3;1;4;-16,84187857;-53,79768419;"SPRF-MT";"DEL02-MT";"UOP02-DEL02-MT"
504411;2023-02-11;"sábado";"08:35:00";"CE";116;162,8;"RUSSAS";"Ausência de reação do condutor";"Colisão frontal";"Com Vítimas Feridas";"Pleno dia";"Decrescente";"Céu Claro";"Simples";"Curva";"Sim";3;0;1;0;2;0;1;3;-4,92961905;-37,98992083;"SPRF-CE";"DEL03-CE";"UOP01-DEL03-CE"
504416;2023-02-11;"sábado";"07:40:00";"MG";116;410,3;"GOVERNADOR VALADARES";"Acessar a via sem observar a presença dos outros veículos";"Colisão transversal";"Com Vítimas Feridas";"Pleno dia";"Decrescente";"Nublado";"Múltipla";"Retorno Regulamentado";"Sim";2;0;1;0;1;0;1;2;-18,855625;-41,975623;"SPRF-MG";"DEL06-MG";"UOP01-DEL06-MG"
504419;2023-02-07;"terça-feira";"19:00:00";"PR";476;84;"BOCAIUVA DO SUL";"Velocidade Incompatível";"Capotamento";"Com Vítimas Feridas";"Anoitecer";"Decrescente";"Nublado";"Simples";"Aclive;Curva";"Não";2;0;1;0;0;1;1;2;-25,152304;-49,110638;"SPRF-PR";"DEL01-PR";"UOP01-DEL01-PR"
504420;2023-02-11;"sábado";"05:30:00";"BA";116;726,5;"MANOEL VITORINO";"Manobra de mudança de faixa";"Colisão lateral sentido oposto";"Com Vítimas Feridas";"Pleno dia";"Decrescente";"Céu Claro";"Simples";"Reta";"Não";3;0;2;0;0;2;2;4;-14,24600195;-40,28404121;"SPRF-BA";"DEL08-BA";"UOP02-DEL08-BA"
504437;2023-02-11;"sábado";"09:40:00";"MG";50;171;"UBERABA";"Ausência de reação do condutor";"Colisão lateral mesmo sentido";"Sem Vítimas";"Pleno dia";"Crescente";"Garoa/Chuvisco";"Dupla";"Em Obras";"Não";3;0;0;0;2;2;0;4;-19,74554892;-47,98382166;"SPRF-MG";"DEL13-MG";"UOP01-DEL13-MG"
504440;2023-02-11;"sábado";"10:30:00";"PR";376;262;"CALIFORNIA";"Velocidade Incompatível";"Tombamento";"Com Vítimas Feridas";"Pleno dia";"Decrescente";"Nublado";"Dupla";"Curva";"Não";1;0;1;0;0;0;1;1;-23,69676029;-51,33773804;"SPRF-PR";"DEL07-PR";"UOP03-DEL07-PR"
504441;2023-02-11;"sábado";"11:09:00";"ES";101;147,8;"LINHARES";"Manobra de mudança de faixa";"Colisão lateral mesmo sentido";"Com Vítimas Feridas";"Pleno dia";"Crescente";"Chuva";"Múltipla";"Reta";"Sim";2;0;0;1;0;1;1;2;-19,37887202;-40,06657892;"SPRF-ES";"DEL04-ES";"UOP01-DEL04-ES"
504443;2023-02-11;"sábado";"08:20:00";"CE";222;202;"FORQUILHA";"Velocidade Incompatível";"Tombamento";"Com Vítimas Feridas";"Pleno dia";"Crescente";"Céu Claro";"Simples";"Curva";"Não";2;0;1;0;0;1;1;2;-3,79695907;-40,21547705;"SPRF-CE";"DEL04-CE";"UOP01-DEL04-CE"
504446;2023-01-20;"sexta-feira";"14:20:00";"MT";163;1004;"TERRA NOVA DO NORTE";"Acessar a via sem observar a presença dos outros veículos";"Tombamento";"Com Vítimas Feridas";"Pleno dia";"Decrescente";"Céu Claro";"Simples";"Reta";"Não";2;0;1;0;0;1;1;2;-10,58824596;-55,09321322;"SPRF-MT";"DEL06-MT";"UOP03-DEL06-MT"
504447;2023-02-11;"sábado";"11:49:00";"SP";153;47,5;"SAO JOSE DO RIO PRETO";"Objeto estático sobre o leito carroçável";"Colisão traseira";"Com Vítimas Feridas";"Pleno dia";"Decrescente";"Nublado";"Simples";"Aclive;Reta";"Sim";4;0;0;1;1;2;1;4;-20,68199298;-49,34015562;"SPRF-SP";"DEL09-SP";"UOP01-DEL09-SP"
504449;2023-02-11;"sábado";"09:10:00";"TO";230;87;"SAO BENTO DO TOCANTINS";"Reação tardia ou ineficiente do condutor";"Colisão lateral sentido oposto";"Com Vítimas Feridas";"Pleno dia";"Crescente";"Céu Claro";"Simples";"Curva";"Não";3;0;1;0;1;3;1;5;-6,06687084;-47,92614187;"SPRF-TO";"DEL02-TO";"UOP03-DEL02-TO"
504460;2023-02-11;"sábado";"12:30:00";"PR";277;71;"SAO JOSE DOS PINHAIS";"Reação tardia ou ineficiente do condutor";"Tombamento";"Com Vítimas Feridas";"Pleno dia";"Crescente";"Céu Claro";"Dupla";"Aclive;Curva";"Não";2;0;1;0;0;2;1;3;-25,51026676;-49,12906229;"SPRF-PR";"DEL01-PR";"UOP01-DEL01-PR"
504466;2023-02-11;"sábado";"11:55:00";"RS";153;44,5;"ERECHIM";"Acessar a via sem observar a presença dos outros veículos";"Colisão transversal";"Com Vítimas Feridas";"Pleno dia";"Crescente";"Céu Claro";"Simples";"Rotatória";"Não";7;0;1;0;5;2;1;4;-27,62312752;-52,23687793;"SPRF-RS";"DEL08-RS";"UOP04-DEL08-RS"
504468;2023-02-11;"sábado";"12:00:00";"RS";392;8,6;"RIO GRANDE";"Reação tardia ou ineficiente do condutor";"Tombamento";"Com Vítimas Feridas";"Pleno dia";"Decrescente";"Céu Claro";"Simples";"Reta";"Sim";2;0;1;0;0;2;1;3;-32,10246718;-52,11069415;"SPRF-RS";"DEL07-RS";"UOP02-DEL07-RS"
504470;2023-02-11;"sábado";"14:15:00";"ES";101;372,7;"ICONHA";"Ingestão de álcool pelo condutor";"Colisão frontal";"Com Vítimas Feridas";"Pleno dia";"Decrescente";"Sol";"Simples";"Reta";"Não";6;0;2;3;0;1;5;4;-20,77215419;-40,77695658;"SPRF-ES";"DEL03-ES";"UOP01-DEL03-ES"
504487;2023-02-11;"sábado";"15:15:00";"RS";471;173,3;"RIO PARDO";"Acessar a via sem observar a presença dos outros veículos";"Colisão transversal";"Com Vítimas Fatais";"Pleno dia";"Decrescente";"Céu Claro";"Simples";"Interseção de Vias;Reta";"Não";2;1;0;0;1;0;0;2;-29,97363566;-52,37089276;"SPRF-RS";"DEL02-RS";"UOP03-DEL02-RS"
504489;2023-02-11;"sábado";"11:40:00";"PR";277;234;"FERNANDES PINHEIRO";"Reação tardia ou ineficiente do condutor";"Colisão transversal";"Sem Vítimas";"Pleno dia";"Decrescente";"Céu Claro";"Simples";"Rotatória";"Não";2;0;0;0;1;1;0;2;-25,46528432;-50,5752182;"SPRF-PR";"DEL08-PR";"UOP02-DEL08-PR"
504490;2023-02-11;"sábado";"13:00:00";"GO";452;45,9;"SANTA HELENA DE GOIAS";"Condutor deixou de manter distância do veículo da frente";"Colisão lateral sentido oposto";"Sem Vítimas";"Pleno dia";"Crescente";"Sol";"Simples";"Ponte;Reta";"Não";3;0;0;0;2;6;0;8;-17,94510822;-50,51728809;"SPRF-GO";"DEL04-GO";"UOP01-DEL04-GO"
504497;2023-02-11;"sábado";"13:40:00";"MG";116;189;"CARAI";"Demais falhas mecânicas ou elétricas";"Incêndio";"Sem Vítimas";"Pleno dia";"Crescente";"Céu Claro";"Simples";"Aclive;Curva";"Não";1;0;0;0;1;0;0;1;-17,154827;-41,501253;"SPRF-MG";"DEL11-MG";"UOP01-DEL11-MG"
504500;2023-02-11;"sábado";"15:31:00";"MT";163;750;"SORRISO";"Ingestão de álcool pelo condutor";"Saída de leito carroçável";"Sem Vítimas";"Pleno dia";"Crescente";"Céu Claro";"Dupla";"Reta";"Sim";4;0;0;0;3;3;0;6;-12,67193506;-55,79367178;"SPRF-MT";"DEL06-MT";"UOP01-DEL06-MT"
504501;2023-02-11;"sábado";"17:05:00";"PR";116;152;"MANDIRITUBA";"Desrespeitar a preferência no cruzamento";"Colisão transversal";"Com Vítimas Feridas";"Pleno dia";"Crescente";"Céu Claro";"Simples";"Interseção de Vias";"Não";3;0;0;1;1;2;1;4;-25,83236296;-49,33609707;"SPRF-PR";"DEL01-PR";"UOP03-DEL01-PR"
504505;2023-02-11;"sábado";"16:10:00";"PR";163;93,4;"CAPANEMA";"Condutor deixou de manter distância do veículo da frente";"Colisão traseira";"Com Vítimas Feridas";"Pleno dia";"Decrescente";"Sol";"Simples";"Aclive;Reta";"Não";2;0;1;0;0;1;1;2;-25,641028;-53,805011;"SPRF-PR";"DEL02-PR";"UOP02-DEL02-PR"
504509;2023-02-11;"sábado";"10:00:00";"MA";402;106,7;"HUMBERTO DE CAMPOS";"Reação tardia ou ineficiente do condutor";"Saída de leito carroçável";"Sem Vítimas";"Pleno dia";"Crescente";"Sol";"Simples";"Declive;Reta;Ponte";"Não";1;0;0;0;0;1;0;1;-2,721702;-43,504555;"SPRF-MA";"DEL01-MA";"UOP01-DEL01-MA"
504511;2023-02-08;"quarta-feira";"17:40:00";"MA";230;361,2;"SAO RAIMUNDO DAS MANGABEIRAS";"Acostamento em desnível";"Saída de leito carroçável";"Sem Vítimas";"Pleno dia";"Decrescente";"Céu Claro";"Simples";"Reta";"Não";3;0;0;0;2;3;0;4;-7,21414714;-45,83724395;"SPRF-MA";"DEL05-MA";"UOP01-DEL05-MA"
504522;2023-02-11;"sábado";"19:10:00";"RS";290;79;"GRAVATAI";"Manobra de mudança de faixa";"Colisão lateral mesmo sentido";"Com Vítimas Feridas";"Anoitecer";"Decrescente";"Céu Claro";"Dupla";"Reta";"Não";6;0;2;0;3;1;2;3;-29,95343;-51,058449;"SPRF-RS";"DEL01-RS";"UOP01-DEL01-RS"
504523;2023-02-11;"sábado";"19:10:00";"BA";116;849,9;"VITORIA DA CONQUISTA";"Transitar na contramão";"Queda de ocupante de veículo";"Com Vítimas Fatais";"Plena Noite";"Crescente";"Céu Claro";"Simples";"Reta";"Não";3;1;0;0;1;1;0;3;-15,08719646;-41,01268172;"SPRF-BA";"DEL08-BA";"UOP01-DEL08-BA"
504545;2023-02-11;"sábado";"19:30:00";"MS";163;77;"ITAQUIRAI";"Desrespeitar a preferência no cruzamento";"Colisão transversal";"Sem Vítimas";"Plena Noite";"Decrescente";"Ignorado";"Dupla";"Interseção de Vias;Reta";"Sim";4;0;0;0;2;2;0;3;-23,4831998;-54,18609129;"SPRF-MS";"DEL09-MS";"UOP01-DEL09-MS"
504546;2023-02-11;"sábado";"21:00:00";"ES";101;30;"CONCEICAO DA BARRA";"Ausência de reação do condutor";"Colisão traseira";"Com Vítimas Feridas";"Plena Noite";"Crescente";"Céu Claro";"Simples";"Aclive;Reta";"Não";3;0;0;1;1;2;1;4;-18,41695394;-39,93608555;"SPRF-ES";"DEL04-ES";"UOP02-DEL04-ES"
504550;2023-02-11;"sábado";"14:40:00";"MG";267;90;"JUIZ DE FORA";"Ausência de reação do condutor";"Colisão com objeto";"Sem Vítimas";"Pleno dia";"Crescente";"Céu Claro";"Simples";"Declive;Curva";"Não";2;0;0;0;1;1;0;2;-21,75070983;-43,28034306;"SPRF-MG";"DEL05-MG";"UOP01-DEL05-MG"
504556;2023-02-11;"sábado";"20:00:00";"BA";116;302;"TUCANO";"Ausência de sinalização";"Colisão lateral sentido oposto";"Com Vítimas Fatais";"Plena Noite";"Decrescente";"Céu Claro";"Simples";"Reta";"Não";3;1;0;0;1;1;0;3;-11,191222;-38,867627;"SPRF-BA";"DEL02-BA";"UOP01-DEL02-BA"
504560;2023-02-11;"sábado";"21:15:00";"MS";262;403;"TERENOS";"Ingestão de álcool pelo condutor";"Colisão frontal";"Com Vítimas Fatais";"Plena Noite";"Crescente";"Céu Claro";"Simples";"Reta";"Não";3;1;1;0;1;0;1;2;-20,42624977;-55,04883405;"SPRF-MS";"DEL01-MS";"UOP03-DEL01-MS"
504566;2023-02-11;"sábado";"22:35:00";"ES";101;223,4;"IBIRACU";"Velocidade Incompatível";"Tombamento";"Com Vítimas Feridas";"Plena Noite";"Decrescente";"Céu Claro";"Simples";"Curva";"Não";1;0;1;0;0;0;1;1;-19,87635624;-40,41496163;"SPRF-ES";"DEL02-ES";"UOP01-DEL02-ES"
504568;2023-02-11;"sábado";"04:00:00";"MA";230;54;"SUCUPIRA DO RIACHAO";"Ausência de reação do condutor";"Saída de leito carroçável";"Com Vítimas Feridas";"Plena Noite";"Decrescente";"Céu Claro";"Simples";"Reta";"Não";4;0;1;0;2;1;1;2;-6,58752858;-43,43354103;"SPRF-PI";"DEL03-PI";"UOP01-DEL03-PI"
504577;2023-02-11;"sábado";"18:30:00";"TO";153;559;"FATIMA";"Transitar na contramão";"Colisão traseira";"Com Vítimas Feridas";"Anoitecer";"Decrescente";"Céu Claro";"Simples";"Reta";"Não";3;0;0;1;1;1;1;3;-10,69333371;-48,90666962;"SPRF-TO";"DEL01-TO";"UOP01-DEL01-TO"