"id";"data_inversa";"dia_semana";"horario";"uf";"br";"km";"municipio";"causa_acidente";"tipo_acidente";"classificacao_acidente";"fase_dia";"sentido_via";"condicao_metereologica";"tipo_pista";"tracado_via";"uso_solo";"pessoas";"mortos";"feridos_leves";"feridos_graves";"ilesos";"ignorados";"feridos";"veiculos";"latitude";"longitude";"regional";"delegacia";"uop"
504581;2023-02-11;"sábado";"21:30:00";"BA";116;598,6;"IRAJUBA";"Carga excessiva e/ou mal acondicionada";"Tombamento";"Com Vítimas Feridas";"Plena Noite";"Crescente";"Céu Claro";"Simples";"Aclive";"Não";1;0;1;0;0;0;1;1;-13,2251602;-40,020031;"SPRF-BA";"DEL03-BA";"UOP02-DEL03-BA"
504584;2023-02-12;"domingo";"00:05:00";"ES";101;18;"PEDRO CANARIO";"Demais falhas mecânicas ou elétricas";"Saída de leito carroçável";"Com Vítimas Feridas";"Plena Noite";"Decrescente";"Céu Claro";"Simples";"Curva;Declive";"Não";3;0;1;0;1;1;1;3;-18,31320539;-39,95347307;"SPRF-ES";"DEL04-ES";"UOP02-DEL04-ES"
504588;2023-02-11;"sábado";"10:45:00";"MA";230;50;"SUCUPIRA DO RIACHAO";"Ausência de reação do condutor";"Tombamento";"Com Vítimas Feridas";"Pleno dia";"Decrescente";"Nublado";"Simples";"Reta";"Não";2;0;1;0;0;2;1;3;-6,60796518;-43,4056311;"SPRF-PI";"DEL03-PI";"UOP01-DEL03-PI"
504589;2023-02-11;"sábado";"20:20:00";"SC";282;462,2;"PONTE SERRADA";"Transitar na contramão";"Colisão lateral sentido oposto";"Com Vítimas Feridas";"Plena Noite";"Decrescente";"Céu Claro";"Simples";"Reta";"Sim";3;0;1;0;1;1;1;3;-26,857594;-52,050583;"SPRF-SC";"DEL07-SC";"UOP04-DEL07-SC"
504593;2023-02-11;"sábado";"22:50:00";"SP";116;461;"PARIQUERA-ACU";"Acessar a via sem observar a presença dos outros veículos";"Colisão traseira";"Com Vítimas Feridas";"Plena Noite";"Decrescente";"Garoa/Chuvisco";"Dupla";"Reta";"Não";2;0;0;1;0;1;1;2;-24,61672184;-47,88933615;"SPRF-SP";"DEL05-SP";"UOP01-DEL05-SP"
504598;2023-02-12;"domingo";"01:30:00";"SP";116;145;"SAO JOSE DOS CAMPOS";"Ausência de reação do condutor";"Colisão traseira";"Com Vítimas Feridas";"Pleno dia";"Decrescente";"Céu Claro";"Dupla";"Reta";"Não";3;0;1;0;1;1;1;3;-23,1869844;-45,8548078;"SPRF-SP";"DEL02-SP";"UOP01-DEL02-SP"
504601;2023-02-11;"sábado";"23:15:00";"MS";267;26,7;"BATAGUASSU";"Transitar na contramão";"Colisão lateral sentido oposto";"Sem Vítimas";"Plena Noite";"Crescente";"Céu Claro";"Simples";"Declive";"Não";3;0;0;0;1;2;0;3;-21,72335399;-52,394177;"SPRF-MS";"DEL02-MS";"UOP04-DEL02-MS"
504607;2023-02-11;"sábado";"17:25:00";"MT";158;633,2;"AGUA BOA";"Reação tardia ou ineficiente do condutor";"Tombamento";"Sem Vítimas";"Pleno dia";"Crescente";"Céu Claro";"Simples";"Curva";"Não";2;0;0;0;1;2;0;3;-14,53691046;-52,32954037;"SPRF-MT";"DEL07-MT";"UOP02-DEL07-MT"
504619;2023-02-12;"domingo";"05:43:00";"MG";116;412,4;"GOVERNADOR VALADARES";"Transitar na contramão";"Colisão lateral sentido oposto";"Com Vítimas Feridas";"Amanhecer";"Crescente";"Céu Claro";"Simples";"Reta;Interseção de Vias";"Sim";2;0;0;1;0;1;1;2;-18,86882342;-41,97144241;"SPRF-MG";"DEL06-MG";"UOP01-DEL06-MG"
504637;2023-02-12;"domingo";"05:50:00";"BA";116;773;"PLANALTO";"Ausência de reação do condutor";"Colisão lateral sentido oposto";"Com Vítimas Feridas";"Pleno dia";"Crescente";"Céu Claro";"Simples";"Reta";"Não";3;0;0;1;1;1;1;3;-14,5744912;-40,42660279;"SPRF-BA";"DEL08-BA";"UOP02-DEL08-BA"
504642;2023-02-12;"domingo";"05:00:00";"MG";251;310,9;"SALINAS";"Acessar a via sem observar a presença dos outros veículos";"Colisão transversal";"Com Vítimas Feridas";"Amanhecer";"Decrescente";"Céu Claro";"Simples";"Reta;Interseção de Vias";"Sim";6;0;2;2;2;0;4;2;-16,13439486;-42,28093743;"SPRF-MG";"DEL12-MG";"UOP01-DEL12-MG"
504658;2023-01-31;"terça-feira";"20:10:00";"PR";163;52;"PRANCHITA";"Iluminação deficiente";"Colisão traseira";"Com Vítimas Feridas";"Plena Noite";"Crescente";"Céu Claro";"Simples";"Reta;Declive";"Não";3;0;2;0;1;0;2;2;-25,96681899;-53,72229007;"SPRF-PR";"DEL02-PR";"UOP02-DEL02-PR"
504660;2023-02-11;"sábado";"15:00:00";"MT";163;1048;"MATUPA";"Condutor deixou de manter distância do veículo da frente";"Colisão traseira";"Com Vítimas Feridas";"Plena Noite";"Crescente";"Céu Claro";"Simples";"Reta";"Não";5;0;1;0;3;2;1;5;-10,22135189;-54,97106016;"SPRF-MT";"DEL06-MT";"UOP03-DEL06-MT"
504663;2023-02-12;"domingo";"07:00:00";"RO";364;174;"PIMENTA BUENO";"Transitar na contramão";"Colisão lateral sentido oposto";"Sem Vítimas";"Pleno dia";"Crescente";"Céu Claro";"Simples";"Reta";"Não";3;0;0;0;2;3;0;5;-11,81737786;-61,03744379;"SPRF-RO";"DEL02-RO";"UOP02-DEL02-RO"
504665;2023-02-12;"domingo";"09:30:00";"SP";116;189;"SANTA ISABEL";"Reação tardia ou ineficiente do condutor";"Atropelamento de Pedestre";"Com Vítimas Feridas";"Pleno dia";"Crescente";"Céu Claro";"Dupla";"Reta;Aclive";"Não";4;0;0;1;1;3;1;5;-23,36435234;-46,22488684;"SPRF-SP";"DEL01-SP";"UOP01-DEL01-SP"
504667;2023-01-23;"segunda-feira";"19:50:00";"ES";101;457;"MIMOSO DO SUL";"Acessar a via sem observar a presença dos outros veículos";"Colisão transversal";"Com Vítimas Feridas";"Plena Noite";"Crescente";"Céu Claro";"Simples";"Interseção de Vias";"Não";3;0;0;1;2;0;1;2;-21,19404508;-41,29778404;"SPRF-ES";"DEL03-ES";"UOP02-DEL03-ES"
504668;2023-02-12;"domingo";"09:25:00";"MT";364;328,9;"CAMPO VERDE";"Reação tardia ou ineficiente do condutor";"Colisão traseira";"Com Vítimas Feridas";"Pleno dia";"Decrescente";"Nublado";"Dupla";"Curva";"Não";3;0;1;0;1;2;1;4;-15,81572524;-55,39421693;"SPRF-MT";"DEL05-MT";"UOP02-DEL05-MT"
504692;2023-02-12;"domingo";"09:11:00";"MT";364;510;"JANGADA";"Ultrapassagem Indevida";"Colisão lateral mesmo sentido";"Com Vítimas Feridas";"Pleno dia";"Decrescente";"Céu Claro";"Simples";"Aclive";"Não";6;0;2;1;2;6;3;10;-15,18215397;-56,52038195;"SPRF-MT";"DEL01-MT";"UOP01-DEL01-MT"
504693;2023-02-12;"domingo";"14:00:00";"ES";101;388,7;"RIO NOVO DO SUL";"Curva acentuada";"Tombamento";"Sem Vítimas";"Pleno dia";"Decrescente";"Céu Claro";"Simples";"Curva";"Não";5;0;0;0;4;1;0;2;-20,85689511;-40,8767812;"SPRF-ES";"DEL03-ES";"UOP02-DEL03-ES"
504697;2023-02-12;"domingo";"10:20:00";"MG";116;575,5;"MANHUACU";"Transitar na contramão";"Colisão traseira";"Com Vítimas Feridas";"Pleno dia";"Decrescente";"Sol";"Simples";"Curva";"Não";4;0;0;1;2;2;1;5;-20,14598091;-42,18538333;"SPRF-MG";"DEL06-MG";"UOP03-DEL06-MG"
504700;2023-02-12;"domingo";"15:00:00";"BA";116;419;"FEIRA DE SANTANA";"Reação tardia ou ineficiente do condutor";"Colisão com objeto";"Com Vítimas Fatais";"Pleno dia";"Decrescente";"Céu Claro";"Simples";"Em Obras";"Sim";4;1;0;0;1;3;0;5;-12,13392801;-38,96796727;"SPRF-BA";"DEL02-BA";"UOP01-DEL02-BA"
504718;2023-02-12;"domingo";"02:00:00";"GO";158;153;"CAIAPONIA";"Reação tardia ou ineficiente do condutor";"Tombamento";"Sem Vítimas";"Plena Noite";"Decrescente";"Nublado";"Simples";"Aclive;Reta";"Não";2;0;0;0;0;3;0;3;-16,92992171;-51,81418301;"SPRF-GO";"DEL04-GO";"UOP02-DEL04-GO"
504725;2023-02-12;"domingo";"16:50:00";"MG";40;527;"CONTAGEM";"Velocidade Incompatível";"Colisão com objeto";"Com Vítimas Feridas";"Pleno dia";"Crescente";"Chuva";"Dupla";"Reta";"Não";1;0;1;0;0;0;1;1;-19,90149502;-44,04938939;"SPRF-MG";"DEL01-MG";"UOP02-DEL01-MG"
504726;2023-02-12;"domingo";"17:00:00";"PR";116;145;"MANDIRITUBA";"Condutor deixou de manter distância do veículo da frente";"Colisão traseira";"Sem Vítimas";"Pleno dia";"Decrescente";"Céu Claro";"Simples";"Reta";"Não";2;0;0;0;1;1;0;2;-25,77290167;-49,32325542;"SPRF-PR";"DEL01-PR";"UOP03-DEL01-PR"
504727;2023-02-12;"domingo";"17:00:00";"RJ";493;10;"GUAPIMIRIM";"Condutor deixou de manter distância do veículo da frente";"Colisão traseira";"Com Vítimas Feridas";"Pleno dia";"Decrescente";"Nublado";"Simples";"Reta";"Não";7;0;4;0;2;2;4;5;-22,69541193;-42,95667763;"SPRF-RJ";"DEL04-RJ";"UOP02-DEL04-RJ"
504754;2023-02-12;"domingo";"20:50:00";"GO";452;105;"BOM JESUS DE GOIAS";"Acessar a via sem observar a presença dos outros veículos";"Colisão transversal";"Com Vítimas Feridas";"Plena Noite";"Crescente";"Chuva";"Simples";"Reta;Interseção de Vias";"Não";5;0;1;0;3;2;1;4;-18,15490714;-49,93925508;"SPRF-GO";"DEL03-GO";"UOP02-DEL03-GO"
504756;2023-02-12;"domingo";"20:30:00";"MT";70;278;"PRIMAVERA DO LESTE";"Mal súbito do condutor";"Colisão lateral mesmo sentido";"Com Vítimas Feridas";"Plena Noite";"Crescente";"Chuva";"Dupla";"Rotatória";"Sim";3;0;0;1;1;1;1;3;-15,56201193;-54,29646915;"SPRF-MT";"DEL05-MT";"UOP01-DEL05-MT"
504762;2023-02-12;"domingo";"19:30:00";"PR";277;114;"CAMPO LARGO";"Pedestre cruzava a pista fora da faixa";"Atropelamento de Pedestre";"Com Vítimas Fatais";"Plena Noite";"Crescente";"Céu Claro";"Dupla";"Reta";"Sim";4;1;0;0;0;3;0;3;-25,42766575;-49,38724005;"SPRF-PR";"DEL03-PR";"UOP03-DEL03-PR"
504768;2023-02-12;"domingo";"21:50:00";"ES";101;310;"VIANA";"Ausência de reação do condutor";"Colisão com objeto";"Com Vítimas Fatais";"Plena Noite";"Decrescente";"Céu Claro";"Dupla";"Curva";"Não";2;1;0;0;0;1;0;2;-20,42590098;-40,46036505;"SPRF-ES";"DEL01-ES";"UOP01-DEL01-ES"
504791;2023-02-12;"domingo";"21:00:00";"SC";470;344,7;"CAMPOS NOVOS";"Condutor Dormindo";"Colisão frontal";"Com Vítimas Feridas";"Plena Noite";"Crescente";"Céu Claro";"Simples";"Reta";"Não";4;0;0;1;2;2;1;4;-27,538567;-51,408329;"SPRF-SC";"DEL07-SC";"UOP06-DEL07-SC"
504795;2023-02-12;"domingo";"23:00:00";"RJ";356;136;"CAMPOS DOS GOYTACAZES";"Ingestão de álcool pelo condutor";"Colisão transversal";"Com Vítimas Feridas";"Plena Noite";"Crescente";"Céu Claro";"Simples";"Interseção de Vias";"Sim";3;0;0;1;2;0;1;2;-21,73808694;-41,33458697;"SPRF-RJ";"DEL08-RJ";"UOP01-DEL08-RJ"
504798;2023-02-12;"domingo";"21:40:00";"MG";116;89,9;"MEDINA";"Condutor Dormindo";"Colisão frontal";"Com Vítimas Feridas";"Plena Noite";"Decrescente";"Céu Claro";"Simples";"Reta";"Não";3;0;0;1;1;1;1;3;-16,342478;-41,476151;"SPRF-MG";"DEL11-MG";"UOP02-DEL11-MG"
504800;2023-02-12;"domingo";"20:10:00";"PI";402;42,5;"PARNAIBA";"Ingestão de álcool pelo condutor";"Colisão frontal";"Com Vítimas Feridas";"Plena Noite";"Crescente";"Céu Claro";"Simples";"Curva";"Não";2;0;0;1;1;0;1;2;-3,000665;-41,704038;"SPRF-PI";"DEL05-PI";"UOP01-DEL05-PI"
504805;2023-02-13;"segunda-feira";"01:20:00";"GO";153;616;"MORRINHOS";"Reação tardia ou ineficiente do condutor";"Saída de leito carroçável";"Com Vítimas Feridas";"Plena Noite";"Decrescente";"Céu Claro";"Dupla";"Reta";"Não";2;0;1;0;0;2;1;3;-17,6864;-49,159;"SPRF-GO";"DEL03-GO";"UOP01-DEL03-GO"
504818;2023-02-13;"segunda-feira";"05:20:00";"SP";116;204;"ARUJA";"Mal súbito do condutor";"Colisão com objeto";"Com Vítimas Feridas";"Amanhecer";"Decrescente";"Nublado";"Simples";"Reta";"Não";2;0;1;0;1;0;1;1;-23,41236123;-46,35692496;"SPRF-SP";"DEL01-SP";"UOP01-DEL01-SP"
504822;2023-02-13;"segunda-feira";"05:45:00";"GO";20;195,8;"POSSE";"Condutor Dormindo";"Colisão traseira";"Com Vítimas Feridas";"Amanhecer";"Decrescente";"Céu Claro";"Simples";"Curva";"Não";11;0;2;2;6;2;4;4;-14,355703;-46,443913;"SPRF-DF";"DEL02-DF";"UOP03-DEL02-DF"
504823;2023-02-13;"segunda-feira";"04:52:00";"MS";376;91;"DEODAPOLIS";"Reação tardia ou ineficiente do condutor";"Colisão frontal";"Com Vítimas Fatais";"Amanhecer";"Decrescente";"Nevoeiro/Neblina";"Simples";"Reta;Aclive";"Não";3;1;0;0;1;1;0;3;-22,30606188;-54,09185595;"SPRF-MS";"DEL04-MS";"UOP04-DEL04-MS"
504824;2023-02-12;"domingo";"20:00:00";"GO";364;350;"MINEIROS";"Demais falhas mecânicas ou elétricas";"Incêndio";"Sem Vítimas";"Plena Noite";"Crescente";"Nublado";"Simples";"Reta;Declive";"Não";2;0;0;0;1;1;0;2;-17,382486;-52,906311;"SPRF-GO";"DEL05-GO";"UOP01-DEL05-GO"
504827;2023-02-12;"domingo";"17:20:00";"SC";282;632,2;"DESCANSO";"Demais falhas mecânicas ou elétricas";"Eventos atípicos";"Com Vítimas Feridas";"Pleno dia";"Crescente";"Céu Claro";"Simples";"Reta";"Não";4;0;0;1;2;2;1;4;-26,8253;-53,404217;"SPRF-SC";"DEL07-SC";"UOP03-DEL07-SC"
504845;2023-02-12;"domingo";"21:20:00";"MG";381;517;"IGARAPE";"Manobra de mudança de faixa";"Tombamento";"Com Vítimas Feridas";"Plena Noite";"Decrescente";"Céu Claro";"Simples";"Reta;Declive";"Não";3;0;1;0;0;2;1;3;-20,11382303;-44,30720801;"SPRF-MG";"DEL04-MG";"UOP03-DEL04-MG"
504849;2023-02-13;"segunda-feira";"06:45:00";"PB";101;82,5;"BAYEUX";"Ausência de reação do condutor";"Colisão traseira";"Com Vítimas Feridas";"Pleno dia";"Crescente";"Céu Claro";"Dupla";"Aclive;Reta";"Sim";13;0;1;0;11;1;1;9;-7,131;-34,9332;"SPRF-PB";"DEL01-PB";"UOP01-DEL01-PB"
504850;2023-02-13;"segunda-feira";"07:00:00";"PR";116;124;"FAZENDA RIO GRANDE";"Manobra de mudança de faixa";"Colisão lateral mesmo sentido";"Sem Vítimas";"Pleno dia";"Crescente";"Nublado";"Dupla";"Reta";"Sim";4;0;0;0;3;2;0;5;-25,626437;-49,314697;"SPRF-PR";"DEL01-PR";"UOP03-DEL01-PR"
504851;2023-02-12;"domingo";"17:00:00";"PR";153;475;"PORTO VITORIA";"Pista esburacada";"Colisão lateral sentido oposto";"Com Vítimas Feridas";"Pleno dia";"Crescente";"Céu Claro";"Simples";"Reta";"Não";3;0;1;0;1;3;1;5;-26,32542196;-51,22924805;"SPRF-PR";"DEL02-PR";"UOP03-DEL02-PR"
504854;2023-02-12;"domingo";"23:15:00";"RJ";116;228,5;"PIRAI";"Demais falhas mecânicas ou elétricas";"Incêndio";"Sem Vítimas";"Plena Noite";"Decrescente";"Céu Claro";"Simples";"Curva";"Não";2;0;0;0;1;1;0;2;-22,67208078;-43,81789284;"SPRF-RJ";"DEL07-RJ";"UOP01-DEL07-RJ"
504856;2023-02-13;"segunda-feira";"06:00:00";"PR";376;307;"MAUA DA SERRA";"Ausência de reação do condutor";"Tombamento";"Sem Vítimas";"Amanhecer";"Crescente";"Nublado";"Dupla";"Curva;Declive";"Sim";2;0;0;0;1;2;0;3;-23,9743171;-51,1035821;"SPRF-PR";"DEL07-PR";"UOP02-DEL07-PR"
504865;2023-02-13;"segunda-feira";"07:50:00";"RS";386;178,1;"CARAZINHO";"Reação tardia ou ineficiente do condutor";"Engavetamento";"Com Vítimas Feridas";"Pleno dia";"Decrescente";"Céu Claro";"Simples";"Curva;Declive;Em Obras";"Não";6;0;3;0;3;0;3;6;-28,2883;-52,759373;"SPRF-RS";"DEL08-RS";"UOP01-DEL08-RS"
504869;2023-02-13;"segunda-feira";"09:15:00";"BA";324;613;"SALVADOR";"Ultrapassagem Indevida";"Colisão lateral mesmo sentido";"Com Vítimas Feridas";"Pleno dia";"Crescente";"Céu Claro";"Dupla";"Reta";"Não";2;0;1;0;1;0;1;2;-12,85531601;-38,42055197;"SPRF-BA";"DEL01-BA";"UOP01-DEL01-BA"
504874;2023-02-13;"segunda-feira";"09:50:00";"RS";285;380,4;"SALDANHA MARINHO";"Reação tardia ou ineficiente do condutor";"Colisão traseira";"Com Vítimas Feridas";"Pleno dia";"Decrescente";"Sol";"Simples";"Reta;Aclive";"Não";4;0;1;0;2;3;1;6;-28,426985;-53,15461;"SPRF-RS";"DEL10-RS";"UOP02-DEL10-RS"
504878;2023-02-13;"segunda-feira";"06:30:00";"MG";153;51;"MONTE ALEGRE DE MINAS";"Ausência de reação do condutor";"Saída de leito carroçável";"Sem Vítimas";"Amanhecer";"Decrescente";"Céu Claro";"Dupla";"Curva";"Não";2;0;0;0;1;3;0;4;-18,83093899;-49,08873404;"SPRF-MG";"DEL15-MG";"UOP03-DEL15-MG"
504882;2023-02-08;"quarta-feira";"15:20:00";"MG";153;104;"PRATA";"Pista Escorregadia";"Colisão lateral sentido oposto";"Com Vítimas Feridas";"Pleno dia";"Crescente";"Chuva";"Simples";"Reta;Declive";"Não";3;0;0;1;1;1;1;3;-19,26347485;-48,92260343;"SPRF-MG";"DEL15-MG";"UOP03-DEL15-MG"
504883;2023-02-13;"segunda-feira";"07:45:00";"RO";364;430;"JARU";"Acessar a via sem observar a presença dos outros veículos";"Colisão traseira";"Sem Vítimas";"Pleno dia";"Decrescente";"Céu Claro";"Simples";"Rotatória;Interseção de Vias;Reta";"Não";2;0;0;0;2;0;0;2;-10,41098263;-62,51010043;"SPRF-RO";"DEL03-RO";"UOP02-DEL03-RO"
504887;2023-02-13;"segunda-feira";"11:25:00";"RS";116;530;"CAPAO DO LEAO";"Acessar a via sem observar a presença dos outros veículos";"Colisão transversal";"Com Vítimas Feridas";"Pleno dia";"Crescente";"Céu Claro";"Simples";"Interseção de Vias";"Sim";3;0;2;0;1;0;2;2;-31,7590834;-52,43687971;"SPRF-RS";"DEL07-RS";"UOP01-DEL07-RS"
504892;2023-02-13;"segunda-feira";"08:00:00";"PE";423;93,8;"GARANHUNS";"Acessar a via sem observar a presença dos outros veículos";"Colisão transversal";"Sem Vítimas";"Pleno dia";"Decrescente";"Céu Claro";"Simples";"Rotatória";"Sim";2;0;0;0;2;0;0;2;-8,874732;-36,46946;"SPRF-PE";"DEL03-PE";"UOP01-DEL03-PE"
504894;2023-02-13;"segunda-feira";"10:55:00";"CE";116;16;"EUSEBIO";"Condutor deixou de manter distância do veículo da frente";"Colisão traseira";"Com Vítimas Feridas";"Pleno dia";"Decrescente";"Céu Claro";"Dupla";"Reta";"Sim";2;0;0;1;1;0;1;2;-3,88732794;-38,50185439;"SPRF-CE";"DEL01-CE";"UOP02-DEL01-CE"
504897;2023-02-13;"segunda-feira";"12:15:00";"PR";277;10,9;"PARANAGUA";"Velocidade Incompatível";"Tombamento";"Com Vítimas Feridas";"Pleno dia";"Crescente";"Sol";"Dupla";"Retorno Regulamentado;Reta";"Não";3;0;0;1;1;1;1;3;-25,566187;-48,624023;"SPRF-PR";"DEL01-PR";"UOP05-DEL01-PR"
504907;2023-02-13;"segunda-feira";"12:30:00";"PE";101;51;"ABREU E LIMA";"Manobra de mudança de faixa";"Colisão lateral mesmo sentido";"Sem Vítimas";"Pleno dia";"Decrescente";"Céu Claro";"Múltipla";"Reta";"Sim";3;0;0;0;2;1;0;3;-7,9169968;-34,89689272;"SPRF-PE";"DEL01-PE";"UOP02-DEL01-PE"
504914;2023-02-13;"segunda-feira";"13:35:00";"TO";10;456;"PALMAS";"Demais falhas mecânicas ou elétricas";"Incêndio";"Sem Vítimas";"Pleno dia";"Crescente";"Sol";"Dupla";"Reta";"Não";1;0;0;0;1;0;0;1;-10,20863984;-48,15545194;"SPRF-TO";"DEL01-TO";"UOP03-DEL01-TO"
504915;2023-02-12;"domingo";"18:20:00";"GO";364;66;"CACHOEIRA ALTA";"Reação tardia ou ineficiente do condutor";"Saída de leito carroçável";"Com Vítimas Feridas";"Plena Noite";"Crescente";"Chuva";"Simples";"Reta;Aclive";"Não";1;0;1;0;0;0;1;1;-18,685423;-50,977882;"SPRF-GO";"DEL05-GO";"UOP02-DEL05-GO"
504917;2023-02-13;"segunda-feira";"10:40:00";"SC";116;107,7;"MONTE CASTELO";"Frear bruscamente";"Tombamento";"Com Vítimas Feridas";"Pleno dia";"Decrescente";"Céu Claro";"Simples";"Curva;Declive";"Não";2;0;1;0;0;1;1;2;-26,75432875;-50,33254266;"SPRF-SC";"DEL06-SC";"UOP02-DEL06-SC"
504918;2023-02-13;"segunda-feira";"10:30:00";"AM";174;905;"MANAUS";"Condutor deixou de manter distância do veículo da frente";"Colisão traseira";"Sem Vítimas";"Pleno dia";"Crescente";"Nublado";"Simples";"Reta";"Não";5;0;0;0;5;0;0;2;-2,788977;-60,036613;"SPRF-AM";"DEL01-AM";"UOP01-DEL01-AM"
504924;2023-02-13;"segunda-feira";"11:40:00";"RS";293;117,2;"PINHEIRO MACHADO";"Demais falhas mecânicas ou elétricas";"Incêndio";"Sem Vítimas";"Pleno dia";"Decrescente";"Sol";"Simples";"Declive";"Não";2;0;0;0;2;0;0;1;-31,54108727;-53,47172105;"SPRF-RS";"DEL11-RS";"UOP03-DEL11-RS"
504927;2023-02-13;"segunda-feira";"09:40:00";"RO";364;298;"PRESIDENTE MEDICI";"Acostamento em desnível";"Tombamento";"Com Vítimas Feridas";"Pleno dia";"Crescente";"Céu Claro";"Simples";"Reta;Declive";"Não";2;0;1;0;0;3;1;4;-11,262843;-61,90205;"SPRF-RO";"DEL02-RO";"UOP01-DEL02-RO"
504933;2023-02-13;"segunda-feira";"15:00:00";"SE";101;102,1;"SAO CRISTOVAO";"Manobra de mudança de faixa";"Colisão traseira";"Sem Vítimas";"Pleno dia";"Crescente";"Céu Claro";"Dupla";"Retorno Regulamentado";"Não";3;0;0;0;2;1;0;3;-10,94880037;-37,21099182;"SPRF-SE";"DEL02-SE";"UOP01-DEL02-SE"
504937;2023-02-13;"segunda-feira";"15:15:00";"ES";393;27,3;"MUQUI";"Transitar na contramão";"Colisão frontal";"Com Vítimas Feridas";"Pleno dia";"Decrescente";"Céu Claro";"Simples";"Ponte";"Sim";2;0;1;0;1;0;1;2;-20,94682922;-41,36302492;"SPRF-ES";"DEL03-ES";"UOP02-DEL03-ES"
504940;2023-02-13;"segunda-feira";"11:00:00";"AC";364;122;"RIO BRANCO";"Entrada inopinada do pedestre";"Atropelamento de Pedestre";"Com Vítimas Feridas";"Pleno dia";"Crescente";"Céu Claro";"Dupla";"Reta";"Não";2;0;0;1;1;0;1;2;-10,01188291;-67,773345;"SPRF-AC";"DEL01-AC";"UOP01-DEL01-AC"
504944;2023-02-02;"quinta-feira";"10:30:00";"MG";381;946,3;"EXTREMA";"Reação tardia ou ineficiente do condutor";"Engavetamento";"Com Vítimas Feridas";"Pleno dia";"Crescente";"Nublado";"Dupla";"Curva;Ponte;Declive";"Não";7;0;0;1;5;1;1;6;-22,86221395;-46,34453958;"SPRF-MG";"DEL16-MG";"UOP03-DEL16-MG"
504945;2023-02-13;"segunda-feira";"17:10:00";"RJ";116;141;"DUQUE DE CAXIAS";"Demais falhas mecânicas ou elétricas";"Eventos atípicos";"Com Vítimas Feridas";"Pleno dia";"Decrescente";"Chuva";"Dupla";"Reta";"Não";2;0;0;1;1;0;1;2;-22,64724486;-43,22083001;"SPRF-RJ";"DEL01-RJ";"UOP01-DEL01-RJ"
504950;2023-02-13;"segunda-feira";"16:20:00";"RS";472;574;"URUGUAIANA";"Reação tardia ou ineficiente do condutor";"Colisão com objeto";"Sem Vítimas";"Pleno dia";"Decrescente";"Céu Claro";"Simples";"Reta";"Sim";1;0;0;0;1;0;0;1;-29,74636679;-56,98678119;"SPRF-RS";"DEL13-RS";"UOP01-DEL13-RS"
504954;2023-02-13;"segunda-feira";"17:25:00";"RS";290;60;"GRAVATAI";"Reação tardia ou ineficiente do condutor";"Colisão lateral mesmo sentido";"Com Vítimas Feridas";"Pleno dia";"Crescente";"Céu Claro";"Dupla";"Reta";"Não";2;0;1;0;0;1;1;2;-29,924509;-50,858528;"SPRF-RS";"DEL03-RS";"UOP01-DEL03-RS"
504957;2023-02-13;"segunda-feira";"17:15:00";"AL";101;200;"SAO SEBASTIAO";"Desrespeitar a preferência no cruzamento";"Colisão transversal";"Com Vítimas Feridas";"Anoitecer";"Crescente";"Céu Claro";"Simples";"Viaduto;Reta";"Não";4;0;1;0;3;0;1;2;-9,95081664;-36,54113619;"SPRF-AL";"DEL02-AL";"UOP02-DEL02-AL"
504969;2023-02-13;"segunda-feira";"15:20:00";"MG";116;491;"INHAPIM";"Ausência de reação do condutor";"Engavetamento";"Com Vítimas Feridas";"Pleno dia";"Crescente";"Céu Claro";"Simples";"Curva";"Não";6;0;1;1;3;1;2;6;-19,48334;-42,12988723;"SPRF-MG";"DEL06-MG";"UOP02-DEL06-MG"
504971;2023-02-13;"segunda-feira";"19:50:00";"PR";376;224;"CAMBIRA";"Velocidade Incompatível";"Saída de leito carroçável";"Com Vítimas Feridas";"Plena Noite";"Decrescente";"Chuva";"Dupla";"Reta;Declive";"Não";1;0;0;1;0;0;1;1;-23,59389645;-51,57860577;"SPRF-PR";"DEL07-PR";"UOP03-DEL07-PR"
504976;2023-02-13;"segunda-feira";"20:05:00";"MG";262;426,2;"SAO GONCALO DO PARA";"Velocidade Incompatível";"Colisão traseira";"Com Vítimas Feridas";"Plena Noite";"Decrescente";"Céu Claro";"Dupla";"Aclive;Reta";"Não";4;0;0;1;2;2;1;5;-19,8939514;-44,84275818;"SPRF-MG";"DEL08-MG";"UOP03-DEL08-MG"
504977;2023-02-12;"domingo";"22:00:00";"BA";116;8,2;"ABARE";"Transitar na contramão";"Colisão frontal";"Com Vítimas Feridas";"Plena Noite";"Decrescente";"Céu Claro";"Simples";"Reta";"Não";3;0;0;1;1;1;1;3;-8,686556;-39,26026;"SPRF-PE";"DEL05-PE";"UOP03-DEL05-PE"
504979;2023-02-13;"segunda-feira";"17:20:00";"SC";470;9,8;"NAVEGANTES";"Desrespeitar a preferência no cruzamento";"Colisão transversal";"Com Vítimas Fatais";"Pleno dia";"Crescente";"Céu Claro";"Simples";"Em Obras;Interseção de Vias;Reta";"Sim";2;1;0;0;1;0;0;2;-26,833614;-48,736247;"SPRF-SC";"DEL04-SC";"UOP04-DEL04-SC"