"id";"data_inversa";"dia_semana";"horario";"uf";"br";"km";"municipio";"causa_acidente";"tipo_acidente";"classificacao_acidente";"fase_dia";"sentido_via";"condicao_metereologica";"tipo_pista";"tracado_via";"uso_solo";"pessoas";"mortos";"feridos_leves";"feridos_graves";"ilesos";"ignorados";"feridos";"veiculos";"latitude";"longitude";"regional";"delegacia";"uop"
504988;2023-02-13;"segunda-feira";"19:20:00";"MS";163;615,7;"SAO GABRIEL DO OESTE";"Acessar a via sem observar a presença dos outros veículos";"Colisão transversal";"Com Vítimas Feridas";"Plena Noite";"Decrescente";"Nublado";"Simples";"Reta";"Sim";3;0;1;0;1;2;1;4;-19,39073637;-54,57060659;"SPRF-MS";"DEL06-MS";"UOP02-DEL06-MS"
504991;2023-02-13;"segunda-feira";"21:15:00";"SC";470;109,6;"APIUNA";"Ultrapassagem Indevida";"Tombamento";"Com Vítimas Feridas";"Plena Noite";"Crescente";"Céu Claro";"Simples";"Curva";"Sim";2;0;0;1;1;0;1;2;-27,083876;-49,449543;"SPRF-SC";"DEL04-SC";"UOP02-DEL04-SC"
504992;2023-02-13;"segunda-feira";"21:45:00";"ES";101;72,2;"SAO MATEUS";"Ingestão de álcool pelo condutor";"Colisão lateral sentido oposto";"Com Vítimas Feridas";"Plena Noite";"Decrescente";"Céu Claro";"Simples";"Reta";"Não";3;0;1;0;1;2;1;4;-18,76249002;-39,86354384;"SPRF-ES";"DEL04-ES";"UOP02-DEL04-ES"
504997;2023-02-13;"segunda-feira";"21:05:00";"PI";343;272;"CAMPO MAIOR";"Transitar na contramão";"Colisão frontal";"Com Vítimas Feridas";"Plena Noite";"Crescente";"Chuva";"Simples";"Curva";"Não";4;0;1;0;2;1;1;3;-4,8699952;-42,21942902;"SPRF-PI";"DEL01-PI";"UOP03-DEL01-PI"
505002;2023-02-13;"segunda-feira";"21:00:00";"PE";101;106;"CABO DE SANTO AGOSTINHO";"Frear bruscamente";"Saída de leito carroçável";"Com Vítimas Feridas";"Plena Noite";"Decrescente";"Céu Claro";"Múltipla";"Reta";"Sim";2;0;1;0;0;1;1;2;-8,30807754;-35,07573296;"SPRF-PE";"DEL01-PE";"UOP03-DEL01-PE"
505003;2023-02-13;"segunda-feira";"22:30:00";"MG";153;232,7;"FRONTEIRA";"Ultrapassagem Indevida";"Colisão frontal";"Com Vítimas Feridas";"Plena Noite";"Decrescente";"Chuva";"Simples";"Reta";"Não";8;0;0;6;1;1;6;3;-20,24705204;-49,16684895;"SPRF-MG";"DEL13-MG";"UOP02-DEL13-MG"
505005;2023-02-13;"segunda-feira";"21:30:00";"MG";381;942,5;"EXTREMA";"Condutor Dormindo";"Colisão traseira";"Com Vítimas Feridas";"Pleno dia";"Decrescente";"Garoa/Chuvisco";"Dupla";"Declive;Curva";"Não";3;0;1;0;1;1;1;3;-22,86605937;-46,34940386;"SPRF-MG";"DEL16-MG";"UOP03-DEL16-MG"
505006;2023-02-13;"segunda-feira";"22:40:00";"SP";116;511;"CAJATI";"Ausência de reação do condutor";"Colisão com objeto";"Com Vítimas Fatais";"Plena Noite";"Decrescente";"Céu Claro";"Simples";"Curva";"Não";1;1;0;0;0;0;0;1;-24,83558399;-48,2223738;"SPRF-SP";"DEL05-SP";"UOP02-DEL05-SP"
505007;2023-02-13;"segunda-feira";"22:30:00";"PB";101;96;"CONDE";"Acessar a via sem observar a presença dos outros veículos";"Colisão transversal";"Com Vítimas Feridas";"Plena Noite";"Decrescente";"Céu Claro";"Dupla";"Aclive";"Não";2;0;1;0;1;0;1;2;-7,230921;-34,921149;"SPRF-PB";"DEL01-PB";"UOP02-DEL01-PB"
505010;2023-02-13;"segunda-feira";"23:35:00";"RJ";116;284,1;"BARRA MANSA";"Velocidade Incompatível";"Colisão traseira";"Com Vítimas Feridas";"Plena Noite";"Decrescente";"Garoa/Chuvisco";"Simples";"Aclive;Reta";"Não";3;0;1;0;1;1;1;3;-22,51174295;-44,21705393;"SPRF-RJ";"DEL07-RJ";"UOP02-DEL07-RJ"
505012;2023-02-14;"terça-feira";"00:50:00";"MG";381;309,5;"ANTONIO DIAS";"Acumulo de areia ou detritos sobre o pavimento";"Colisão com objeto";"Com Vítimas Feridas";"Plena Noite";"Crescente";"Nublado";"Simples";"Reta;Desvio Temporário;Em Obras";"Não";3;0;0;1;1;1;1;3;-19,656227;-42,958355;"SPRF-MG";"DEL03-MG";"UOP02-DEL03-MG"
505013;2023-02-14;"terça-feira";"00:00:00";"DF";60;11,5;"BRASILIA";"Demais falhas mecânicas ou elétricas";"Incêndio";"Sem Vítimas";"Plena Noite";"Crescente";"Céu Claro";"Dupla";"Reta";"Sim";1;0;0;0;1;0;0;1;-15,9133576;-48,16247463;"SPRF-DF";"DEL03-DF";"UOP01-DEL03-DF"
505014;2023-02-14;"terça-feira";"01:20:00";"MS";163;329,7;"RIO BRILHANTE";"Acessar a via sem observar a presença dos outros veículos";"Colisão transversal";"Com Vítimas Fatais";"Plena Noite";"Decrescente";"Céu Claro";"Simples";"Reta";"Não";5;1;0;0;1;3;0;4;-21,73378102;-54,51255295;"SPRF-MS";"DEL02-MS";"UOP02-DEL02-MS"
505019;2023-02-13;"segunda-feira";"20:03:00";"PR";277;549;"CATANDUVAS";"Ultrapassagem Indevida";"Colisão lateral mesmo sentido";"Com Vítimas Feridas";"Plena Noite";"Crescente";"Nevoeiro/Neblina";"Simples";"Aclive";"Não";3;0;1;0;1;2;1;4;-25,10308056;-53,11970389;"SPRF-PR";"DEL04-PR";"UOP04-DEL04-PR"
505021;2023-02-14;"terça-feira";"03:40:00";"RJ";101;394;"ITAGUAI";"Reação tardia ou ineficiente do condutor";"Colisão traseira";"Com Vítimas Fatais";"Plena Noite";"Decrescente";"Ignorado";"Dupla";"Reta;Ponte";"Sim";4;1;0;0;2;1;0;4;-22,88582179;-43,71288392;"SPRF-RJ";"DEL03-RJ";"UOP01-DEL03-RJ"
505028;2023-02-13;"segunda-feira";"23:20:00";"MG";381;909;"CAMANDUCAIA";"Demais falhas mecânicas ou elétricas";"Incêndio";"Sem Vítimas";"Plena Noite";"Crescente";"Céu Claro";"Dupla";"Declive";"Não";2;0;0;0;1;1;0;2;-22,724494;-46,1321;"SPRF-MG";"DEL16-MG";"UOP03-DEL16-MG"
505029;2023-02-10;"sexta-feira";"10:35:00";"BA";242;259;"ITABERABA";"Reação tardia ou ineficiente do condutor";"Tombamento";"Com Vítimas Feridas";"Pleno dia";"Decrescente";"Sol";"Simples";"Curva";"Não";2;0;1;0;0;2;1;3;-12,477205;-40,53784;"SPRF-BA";"DEL06-BA";"UOP02-DEL06-BA"
505031;2023-01-25;"quarta-feira";"17:30:00";"RJ";101;293;"ITABORAI";"Ausência de reação do condutor";"Engavetamento";"Com Vítimas Feridas";"Anoitecer";"Crescente";"Céu Claro";"Dupla";"Viaduto";"Não";6;0;3;0;3;0;3;4;-22,756203;-42,88724;"SPRF-RJ";"DEL02-RJ";"UOP02-DEL02-RJ"
505056;2023-02-14;"terça-feira";"08:00:00";"CE";116;190,4;"LIMOEIRO DO NORTE";"Acessar a via sem observar a presença dos outros veículos";"Saída de leito carroçável";"Com Vítimas Feridas";"Pleno dia";"Crescente";"Céu Claro";"Simples";"Interseção de Vias;Curva";"Não";2;0;2;0;0;0;2;1;-5,11745762;-38,14382945;"SPRF-CE";"DEL03-CE";"UOP01-DEL03-CE"
505059;2023-02-14;"terça-feira";"09:20:00";"SC";101;75,3;"ARAQUARI";"Manobra de mudança de faixa";"Colisão lateral mesmo sentido";"Com Vítimas Feridas";"Pleno dia";"Crescente";"Sol";"Dupla";"Declive";"Não";5;0;1;0;3;1;1;5;-26,5519717;-48,71688324;"SPRF-SC";"DEL03-SC";"UOP02-DEL03-SC"
505076;2023-02-14;"terça-feira";"10:45:00";"PR";277;32,5;"MORRETES";"Curva acentuada";"Tombamento";"Com Vítimas Feridas";"Pleno dia";"Crescente";"Céu Claro";"Dupla";"Curva;Aclive";"Não";2;0;1;0;0;1;1;2;-25,547373;-48,790559;"SPRF-PR";"DEL01-PR";"UOP05-DEL01-PR"
505080;2023-02-14;"terça-feira";"11:25:00";"SP";116;204;"GUARULHOS";"Ingestão de álcool e/ou substâncias psicoativas pelo pedestre";"Colisão traseira";"Com Vítimas Feridas";"Pleno dia";"Decrescente";"Sol";"Múltipla";"Reta";"Sim";3;0;1;0;2;0;1;2;-23,41236123;-46,35692496;"SPRF-SP";"DEL01-SP";"UOP01-DEL01-SP"
505087;2023-02-13;"segunda-feira";"20:50:00";"BA";410;14,5;"TUCANO";"Ausência de reação do condutor";"Saída de leito carroçável";"Com Vítimas Feridas";"Plena Noite";"Decrescente";"Céu Claro";"Simples";"Reta";"Não";2;0;1;0;0;2;1;3;-10,8791782;-38,63936989;"SPRF-BA";"DEL07-BA";"UOP02-DEL07-BA"
505090;2023-02-14;"terça-feira";"12:30:00";"MG";40;784,1;"JUIZ DE FORA";"Condutor deixou de manter distância do veículo da frente";"Colisão traseira";"Com Vítimas Feridas";"Pleno dia";"Decrescente";"Céu Claro";"Dupla";"Interseção de Vias;Curva";"Sim";6;0;3;0;3;0;3;2;-21,71178893;-43,44743099;"SPRF-MG";"DEL05-MG";"UOP01-DEL05-MG"
505097;2023-02-14;"terça-feira";"13:30:00";"MG";40;674;"CARANDAI";"Afundamento ou ondulação no pavimento";"Saída de leito carroçável";"Com Vítimas Feridas";"Pleno dia";"Decrescente";"Chuva";"Simples";"Reta";"Não";2;0;0;1;0;3;1;4;-21,04805781;-43,76292836;"SPRF-MG";"DEL05-MG";"UOP02-DEL05-MG"
505100;2023-01-30;"segunda-feira";"15:11:00";"PE";101;65;"RECIFE";"Manobra de mudança de faixa";"Colisão traseira";"Com Vítimas Feridas";"Pleno dia";"Decrescente";"Céu Claro";"Dupla";"Reta";"Sim";4;0;1;0;2;1;1;3;-8,02478597;-34,94276635;"SPRF-PE";"DEL01-PE";"UOP01-DEL01-PE"
505103;2023-02-14;"terça-feira";"13:50:00";"SP";116;127,6;"CACAPAVA";"Acessar a via sem observar a presença dos outros veículos";"Colisão traseira";"Com Vítimas Feridas";"Pleno dia";"Crescente";"Sol";"Dupla";"Retorno Regulamentado";"Não";3;0;0;1;1;1;1;3;-23,10991026;-45,70246044;"SPRF-SP";"DEL02-SP";"UOP02-DEL02-SP"
505109;2023-01-27;"sexta-feira";"20:30:00";"AM";174;1064;"PRESIDENTE FIGUEIREDO";"Manobra de mudança de faixa";"Colisão frontal";"Com Vítimas Feridas";"Plena Noite";"Crescente";"Céu Claro";"Simples";"Reta";"Não";5;0;4;0;0;1;4;3;-1,472094;-60,277462;"SPRF-AM";"DEL01-AM";"UOP02-DEL01-AM"
505112;2023-02-14;"terça-feira";"07:15:00";"MT";163;539;"DIAMANTINO";"Ultrapassagem Indevida";"Colisão frontal";"Com Vítimas Feridas";"Pleno dia";"Crescente";"Céu Claro";"Múltipla";"Curva;Declive";"Não";4;0;0;1;2;4;1;7;-14,303392;-56,140155;"SPRF-MT";"DEL01-MT";"UOP01-DEL01-MT"
505121;2023-02-14;"terça-feira";"10:55:00";"GO";60;11;"SANTO ANTONIO DO DESCOBERTO";"Velocidade Incompatível";"Colisão traseira";"Com Vítimas Feridas";"Pleno dia";"Crescente";"Céu Claro";"Dupla";"Curva;Declive";"Não";4;0;2;0;1;1;2;3;-16,11454249;-48,33283514;"SPRF-DF";"DEL03-DF";"UOP01-DEL03-DF"
505123;2023-02-14;"terça-feira";"15:00:00";"BA";101;817;"ITAMARAJU";"Demais falhas na via";"Tombamento";"Sem Vítimas";"Pleno dia";"Decrescente";"Céu Claro";"Simples";"Desvio Temporário;Em Obras;Aclive";"Não";2;0;0;0;1;1;0;2;-17,09009399;-39,5693779;"SPRF-BA";"DEL09-BA";"UOP02-DEL09-BA"
505124;2023-02-14;"terça-feira";"13:30:00";"ES";262;29,3;"VIANA";"Condutor deixou de manter distância do veículo da frente";"Colisão traseira";"Com Vítimas Feridas";"Pleno dia";"Crescente";"Céu Claro";"Simples";"Curva;Declive";"Não";2;0;1;0;0;1;1;2;-20,37585099;-40,56027297;"SPRF-ES";"DEL01-ES";"UOP01-DEL01-ES"
505127;2023-02-14;"terça-feira";"15:00:00";"PR";116;28,7;"CAMPINA GRANDE DO SUL";"Pista Escorregadia";"Colisão com objeto";"Sem Vítimas";"Pleno dia";"Decrescente";"Garoa/Chuvisco";"Dupla";"Curva;Declive";"Não";2;0;0;0;1;1;0;2;-25,11076293;-48,80678415;"SPRF-PR";"DEL01-PR";"UOP02-DEL01-PR"
505129;2023-02-14;"terça-feira";"13:50:00";"PR";153;373;"RIO AZUL";"Ausência de reação do condutor";"Colisão lateral mesmo sentido";"Com Vítimas Feridas";"Pleno dia";"Decrescente";"Céu Claro";"Simples";"Reta";"Não";4;0;1;1;2;0;2;2;-25,75354168;-50,83270701;"SPRF-PR";"DEL08-PR";"UOP02-DEL08-PR"
505134;2023-02-14;"terça-feira";"17:11:00";"RS";158;345;"SANTA MARIA";"Reação tardia ou ineficiente do condutor";"Colisão transversal";"Sem Vítimas";"Pleno dia";"Decrescente";"Chuva";"Simples";"Reta";"Não";4;0;0;0;4;0;0;2;-29,75141114;-53,96889692;"SPRF-RS";"DEL09-RS";"UOP01-DEL09-RS"
505135;2023-02-14;"terça-feira";"16:40:00";"SP";116;108,7;"TAUBATE";"Condutor deixou de manter distância do veículo da frente";"Saída de leito carroçável";"Com Vítimas Feridas";"Pleno dia";"Crescente";"Nublado";"Dupla";"Reta";"Sim";2;0;1;0;0;1;1;2;-23,0233097;-45,53763622;"SPRF-SP";"DEL02-SP";"UOP02-DEL02-SP"
505141;2023-02-14;"terça-feira";"17:40:00";"PB";361;30,5;"SANTA TERESINHA";"Transitar na contramão";"Colisão lateral sentido oposto";"Com Vítimas Feridas";"Anoitecer";"Crescente";"Céu Claro";"Simples";"Reta";"Não";2;0;1;0;1;0;1;2;-7,08699235;-37,50978695;"SPRF-PB";"DEL03-PB";"UOP01-DEL03-PB"
505143;2023-02-14;"terça-feira";"18:15:00";"SC";101;232,2;"PALHOCA";"Ultrapassagem Indevida";"Colisão lateral mesmo sentido";"Sem Vítimas";"Pleno dia";"Crescente";"Nublado";"Dupla";"Reta";"Não";2;0;0;0;2;0;0;2;-27,795666;-48,638153;"SPRF-SC";"DEL01-SC";"UOP02-DEL01-SC"
505148;2023-02-14;"terça-feira";"17:00:00";"SC";282;526,8;"XAXIM";"Chuva";"Colisão frontal";"Com Vítimas Feridas";"Pleno dia";"Crescente";"Chuva";"Simples";"Aclive;Curva";"Não";3;0;1;1;1;0;2;2;-26,969427;-52,57497;"SPRF-SC";"DEL07-SC";"UOP01-DEL07-SC"
505153;2023-02-14;"terça-feira";"14:05:00";"MG";262;568,3;"CORREGO DANTA";"Velocidade Incompatível";"Colisão frontal";"Com Vítimas Fatais";"Pleno dia";"Decrescente";"Chuva";"Simples";"Curva";"Não";3;1;0;0;1;3;0;5;-19,74101123;-46,00623126;"SPRF-MG";"DEL08-MG";"UOP02-DEL08-MG"
505156;2023-02-14;"terça-feira";"19:50:00";"PE";232;414,1;"SERRA TALHADA";"Desrespeitar a preferência no cruzamento";"Colisão transversal";"Com Vítimas Feridas";"Plena Noite";"Decrescente";"Céu Claro";"Simples";"Reta;Retorno Regulamentado";"Sim";3;0;2;0;1;0;2;2;-7,99236282;-38,33750809;"SPRF-PE";"DEL04-PE";"UOP01-DEL04-PE"
505158;2023-02-14;"terça-feira";"20:00:00";"PR";116;145;"MANDIRITUBA";"Pedestre andava na pista";"Atropelamento de Pedestre";"Com Vítimas Feridas";"Plena Noite";"Decrescente";"Chuva";"Simples";"Reta";"Não";4;0;1;0;2;1;1;4;-25,804667;-49,327833;"SPRF-PR";"DEL01-PR";"UOP03-DEL01-PR"
505159;2023-02-14;"terça-feira";"20:50:00";"RS";290;118;"ELDORADO DO SUL";"Condutor Dormindo";"Saída de leito carroçável";"Sem Vítimas";"Plena Noite";"Crescente";"Chuva";"Simples";"Reta";"Não";2;0;0;0;1;2;0;3;-30,04847;-51,387947;"SPRF-RS";"DEL02-RS";"UOP01-DEL02-RS"
505160;2023-02-14;"terça-feira";"15:30:00";"BA";242;588;"MUQUEM DE SAO FRANCISCO";"Ultrapassagem Indevida";"Colisão lateral sentido oposto";"Com Vítimas Feridas";"Pleno dia";"Decrescente";"Céu Claro";"Simples";"Reta";"Não";6;0;4;2;0;0;6;2;-12,17493778;-43,2572937;"SPRF-BA";"DEL10-BA";"UOP02-DEL10-BA"
505163;2023-02-14;"terça-feira";"17:35:00";"SP";381;3;"VARGEM";"Demais falhas mecânicas ou elétricas";"Eventos atípicos";"Sem Vítimas";"Pleno dia";"Decrescente";"Céu Claro";"Dupla";"Aclive;Reta";"Não";2;0;0;0;2;0;0;2;-22,87841483;-46,39917107;"SPRF-SP";"DEL03-SP";"UOP02-DEL03-SP"
505169;2023-02-14;"terça-feira";"23:00:00";"BA";101;872;"TEIXEIRA DE FREITAS";"Reação tardia ou ineficiente do condutor";"Saída de leito carroçável";"Com Vítimas Feridas";"Plena Noite";"Decrescente";"Céu Claro";"Simples";"Curva";"Não";2;0;1;0;0;1;1;2;-17,5021148;-39,70201861;"SPRF-BA";"DEL09-BA";"UOP02-DEL09-BA"
505175;2023-02-14;"terça-feira";"23:30:00";"SP";116;379,5;"MIRACATU";"Pedestre andava na pista";"Atropelamento de Pedestre";"Com Vítimas Fatais";"Plena Noite";"Decrescente";"Garoa/Chuvisco";"Dupla";"Reta";"Não";2;1;0;0;1;0;0;2;-24,20982408;-47,37100817;"SPRF-SP";"DEL04-SP";"UOP02-DEL04-SP"
505178;2023-02-14;"terça-feira";"19:20:00";"RJ";116;16;"SAPUCAIA";"Chuva";"Colisão lateral sentido oposto";"Com Vítimas Feridas";"Plena Noite";"Decrescente";"Chuva";"Simples";"Curva";"Não";3;0;1;0;1;2;1;4;-21,97483597;-42,74723307;"SPRF-RJ";"DEL05-RJ";"UOP01-DEL05-RJ"
505179;2023-02-14;"terça-feira";"23:30:00";"SC";470;79,3;"RODEIO";"Ingestão de álcool pelo condutor";"Colisão traseira";"Com Vítimas Feridas";"Plena Noite";"Crescente";"Nublado";"Simples";"Reta";"Não";3;0;1;0;1;1;1;3;-26,95022274;-49,3110511;"SPRF-SC";"DEL04-SC";"UOP01-DEL04-SC"
505180;2023-02-14;"terça-feira";"21:30:00";"RJ";493;12;"GUAPIMIRIM";"Pista em desnível";"Tombamento";"Com Vítimas Feridas";"Plena Noite";"Decrescente";"Garoa/Chuvisco";"Simples";"Reta";"Não";3;0;1;0;1;1;1;2;-22,68099881;-42,96670886;"SPRF-RJ";"DEL04-RJ";"UOP02-DEL04-RJ"
505183;2023-02-15;"quarta-feira";"00:30:00";"PR";376;436,9;"TIBAGI";"Reação tardia ou ineficiente do condutor";"Saída de leito carroçável";"Sem Vítimas";"Plena Noite";"Decrescente";"Chuva";"Dupla";"Curva";"Não";1;0;0;0;1;0;0;1;-24,788132;-50,506725;"SPRF-PR";"DEL03-PR";"UOP02-DEL03-PR"
505184;2023-02-15;"quarta-feira";"01:30:00";"BA";324;514;"FEIRA DE SANTANA";"Ingestão de álcool pelo condutor";"Colisão lateral sentido oposto";"Sem Vítimas";"Plena Noite";"Crescente";"Céu Claro";"Simples";"Reta";"Sim";2;0;0;0;2;0;0;2;-12,23229233;-38,95215305;"SPRF-BA";"DEL02-BA";"UOP01-DEL02-BA"
505188;2023-02-15;"quarta-feira";"03:30:00";"RJ";40;32;"AREAL";"Curva acentuada";"Tombamento";"Com Vítimas Feridas";"Plena Noite";"Crescente";"Céu Claro";"Dupla";"Curva";"Não";2;0;1;0;0;1;1;2;-22,19935287;-43,15764401;"SPRF-RJ";"DEL05-RJ";"UOP02-DEL05-RJ"
505190;2023-02-15;"quarta-feira";"05:00:00";"AL";316;239;"ATALAIA";"Condutor Dormindo";"Colisão lateral sentido oposto";"Sem Vítimas";"Amanhecer";"Decrescente";"Céu Claro";"Simples";"Curva";"Não";2;0;0;0;2;0;0;2;-9,50625459;-36,04053891;"SPRF-AL";"DEL01-AL";"UOP01-DEL01-AL"
505192;2023-02-15;"quarta-feira";"05:00:00";"PR";376;285;"MAUA DA SERRA";"Ausência de reação do condutor";"Colisão com objeto";"Sem Vítimas";"Plena Noite";"Decrescente";"Céu Claro";"Dupla";"Declive;Reta";"Sim";1;0;0;0;1;0;0;1;-23,88477919;-51,23838004;"SPRF-PR";"DEL07-PR";"UOP02-DEL07-PR"
505193;2023-02-15;"quarta-feira";"05:00:00";"MS";163;131;"NAVIRAI";"Acessar a via sem observar a presença dos outros veículos";"Colisão lateral mesmo sentido";"Sem Vítimas";"Amanhecer";"Decrescente";"Nublado";"Simples";"Reta";"Não";3;0;0;0;2;1;0;3;-23,04066227;-54,25978117;"SPRF-MS";"DEL09-MS";"UOP01-DEL09-MS"
505200;2023-02-15;"quarta-feira";"07:40:00";"DF";20;6,3;"BRASILIA";"Condutor deixou de manter distância do veículo da frente";"Colisão traseira";"Com Vítimas Feridas";"Pleno dia";"Crescente";"Sol";"Dupla";"Aclive;Reta;Retorno Regulamentado";"Sim";4;0;1;0;2;1;1;3;-15,66502361;-47,80596614;"SPRF-DF";"DEL02-DF";"UOP01-DEL02-DF"
505203;2023-02-15;"quarta-feira";"08:00:00";"SC";282;17,1;"PALHOCA";"Trafegar com motocicleta (ou similar) entre as faixas";"Colisão transversal";"Com Vítimas Feridas";"Pleno dia";"Crescente";"Céu Claro";"Simples";"Reta;Interseção de Vias";"Sim";2;0;1;0;1;0;1;2;-27,665707;-48,688065;"SPRF-SC";"DEL01-SC";"UOP02-DEL01-SC"
505207;2023-02-15;"quarta-feira";"08:20:00";"GO";60;95;"ANAPOLIS";"Acessar a via sem observar a presença dos outros veículos";"Colisão lateral mesmo sentido";"Com Vítimas Feridas";"Pleno dia";"Crescente";"Céu Claro";"Dupla";"Retorno Regulamentado";"Sim";2;0;1;0;1;0;1;2;-16,3679;-48,939;"SPRF-GO";"DEL02-GO";"UOP01-DEL02-GO"
505212;2023-02-15;"quarta-feira";"08:30:00";"BA";101;206;"GOVERNADOR MANGABEIRA";"Condutor deixou de manter distância do veículo da frente";"Colisão traseira";"Sem Vítimas";"Pleno dia";"Crescente";"Céu Claro";"Simples";"Curva";"Não";4;0;0;0;4;0;0;4;-12,59652066;-39,0313413;"SPRF-BA";"DEL01-BA";"UOP02-DEL01-BA"
505221;2023-02-15;"quarta-feira";"08:00:00";"MS";163;623;"SAO GABRIEL DO OESTE";"Demais falhas mecânicas ou elétricas";"Incêndio";"Sem Vítimas";"Pleno dia";"Decrescente";"Céu Claro";"Dupla";"Reta";"Não";3;0;0;0;2;1;0;2;-19,33650413;-54,60399521;"SPRF-MS";"DEL06-MS";"UOP02-DEL06-MS"
505226;2023-02-15;"quarta-feira";"09:50:00";"SC";101;58,8;"ARAQUARI";"Manobra de mudança de faixa";"Colisão lateral mesmo sentido";"Sem Vítimas";"Pleno dia";"Crescente";"Céu Claro";"Dupla";"Reta";"Não";4;0;0;0;4;0;0;2;-26,44025049;-48,80129043;"SPRF-SC";"DEL03-SC";"UOP02-DEL03-SC"
505228;2023-02-15;"quarta-feira";"09:45:00";"SP";116;138;"SAO JOSE DOS CAMPOS";"Ausência de reação do condutor";"Colisão traseira";"Com Vítimas Feridas";"Pleno dia";"Crescente";"Sol";"Dupla";"Reta";"Sim";4;0;1;0;2;1;1;3;-23,1572739;-45,79554605;"SPRF-SP";"DEL02-SP";"UOP01-DEL02-SP"
505230;2023-02-15;"quarta-feira";"09:20:00";"PR";116;28;"CAMPINA GRANDE DO SUL";"Velocidade Incompatível";"Tombamento";"Com Vítimas Feridas";"Pleno dia";"Decrescente";"Céu Claro";"Dupla";"Declive;Curva;Ponte";"Não";2;0;1;0;0;1;1;2;-25,11249216;-48,80375862;"SPRF-PR";"DEL01-PR";"UOP02-DEL01-PR"
505241;2023-02-15;"quarta-feira";"07:20:00";"MG";262;594,5;"CAMPOS ALTOS";"Pista Escorregadia";"Saída de leito carroçável";"Sem Vítimas";"Pleno dia";"Decrescente";"Chuva";"Simples";"Reta";"Não";2;0;0;0;1;2;0;3;-19,65325753;-46,18515015;"SPRF-MG";"DEL08-MG";"UOP02-DEL08-MG"
505246;2023-02-15;"quarta-feira";"11:30:00";"PR";277;285,9;"PRUDENTOPOLIS";"Demais falhas mecânicas ou elétricas";"Colisão com objeto";"Com Vítimas Feridas";"Pleno dia";"Decrescente";"Nublado";"Simples";"Curva";"Não";3;0;0;1;1;1;1;2;-25,321511;-50,967701;"SPRF-PR";"DEL08-PR";"UOP02-DEL08-PR"
505250;2023-01-26;"quinta-feira";"14:45:00";"RS";470;231,2;"CARLOS BARBOSA";"Reação tardia ou ineficiente do condutor";"Colisão transversal";"Com Vítimas Feridas";"Pleno dia";"Crescente";"Nublado";"Dupla";"Reta";"Sim";3;0;1;0;1;2;1;4;-29,23579206;-51,51193423;"SPRF-RS";"DEL06-RS";"UOP01-DEL06-RS"
505255;2023-02-15;"quarta-feira";"06:27:00";"PR";277;139,5;"BALSA NOVA";"Manobra de mudança de faixa";"Colisão lateral mesmo sentido";"Sem Vítimas";"Amanhecer";"Decrescente";"Nublado";"Dupla";"Curva;Declive";"Não";5;0;0;0;4;6;0;10;-25,4736097;-49,72302829;"SPRF-PR";"DEL03-PR";"UOP03-DEL03-PR"
505257;2023-02-15;"quarta-feira";"14:00:00";"SC";101;134;"BALNEARIO CAMBORIU";"Manobra de mudança de faixa";"Colisão transversal";"Com Vítimas Feridas";"Pleno dia";"Decrescente";"Nublado";"Dupla";"Reta";"Sim";2;0;1;0;1;0;1;2;-27,00218;-48,636433;"SPRF-SC";"DEL04-SC";"UOP03-DEL04-SC"
505259;2023-02-15;"quarta-feira";"12:25:00";"SC";470;106,3;"APIUNA";"Reação tardia ou ineficiente do condutor";"Colisão lateral sentido oposto";"Com Vítimas Feridas";"Pleno dia";"Decrescente";"Sol";"Simples";"Reta;Declive";"Não";4;0;1;1;1;1;2;3;-27,073105;-49,422935;"SPRF-SC";"DEL04-SC";"UOP02-DEL04-SC"
505260;2023-02-15;"quarta-feira";"12:20:00";"SC";101;348,1;"JAGUARUNA";"Condutor usando celular";"Saída de leito carroçável";"Com Vítimas Feridas";"Pleno dia";"Crescente";"Céu Claro";"Múltipla";"Aclive;Reta";"Sim";3;0;1;0;0;3;1;4;-28,58347597;-49,04978156;"SPRF-SC";"DEL02-SC";"UOP01-DEL02-SC"
505261;2023-02-15;"quarta-feira";"14:30:00";"PE";408;105,3;"JABOATAO DOS GUARARAPES";"Acessar a via sem observar a presença dos outros veículos";"Colisão lateral mesmo sentido";"Sem Vítimas";"Pleno dia";"Decrescente";"Céu Claro";"Dupla";"Reta";"Sim";3;0;0;0;2;1;0;3;-8,075963;-34,992263;"SPRF-PE";"DEL01-PE";"UOP01-DEL01-PE"
505266;2023-02-15;"quarta-feira";"12:55:00";"MG";381;395,5;"BOM JESUS DO AMPARO";"Velocidade Incompatível";"Saída de leito carroçável";"Sem Vítimas";"Pleno dia";"Decrescente";"Céu Claro";"Dupla";"Curva";"Não";2;0;0;0;1;1;0;2;-19,752274;-43,480167;"SPRF-MG";"DEL01-MG";"UOP01-DEL01-MG"
505269;2023-02-15;"quarta-feira";"14:00:00";"AL";101;45,6;"FLEXEIRAS";"Velocidade Incompatível";"Colisão com objeto";"Com Vítimas Feridas";"Pleno dia";"Decrescente";"Céu Claro";"Dupla";"Curva";"Não";2;0;1;0;0;1;1;2;-9,20251191;-35,78756691;"SPRF-AL";"DEL01-AL";"UOP02-DEL01-AL"