"id";"data_inversa";"dia_semana";"horario";"uf";"br";"km";"municipio";"causa_acidente";"tipo_acidente";"classificacao_acidente";"fase_dia";"sentido_via";"condicao_metereologica";"tipo_pista";"tracado_via";"uso_solo";"pessoas";"mortos";"feridos_leves";"feridos_graves";"ilesos";"ignorados";"feridos";"veiculos";"latitude";"longitude";"regional";"delegacia";"uop"
506354;2023-02-20;"segunda-feira";"15:36:00";"RS";153;492,5;"CACAPAVA DO SUL";"Velocidade Incompatível";"Tombamento";"Com Vítimas Feridas";"Pleno dia";"Crescente";"Sol";"Simples";"Curva";"Não";2;0;1;0;0;2;1;3;-30,42292064;-53,37231159;"SPRF-RS";"DEL09-RS";"UOP02-DEL09-RS"
506365;2023-02-20;"segunda-feira";"15:50:00";"TO";153;580;"SANTA RITA DO TOCANTINS";"Condutor deixou de manter distância do veículo da frente";"Saída de leito carroçável";"Com Vítimas Feridas";"Pleno dia";"Crescente";"Nublado";"Simples";"Declive;Reta;Ponte";"Não";3;0;1;0;1;4;1;6;-10,92688601;-48,90850887;"SPRF-TO";"DEL01-TO";"UOP01-DEL01-TO"
506366;2023-02-20;"segunda-feira";"16:20:00";"RJ";116;186;"NOVA IGUACU";"Manobra de mudança de faixa";"Colisão lateral mesmo sentido";"Com Vítimas Feridas";"Pleno dia";"Decrescente";"Céu Claro";"Dupla";"Reta";"Sim";6;0;3;0;2;1;3;3;-22,73962339;-43,46276495;"SPRF-RJ";"DEL01-RJ";"UOP02-DEL01-RJ"
506370;2023-02-20;"segunda-feira";"19:00:00";"PI";316;410;"MARCOLANDIA";"Reação tardia ou ineficiente do condutor";"Tombamento";"Com Vítimas Feridas";"Plena Noite";"Decrescente";"Céu Claro";"Múltipla";"Curva;Declive";"Não";2;0;1;0;0;1;1;2;-7,40662891;-40,71439916;"SPRF-PI";"DEL04-PI";"UOP03-DEL04-PI"
506389;2023-02-20;"segunda-feira";"21:10:00";"SP";116;146,9;"SAO JOSE DOS CAMPOS";"Manobra de mudança de faixa";"Colisão lateral mesmo sentido";"Com Vítimas Feridas";"Plena Noite";"Decrescente";"Nublado";"Dupla";"Reta;Declive";"Não";6;0;4;0;1;1;4;3;-23,19122919;-45,86327591;"SPRF-SP";"DEL02-SP";"UOP01-DEL02-SP"
506402;2023-02-20;"segunda-feira";"21:30:00";"SC";153;84;"CONCORDIA";"Ultrapassagem Indevida";"Colisão lateral sentido oposto";"Sem Vítimas";"Plena Noite";"Crescente";"Garoa/Chuvisco";"Simples";"Ponte";"Não";5;0;0;0;3;2;0;3;-27,13419;-51,916466;"SPRF-SC";"DEL07-SC";"UOP04-DEL07-SC"
506413;2023-02-20;"segunda-feira";"23:44:00";"MG";381;498;"BETIM";"Condutor Dormindo";"Saída de leito carroçável";"Com Vítimas Feridas";"Plena Noite";"Decrescente";"Céu Claro";"Dupla";"Curva;Interseção de Vias";"Sim";3;0;2;0;1;0;2;1;-19,98801773;-44,20231104;"SPRF-MG";"DEL01-MG";"UOP03-DEL01-MG"
506414;2023-02-20;"segunda-feira";"21:20:00";"SC";470;204,2;"PONTE ALTA";"Reação tardia ou ineficiente do condutor";"Saída de leito carroçável";"Com Vítimas Feridas";"Plena Noite";"Decrescente";"Chuva";"Simples";"Curva;Declive";"Não";2;0;1;0;0;1;1;2;-27,289373;-50,166328;"SPRF-SC";"DEL05-SC";"UOP03-DEL05-SC"
506420;2023-02-21;"terça-feira";"01:10:00";"PR";476;196;"LAPA";"Velocidade Incompatível";"Colisão traseira";"Sem Vítimas";"Plena Noite";"Crescente";"Nublado";"Simples";"Reta";"Sim";3;0;0;0;1;2;0;3;-25,753437;-49,725754;"SPRF-PR";"DEL01-PR";"UOP06-DEL01-PR"
506423;2023-02-21;"terça-feira";"01:30:00";"SC";282;128,3;"BOM RETIRO";"Condutor Dormindo";"Colisão lateral sentido oposto";"Com Vítimas Feridas";"Plena Noite";"Decrescente";"Garoa/Chuvisco";"Simples";"Curva";"Sim";4;0;1;0;2;1;1;3;-27,803921;-49,487785;"SPRF-SC";"DEL05-SC";"UOP01-DEL05-SC"
506427;2023-02-21;"terça-feira";"03:00:00";"PR";277;201;"PALMEIRA";"Velocidade Incompatível";"Saída de leito carroçável";"Com Vítimas Feridas";"Plena Noite";"Crescente";"Garoa/Chuvisco";"Simples";"Reta";"Não";11;0;7;0;3;3;7;5;-25,45817002;-50,21181499;"SPRF-PR";"DEL08-PR";"UOP02-DEL08-PR"
506434;2023-02-21;"terça-feira";"04:35:00";"MT";364;349,5;"SANTO ANTONIO DO LEVERGER";"Reação tardia ou ineficiente do condutor";"Saída de leito carroçável";"Com Vítimas Fatais";"Amanhecer";"Crescente";"Garoa/Chuvisco";"Dupla";"Curva;Declive";"Não";2;1;0;0;0;2;0;3;-15,793575;-55,581619;"SPRF-MT";"DEL05-MT";"UOP02-DEL05-MT"
506438;2023-02-21;"terça-feira";"06:15:00";"MG";381;674,5;"PERDOES";"Velocidade Incompatível";"Colisão com objeto";"Com Vítimas Feridas";"Pleno dia";"Crescente";"Ignorado";"Dupla";"Curva;Declive";"Não";2;0;1;0;0;1;1;2;-21,107021;-45,09114;"SPRF-MG";"DEL04-MG";"UOP02-DEL04-MG"
506449;2023-02-19;"domingo";"09:40:00";"BA";324;547;"AMELIA RODRIGUES";"Acostamento em desnível";"Tombamento";"Sem Vítimas";"Pleno dia";"Crescente";"Céu Claro";"Dupla";"Reta";"Não";2;0;0;0;1;2;0;3;-12,42109386;-38,74516692;"SPRF-BA";"DEL01-BA";"UOP03-DEL01-BA"
506452;2023-02-21;"terça-feira";"09:20:00";"MG";381;502;"BETIM";"Reação tardia ou ineficiente do condutor";"Colisão lateral mesmo sentido";"Com Vítimas Feridas";"Pleno dia";"Crescente";"Céu Claro";"Dupla";"Reta";"Sim";3;0;2;0;1;0;2;2;-20,03619694;-44,24586303;"SPRF-MG";"DEL04-MG";"UOP03-DEL04-MG"
506457;2023-02-21;"terça-feira";"09:25:00";"SC";153;58,7;"IRANI";"Desrespeitar a preferência no cruzamento";"Colisão transversal";"Com Vítimas Feridas";"Pleno dia";"Crescente";"Céu Claro";"Simples";"Interseção de Vias";"Não";4;0;1;1;1;1;2;3;-26,96981367;-51,85546875;"SPRF-SC";"DEL07-SC";"UOP04-DEL07-SC"
506468;2023-02-21;"terça-feira";"11:00:00";"MG";267;75,5;"BICAS";"Transitar na contramão";"Colisão lateral sentido oposto";"Com Vítimas Feridas";"Pleno dia";"Crescente";"Céu Claro";"Simples";"Curva";"Não";3;0;0;1;0;2;1;3;-21,74761511;-43,15058797;"SPRF-MG";"DEL05-MG";"UOP01-DEL05-MG"
506471;2023-02-21;"terça-feira";"12:50:00";"SC";101;11;"GARUVA";"Ausência de reação do condutor";"Colisão traseira";"Com Vítimas Feridas";"Pleno dia";"Decrescente";"Chuva";"Múltipla";"Reta";"Não";4;0;2;0;1;1;2;3;-26,07867344;-48,86146903;"SPRF-SC";"DEL03-SC";"UOP01-DEL03-SC"
506475;2023-02-21;"terça-feira";"12:45:00";"RS";471;156,8;"SANTA CRUZ DO SUL";"Manobra de mudança de faixa";"Colisão lateral mesmo sentido";"Com Vítimas Feridas";"Pleno dia";"Decrescente";"Sol";"Simples";"Reta";"Não";4;0;2;0;1;1;2;3;-29,8339245;-52,39831567;"SPRF-RS";"DEL02-RS";"UOP03-DEL02-RS"
506480;2023-02-21;"terça-feira";"12:30:00";"MT";364;385;"CUIABA";"Condutor deixou de manter distância do veículo da frente";"Colisão traseira";"Com Vítimas Feridas";"Pleno dia";"Crescente";"Céu Claro";"Dupla";"Reta";"Não";5;0;1;1;2;5;2;8;-15,70242494;-55,809438;"SPRF-MT";"DEL01-MT";"UOP02-DEL01-MT"
506483;2023-02-21;"terça-feira";"14:35:00";"SC";470;137;"RIO DO SUL";"Desrespeitar a preferência no cruzamento";"Colisão transversal";"Com Vítimas Feridas";"Pleno dia";"Decrescente";"Céu Claro";"Simples";"Reta";"Sim";5;0;1;0;4;0;1;2;-27,203201;-49,635063;"SPRF-SC";"DEL04-SC";"UOP02-DEL04-SC"
506484;2023-02-21;"terça-feira";"15:20:00";"MG";116;567,2;"MANHUACU";"Chuva";"Colisão lateral sentido oposto";"Com Vítimas Feridas";"Pleno dia";"Crescente";"Chuva";"Simples";"Reta";"Não";6;0;3;1;2;0;4;3;-20,10775901;-42,17646487;"SPRF-MG";"DEL06-MG";"UOP03-DEL06-MG"
506485;2023-02-21;"terça-feira";"13:58:00";"BA";101;267;"SANTO ANTONIO DE JESUS";"Reação tardia ou ineficiente do condutor";"Colisão traseira";"Com Vítimas Feridas";"Pleno dia";"Crescente";"Nublado";"Simples";"Aclive;Reta";"Não";5;0;1;0;4;0;1;2;-13,00132742;-39,29075035;"SPRF-BA";"DEL01-BA";"UOP02-DEL01-BA"
506488;2023-02-21;"terça-feira";"14:45:00";"CE";116;144,8;"RUSSAS";"Ingestão de álcool pelo condutor";"Colisão lateral sentido oposto";"Sem Vítimas";"Pleno dia";"Crescente";"Céu Claro";"Simples";"Reta";"Não";3;0;0;0;3;0;0;3;-4,78762031;-38,0566667;"SPRF-CE";"DEL03-CE";"UOP01-DEL03-CE"
506497;2023-02-21;"terça-feira";"16:10:00";"DF";20;19;"BRASILIA";"Ausência de reação do condutor";"Saída de leito carroçável";"Com Vítimas Feridas";"Pleno dia";"Crescente";"Chuva";"Dupla";"Declive";"Sim";2;0;2;0;0;0;2;1;-15,612175;-47,700928;"SPRF-DF";"DEL02-DF";"UOP01-DEL02-DF"
506498;2023-02-21;"terça-feira";"15:50:00";"SC";101;313,5;"LAGUNA";"Condutor deixou de manter distância do veículo da frente";"Colisão traseira";"Com Vítimas Feridas";"Pleno dia";"Crescente";"Nublado";"Dupla";"Reta";"Não";3;0;1;0;1;1;1;2;-28,43699677;-48,83800507;"SPRF-SC";"DEL02-SC";"UOP01-DEL02-SC"
506500;2023-02-21;"terça-feira";"16:50:00";"ES";101;148;"LINHARES";"Manobra de mudança de faixa";"Colisão transversal";"Com Vítimas Feridas";"Pleno dia";"Crescente";"Céu Claro";"Dupla";"Interseção de Vias";"Sim";3;0;0;1;1;1;1;3;-19,38787399;-40,06752766;"SPRF-ES";"DEL04-ES";"UOP01-DEL04-ES"
506502;2023-02-21;"terça-feira";"05:40:00";"RJ";40;10;"COMENDADOR LEVY GASPARIAN";"Reação tardia ou ineficiente do condutor";"Colisão lateral mesmo sentido";"Sem Vítimas";"Amanhecer";"Crescente";"Céu Claro";"Dupla";"Curva";"Não";2;0;0;0;2;0;0;2;-22,044804;-43,20572;"SPRF-RJ";"DEL05-RJ";"UOP02-DEL05-RJ"
506506;2023-02-21;"terça-feira";"17:40:00";"SC";470;64,6;"INDAIAL";"Acessar a via sem observar a presença dos outros veículos";"Colisão transversal";"Com Vítimas Feridas";"Pleno dia";"Decrescente";"Garoa/Chuvisco";"Simples";"Reta";"Sim";5;0;3;0;2;0;3;2;-26,87042041;-49,21199083;"SPRF-SC";"DEL04-SC";"UOP01-DEL04-SC"
506521;2023-02-21;"terça-feira";"17:34:00";"GO";153;71;"PORANGATU";"Ingestão de álcool pelo condutor";"Colisão lateral sentido oposto";"Sem Vítimas";"Pleno dia";"Crescente";"Chuva";"Simples";"Reta;Retorno Regulamentado";"Sim";3;0;0;0;2;2;0;4;-13,45846;-49,135578;"SPRF-GO";"DEL07-GO";"UOP01-DEL07-GO"
506531;2023-02-21;"terça-feira";"16:00:00";"SP";116;550,8;"BARRA DO TURVO";"Pista Escorregadia";"Saída de leito carroçável";"Com Vítimas Feridas";"Pleno dia";"Crescente";"Chuva";"Simples";"Curva";"Não";2;0;1;0;1;0;1;1;-24,95749618;-48,46440871;"SPRF-SP";"DEL05-SP";"UOP02-DEL05-SP"
506538;2023-02-21;"terça-feira";"19:10:00";"SC";282;417;"VARGEM BONITA";"Carga excessiva e/ou mal acondicionada";"Saída de leito carroçável";"Com Vítimas Feridas";"Anoitecer";"Crescente";"Céu Claro";"Simples";"Curva;Declive";"Não";2;0;1;0;0;1;1;2;-27,018042;-51,730051;"SPRF-SC";"DEL07-SC";"UOP05-DEL07-SC"
506548;2023-02-21;"terça-feira";"19:15:00";"SC";280;56,5;"GUARAMIRIM";"Transitar na contramão";"Colisão frontal";"Com Vítimas Fatais";"Plena Noite";"Decrescente";"Nublado";"Simples";"Em Obras;Curva";"Sim";3;1;0;0;1;1;0;3;-26,478793;-49,011459;"SPRF-SC";"DEL03-SC";"UOP03-DEL03-SC"
506554;2023-02-21;"terça-feira";"22:40:00";"RJ";116;264;"VOLTA REDONDA";"Avarias e/ou desgaste excessivo no pneu";"Colisão com objeto";"Com Vítimas Feridas";"Plena Noite";"Decrescente";"Chuva";"Dupla";"Reta";"Não";6;0;3;0;2;1;3;4;-22,59213864;-44,07723781;"SPRF-RJ";"DEL07-RJ";"UOP02-DEL07-RJ"
506555;2023-02-21;"terça-feira";"15:50:00";"MT";70;236;"POXOREO";"Ausência de reação do condutor";"Saída de leito carroçável";"Com Vítimas Feridas";"Pleno dia";"Decrescente";"Nublado";"Simples";"Reta;Aclive";"Não";3;0;3;0;0;0;3;1;-15,62905226;-53,99344204;"SPRF-MT";"DEL05-MT";"UOP01-DEL05-MT"
506561;2023-02-21;"terça-feira";"22:30:00";"RS";471;649,8;"SANTA VITORIA DO PALMAR";"Demais falhas mecânicas ou elétricas";"Incêndio";"Sem Vítimas";"Plena Noite";"Crescente";"Céu Claro";"Simples";"Reta";"Não";2;0;0;0;1;1;0;2;-33,50432965;-53,32180023;"SPRF-RS";"DEL07-RS";"UOP04-DEL07-RS"
506562;2023-02-22;"quarta-feira";"03:20:00";"SP";116;227;"SAO PAULO";"Ausência de reação do condutor";"Colisão traseira";"Com Vítimas Feridas";"Plena Noite";"Crescente";"Céu Claro";"Dupla";"Declive";"Não";3;0;1;0;1;1;1;3;-23,49659264;-46,55648754;"SPRF-SP";"DEL01-SP";"UOP01-DEL01-SP"
506563;2023-02-21;"terça-feira";"22:00:00";"SC";101;404,5;"ARARANGUA";"Retorno proibido";"Colisão lateral mesmo sentido";"Sem Vítimas";"Plena Noite";"Crescente";"Nublado";"Dupla";"Reta";"Não";3;0;0;0;1;2;0;3;-28,89649153;-49,47152138;"SPRF-SC";"DEL02-SC";"UOP02-DEL02-SC"
506568;2023-02-22;"quarta-feira";"04:30:00";"PR";277;158;"PORTO AMAZONAS";"Ausência de reação do condutor";"Colisão traseira";"Sem Vítimas";"Plena Noite";"Decrescente";"Nublado";"Simples";"Reta;Aclive";"Não";3;0;0;0;2;2;0;4;-25,46739308;-49,90595877;"SPRF-PR";"DEL03-PR";"UOP03-DEL03-PR"
506570;2023-02-21;"terça-feira";"21:00:00";"BA";101;825,8;"ITAMARAJU";"Condutor Dormindo";"Saída de leito carroçável";"Sem Vítimas";"Plena Noite";"Decrescente";"Nublado";"Simples";"Curva;Declive";"Não";1;0;0;0;0;1;0;1;-17,150662;-39,566941;"SPRF-BA";"DEL09-BA";"UOP02-DEL09-BA"
506573;2023-02-22;"quarta-feira";"04:50:00";"MT";163;115,6;"RONDONOPOLIS";"Demais falhas mecânicas ou elétricas";"Eventos atípicos";"Com Vítimas Feridas";"Amanhecer";"Decrescente";"Céu Claro";"Dupla";"Reta;Declive";"Não";4;0;1;0;2;1;1;4;-16,526322;-54,660875;"SPRF-MT";"DEL02-MT";"UOP01-DEL02-MT"
506585;2023-02-22;"quarta-feira";"06:40:00";"RS";116;347;"TAPES";"Ausência de reação do condutor";"Colisão traseira";"Com Vítimas Feridas";"Pleno dia";"Crescente";"Céu Claro";"Dupla";"Reta;Aclive;Retorno Regulamentado";"Não";2;0;0;1;1;0;1;2;-30,51691315;-51,49665766;"SPRF-RS";"DEL02-RS";"UOP02-DEL02-RS"
506591;2023-02-18;"sábado";"22:00:00";"MG";251;449;"GRAO MOGOL";"Pedestre andava na pista";"Atropelamento de Pedestre";"Com Vítimas Feridas";"Plena Noite";"Decrescente";"Céu Claro";"Simples";"Curva;Declive";"Não";2;0;1;1;0;0;2;2;-16,420528;-43,28967;"SPRF-MG";"DEL12-MG";"UOP01-DEL12-MG"
506592;2023-02-22;"quarta-feira";"07:30:00";"BA";116;421;"FEIRA DE SANTANA";"Manobra de mudança de faixa";"Colisão lateral mesmo sentido";"Com Vítimas Feridas";"Pleno dia";"Crescente";"Céu Claro";"Dupla";"Reta";"Sim";3;0;1;0;2;0;1;3;-12,211936;-38,96567;"SPRF-BA";"DEL02-BA";"UOP01-DEL02-BA"
506597;2023-02-22;"quarta-feira";"09:00:00";"MG";365;729;"ITUIUTABA";"Velocidade Incompatível";"Colisão lateral mesmo sentido";"Com Vítimas Feridas";"Pleno dia";"Crescente";"Sol";"Simples";"Curva;Declive";"Não";3;0;1;0;1;2;1;4;-18,89824959;-49,26987407;"SPRF-MG";"DEL15-MG";"UOP03-DEL15-MG"
506606;2023-02-20;"segunda-feira";"18:50:00";"RS";153;492,5;"CACAPAVA DO SUL";"Demais falhas mecânicas ou elétricas";"Colisão com objeto";"Com Vítimas Feridas";"Anoitecer";"Crescente";"Céu Claro";"Simples";"Curva";"Não";2;0;1;0;0;1;1;2;-30,42421585;-53,37171078;"SPRF-RS";"DEL09-RS";"UOP02-DEL09-RS"
506610;2023-02-22;"quarta-feira";"10:00:00";"PR";116;102;"SAO JOSE DOS PINHAIS";"Reação tardia ou ineficiente do condutor";"Colisão traseira";"Sem Vítimas";"Pleno dia";"Crescente";"Céu Claro";"Múltipla";"Interseção de Vias";"Não";2;0;0;0;2;0;0;2;-25,5695306;-49,18552816;"SPRF-PR";"DEL01-PR";"UOP07-DEL01-PR"
506633;2023-02-22;"quarta-feira";"12:25:00";"BA";324;596;"CANDEIAS";"Reação tardia ou ineficiente do condutor";"Saída de leito carroçável";"Com Vítimas Fatais";"Pleno dia";"Decrescente";"Céu Claro";"Dupla";"Reta";"Não";9;2;4;1;1;1;5;3;-12,72003796;-38,45130588;"SPRF-BA";"DEL01-BA";"UOP01-DEL01-BA"
506640;2023-02-22;"quarta-feira";"13:00:00";"RS";290;721;"URUGUAIANA";"Manobra de mudança de faixa";"Colisão lateral mesmo sentido";"Com Vítimas Feridas";"Pleno dia";"Crescente";"Céu Claro";"Simples";"Curva";"Não";3;0;0;1;1;1;1;3;-29,761024;-57,058682;"SPRF-RS";"DEL13-RS";"UOP01-DEL13-RS"
506647;2023-02-10;"sexta-feira";"01:15:00";"MS";262;714;"CORUMBA";"Condutor Dormindo";"Colisão com objeto";"Sem Vítimas";"Plena Noite";"Decrescente";"Céu Claro";"Simples";"Ponte";"Não";2;0;0;0;1;1;0;2;-19,45765123;-57,42559326;"SPRF-MS";"DEL03-MS";"UOP03-DEL03-MS"
506653;2023-02-15;"quarta-feira";"06:29:00";"MG";116;794,4;"ALEM PARAIBA";"Demais falhas mecânicas ou elétricas";"Tombamento";"Com Vítimas Feridas";"Pleno dia";"Crescente";"Céu Claro";"Simples";"Curva";"Não";2;0;1;0;0;1;1;2;-21,710918;-42,73011109;"SPRF-MG";"DEL07-MG";"UOP01-DEL07-MG"
506655;2023-02-22;"quarta-feira";"12:20:00";"SC";470;119,5;"IBIRAMA";"Manobra de mudança de faixa";"Colisão lateral mesmo sentido";"Com Vítimas Feridas";"Pleno dia";"Crescente";"Nublado";"Simples";"Aclive";"Não";4;0;0;1;2;1;1;4;-27,08881703;-49,51980114;"SPRF-SC";"DEL04-SC";"UOP02-DEL04-SC"
506656;2023-02-22;"quarta-feira";"14:30:00";"SP";116;287;"ITAPECERICA DA SERRA";"Ausência de reação do condutor";"Colisão traseira";"Com Vítimas Feridas";"Pleno dia";"Crescente";"Chuva";"Dupla";"Curva";"Não";7;0;2;0;2;3;2;7;-23,71441779;-46,87929634;"SPRF-SP";"DEL04-SP";"UOP01-DEL04-SP"
506660;2023-02-22;"quarta-feira";"15:20:00";"SP";116;412,4;"JUQUIA";"Ausência de reação do condutor";"Atropelamento de Pedestre";"Com Vítimas Feridas";"Pleno dia";"Crescente";"Nublado";"Dupla";"Reta";"Não";3;0;0;1;1;1;1;3;-24,33094086;-47,61325097;"SPRF-SP";"DEL05-SP";"UOP01-DEL05-SP"
506661;2023-02-22;"quarta-feira";"12:40:00";"MG";381;824,1;"CAREACU";"Manobra de mudança de faixa";"Colisão lateral mesmo sentido";"Com Vítimas Feridas";"Pleno dia";"Decrescente";"Nublado";"Dupla";"Reta;Aclive";"Não";5;0;2;0;2;1;2;3;-22,09662493;-45,71578503;"SPRF-MG";"DEL16-MG";"UOP01-DEL16-MG"
506662;2023-02-22;"quarta-feira";"14:30:00";"PI";316;0,1;"TERESINA";"Condutor deixou de manter distância do veículo da frente";"Colisão traseira";"Com Vítimas Feridas";"Pleno dia";"Decrescente";"Céu Claro";"Simples";"Ponte";"Sim";4;0;1;0;2;1;1;4;-5,131168;-42,81564;"SPRF-PI";"DEL01-PI";"UOP02-DEL01-PI"
506664;2023-02-22;"quarta-feira";"15:40:00";"RJ";116;93;"GUAPIMIRIM";"Problema com o freio";"Engavetamento";"Com Vítimas Feridas";"Pleno dia";"Crescente";"Nublado";"Simples";"Curva;Declive";"Não";10;0;1;0;9;0;1;10;-22,47956837;-42,99654007;"SPRF-RJ";"DEL04-RJ";"UOP01-DEL04-RJ"
506665;2023-02-22;"quarta-feira";"15:36:00";"DF";20;10,3;"BRASILIA";"Chuva";"Saída de leito carroçável";"Com Vítimas Feridas";"Pleno dia";"Crescente";"Chuva";"Dupla";"Reta;Declive";"Sim";2;0;2;0;0;0;2;1;-15,650243;-47,773872;"SPRF-DF";"DEL02-DF";"UOP01-DEL02-DF"
506666;2023-02-22;"quarta-feira";"15:30:00";"MG";381;506;"BETIM";"Reação tardia ou ineficiente do condutor";"Colisão traseira";"Com Vítimas Feridas";"Pleno dia";"Decrescente";"Céu Claro";"Dupla";"Reta;Aclive";"Sim";4;0;1;0;3;0;1;2;-20,0383156;-44,2523135;"SPRF-MG";"DEL04-MG";"UOP03-DEL04-MG"
506672;2023-02-22;"quarta-feira";"12:30:00";"RR";174;368;"CARACARAI";"Carga excessiva e/ou mal acondicionada";"Tombamento";"Com Vítimas Fatais";"Pleno dia";"Crescente";"Céu Claro";"Simples";"Curva";"Não";3;1;0;1;0;1;1;2;1,826506;-61,132927;"SPRF-RR";"DEL01-RR";"UOP01-DEL01-RR"
506679;2023-02-22;"quarta-feira";"16:40:00";"RJ";393;235;"VASSOURAS";"Acessar a via sem observar a presença dos outros veículos";"Colisão transversal";"Com Vítimas Feridas";"Pleno dia";"Crescente";"Nublado";"Simples";"Reta";"Sim";4;0;1;0;2;1;1;3;-22,410018;-43,67146;"SPRF-RJ";"DEL05-RJ";"UOP03-DEL05-RJ"
506684;2023-02-22;"quarta-feira";"14:45:00";"PR";277;428,6;"CANTAGALO";"Conversão proibida";"Colisão lateral mesmo sentido";"Com Vítimas Feridas";"Pleno dia";"Decrescente";"Nublado";"Simples";"Reta";"Não";2;0;1;0;1;0;1;2;-25,38220585;-52,11624364;"SPRF-PR";"DEL04-PR";"UOP02-DEL04-PR"
506689;2023-02-22;"quarta-feira";"17:30:00";"MG";40;656,4;"CRISTIANO OTONI";"Velocidade Incompatível";"Tombamento";"Com Vítimas Feridas";"Pleno dia";"Decrescente";"Céu Claro";"Dupla";"Curva;Declive";"Não";3;0;1;0;1;1;1;2;-20,86615746;-43,79679507;"SPRF-MG";"DEL05-MG";"UOP02-DEL05-MG"
506696;2023-02-22;"quarta-feira";"18:45:00";"MG";354;731,2;"POUSO ALTO";"Velocidade Incompatível";"Colisão lateral sentido oposto";"Com Vítimas Feridas";"Anoitecer";"Crescente";"Chuva";"Simples";"Curva;Declive";"Não";7;0;0;1;5;3;1;8;-22,16486614;-44,96235938;"SPRF-MG";"DEL17-MG";"UOP01-DEL17-MG"
506705;2023-02-22;"quarta-feira";"20:12:00";"PE";428;34;"OROCO";"Ausência de reação do condutor";"Saída de leito carroçável";"Com Vítimas Feridas";"Plena Noite";"Crescente";"Céu Claro";"Simples";"Reta;Ponte";"Não";1;0;1;0;0;0;1;1;-8,5320588;-39,51148312;"SPRF-PE";"DEL05-PE";"UOP03-DEL05-PE"
506710;2023-02-22;"quarta-feira";"09:00:00";"PR";376;15;"MARINGA";"Velocidade Incompatível";"Tombamento";"Sem Vítimas";"Pleno dia";"Decrescente";"Céu Claro";"Dupla";"Declive;Curva;Retorno Regulamentado";"Sim";2;0;0;0;1;1;0;2;-23,4273;-51,9375;"SPRF-PR";"DEL09-PR";"UOP01-DEL09-PR"
506715;2023-02-22;"quarta-feira";"20:00:00";"PR";116;110;"CURITIBA";"Reação tardia ou ineficiente do condutor";"Colisão traseira";"Com Vítimas Feridas";"Plena Noite";"Crescente";"Nublado";"Múltipla";"Reta";"Sim";8;0;1;0;7;0;1;3;-25,57012941;-49,21736805;"SPRF-PR";"DEL01-PR";"UOP07-DEL01-PR"
506719;2023-02-22;"quarta-feira";"16:15:00";"SC";116;309;"CAPAO ALTO";"Curva acentuada";"Tombamento";"Com Vítimas Feridas";"Pleno dia";"Decrescente";"Céu Claro";"Simples";"Curva;Aclive";"Não";2;0;1;0;0;1;1;2;-28,198002;-50,759674;"SPRF-SC";"DEL05-SC";"UOP02-DEL05-SC"
506720;2023-02-22;"quarta-feira";"19:55:00";"BA";407;12;"JUAZEIRO";"Entrada inopinada do pedestre";"Atropelamento de Pedestre";"Com Vítimas Fatais";"Plena Noite";"Crescente";"Céu Claro";"Simples";"Reta";"Não";4;1;0;0;2;1;0;3;-9,5045299;-40,46346078;"SPRF-BA";"DEL04-BA";"UOP01-DEL04-BA"
506724;2023-02-22;"quarta-feira";"20:40:00";"SP";381;90,2;"GUARULHOS";"Pedestre andava na pista";"Atropelamento de Pedestre";"Com Vítimas Feridas";"Plena Noite";"Crescente";"Céu Claro";"Dupla";"Curva";"Sim";3;0;0;1;0;2;1;2;-23,497941;-46,560316;"SPRF-SP";"DEL03-SP";"UOP01-DEL03-SP"
506728;2023-02-22;"quarta-feira";"21:15:00";"BA";242;863;"BARREIRAS";"Ausência de reação do condutor";"Tombamento";"Com Vítimas Feridas";"Plena Noite";"Crescente";"Céu Claro";"Simples";"Reta";"Não";2;0;0;1;0;3;1;4;-12,065863;-45,602504;"SPRF-BA";"DEL10-BA";"UOP01-DEL10-BA"
506734;2023-02-22;"quarta-feira";"21:35:00";"SC";116;66,5;"PAPANDUVA";"Transitar na contramão";"Colisão lateral sentido oposto";"Com Vítimas Feridas";"Plena Noite";"Crescente";"Céu Claro";"Simples";"Reta";"Não";3;0;1;0;1;1;1;3;-26,43345701;-50,22890485;"SPRF-SC";"DEL06-SC";"UOP02-DEL06-SC"
506735;2023-02-22;"quarta-feira";"22:15:00";"PB";412;63,9;"SAO JOAO DO CARIRI";"Ultrapassagem Indevida";"Colisão lateral sentido oposto";"Com Vítimas Feridas";"Plena Noite";"Decrescente";"Céu Claro";"Simples";"Reta";"Não";2;0;1;0;1;0;1;2;-7,431495;-36,570766;"SPRF-PB";"DEL02-PB";"UOP02-DEL02-PB"
506737;2023-02-22;"quarta-feira";"23:58:00";"RS";116;251,7;"SAPUCAIA DO SUL";"Reação tardia ou ineficiente do condutor";"Colisão traseira";"Com Vítimas Feridas";"Plena Noite";"Crescente";"Céu Claro";"Dupla";"Reta;Declive";"Sim";2;0;0;1;1;0;1;2;-29,80035406;-51,16550365;"SPRF-RS";"DEL01-RS";"UOP02-DEL01-RS"
506741;2023-02-23;"quinta-feira";"01:20:00";"GO";40;97,5;"CRISTALINA";"Manobra de mudança de faixa";"Colisão frontal";"Com Vítimas Feridas";"Plena Noite";"Decrescente";"Nublado";"Simples";"Declive;Reta";"Sim";2;0;1;0;1;0;1;2;-16,764631;-47,595763;"SPRF-DF";"DEL01-DF";"UOP02-DEL01-DF"