"id";"data_inversa";"dia_semana";"horario";"uf";"br";"km";"municipio";"causa_acidente";"tipo_acidente";"classificacao_acidente";"fase_dia";"sentido_via";"condicao_metereologica";"tipo_pista";"tracado_via";"uso_solo";"pessoas";"mortos";"feridos_leves";"feridos_graves";"ilesos";"ignorados";"feridos";"veiculos";"latitude";"longitude";"regional";"delegacia";"uop"
507086;2023-02-25;"sábado";"03:30:00";"PE";104;134;"QUIPAPA";"Problema com o freio";"Colisão traseira";"Com Vítimas Feridas";"Amanhecer";"Crescente";"Céu Claro";"Simples";"Reta;Declive";"Sim";2;0;1;0;1;0;1;2;-8,809525;-36,012314;"SPRF-PE";"DEL02-PE";"UOP03-DEL02-PE"
507094;2023-02-25;"sábado";"06:20:00";"PR";277;157;"PALMEIRA";"Transitar na contramão";"Colisão lateral sentido oposto";"Com Vítimas Feridas";"Amanhecer";"Crescente";"Nublado";"Simples";"Rotatória";"Não";3;0;1;0;1;1;1;3;-25,47289;-49,895964;"SPRF-PR";"DEL03-PR";"UOP03-DEL03-PR"
507095;2023-02-25;"sábado";"05:40:00";"SP";116;551;"BARRA DO TURVO";"Reação tardia ou ineficiente do condutor";"Saída de leito carroçável";"Com Vítimas Feridas";"Amanhecer";"Decrescente";"Céu Claro";"Dupla";"Declive;Curva";"Não";4;0;0;1;0;3;1;3;-24,96100521;-48,47172494;"SPRF-SP";"DEL05-SP";"UOP02-DEL05-SP"
507097;2023-02-24;"sexta-feira";"17:45:00";"RO";364;24,8;"VILHENA";"Acessar a via sem observar a presença dos outros veículos";"Colisão lateral mesmo sentido";"Com Vítimas Feridas";"Anoitecer";"Decrescente";"Céu Claro";"Simples";"Reta;Declive";"Não";3;0;1;0;1;3;1;5;-12,72462637;-60,22962301;"SPRF-RO";"DEL04-RO";"UOP01-DEL04-RO"
507108;2023-02-25;"sábado";"05:00:00";"RO";364;65,8;"VILHENA";"Reação tardia ou ineficiente do condutor";"Colisão traseira";"Com Vítimas Feridas";"Amanhecer";"Crescente";"Nevoeiro/Neblina";"Dupla";"Aclive";"Não";4;0;2;0;1;3;2;5;-12,50461682;-60,479963;"SPRF-RO";"DEL04-RO";"UOP01-DEL04-RO"
507115;2023-02-25;"sábado";"08:00:00";"PI";316;408,4;"MARCOLANDIA";"Carga excessiva e/ou mal acondicionada";"Derramamento de carga";"Com Vítimas Feridas";"Pleno dia";"Decrescente";"Céu Claro";"Simples";"Curva";"Não";3;0;1;1;0;1;2;2;-7,39910018;-40,72817409;"SPRF-PI";"DEL04-PI";"UOP03-DEL04-PI"
507118;2023-02-25;"sábado";"11:40:00";"SC";101;407,6;"ARARANGUA";"Entrada inopinada do pedestre";"Atropelamento de Pedestre";"Com Vítimas Feridas";"Pleno dia";"Decrescente";"Céu Claro";"Dupla";"Viaduto;Curva";"Não";3;0;0;1;1;1;1;3;-28,92215716;-49,4936657;"SPRF-SC";"DEL02-SC";"UOP02-DEL02-SC"
507131;2023-02-25;"sábado";"12:00:00";"BA";101;725;"EUNAPOLIS";"Carga excessiva e/ou mal acondicionada";"Derramamento de carga";"Sem Vítimas";"Pleno dia";"Crescente";"Céu Claro";"Simples";"Declive;Curva";"Não";4;0;0;0;3;1;0;2;-16,42289242;-39,58384752;"SPRF-BA";"DEL09-BA";"UOP01-DEL09-BA"
507132;2023-02-25;"sábado";"05:00:00";"MA";316;275;"BELA VISTA DO MARANHAO";"Pista esburacada";"Saída de leito carroçável";"Sem Vítimas";"Amanhecer";"Crescente";"Nublado";"Simples";"Reta";"Não";1;0;0;0;0;1;0;1;-3,724337;-45,27808;"SPRF-MA";"DEL02-MA";"UOP01-DEL02-MA"
507135;2023-02-25;"sábado";"08:45:00";"MG";381;908,2;"CAMBUI";"Velocidade Incompatível";"Tombamento";"Com Vítimas Feridas";"Pleno dia";"Decrescente";"Céu Claro";"Dupla";"Curva;Declive";"Não";2;0;1;0;0;1;1;2;-22,68032867;-46,10090917;"SPRF-MG";"DEL16-MG";"UOP03-DEL16-MG"
507137;2023-02-25;"sábado";"14:45:00";"MG";381;932,4;"EXTREMA";"Velocidade Incompatível";"Colisão com objeto";"Sem Vítimas";"Pleno dia";"Crescente";"Nublado";"Múltipla";"Curva";"Não";2;0;0;0;1;1;0;2;-22,81198015;-46,28431295;"SPRF-MG";"DEL16-MG";"UOP03-DEL16-MG"
507138;2023-02-25;"sábado";"15:00:00";"RN";406;128,8;"TAIPU";"Velocidade Incompatível";"Tombamento";"Com Vítimas Feridas";"Pleno dia";"Crescente";"Sol";"Simples";"Curva";"Não";2;0;1;0;0;2;1;3;-5,62123;-35,609496;"SPRF-RN";"DEL02-RN";"UOP01-DEL02-RN"
507142;2023-02-25;"sábado";"15:10:00";"MG";262;397;"PARA DE MINAS";"Acessar a via sem observar a presença dos outros veículos";"Colisão transversal";"Com Vítimas Feridas";"Pleno dia";"Crescente";"Céu Claro";"Dupla";"Retorno Regulamentado;Reta";"Não";2;0;1;0;1;0;1;2;-19,90483585;-44,51518191;"SPRF-MG";"DEL01-MG";"UOP03-DEL01-MG"
507146;2023-02-25;"sábado";"15:10:00";"SP";116;306;"SAO LOURENCO DA SERRA";"Reação tardia ou ineficiente do condutor";"Colisão traseira";"Com Vítimas Feridas";"Pleno dia";"Crescente";"Céu Claro";"Dupla";"Curva;Declive";"Não";3;0;1;0;1;1;1;3;-23,8486091;-46,93801566;"SPRF-SP";"DEL04-SP";"UOP01-DEL04-SP"
507153;2023-02-24;"sexta-feira";"16:20:00";"AC";364;127;"RIO BRANCO";"Condutor deixou de manter distância do veículo da frente";"Colisão transversal";"Com Vítimas Feridas";"Pleno dia";"Crescente";"Céu Claro";"Dupla";"Reta";"Sim";4;0;0;1;1;2;1;3;-10,01980906;-67,81433091;"SPRF-AC";"DEL01-AC";"UOP01-DEL01-AC"
507162;2023-02-25;"sábado";"16:20:00";"MT";163;855;"SINOP";"Desrespeitar a preferência no cruzamento";"Colisão transversal";"Com Vítimas Feridas";"Pleno dia";"Crescente";"Céu Claro";"Simples";"Reta;Interseção de Vias";"Sim";4;0;1;0;3;0;1;2;-11,69335;-55,45144;"SPRF-MT";"DEL06-MT";"UOP02-DEL06-MT"
507164;2023-02-25;"sábado";"16:57:00";"SC";101;75;"ARAQUARI";"Ausência de reação do condutor";"Colisão lateral mesmo sentido";"Sem Vítimas";"Pleno dia";"Crescente";"Sol";"Múltipla";"Curva";"Sim";5;0;0;0;4;1;0;3;-26,5519717;-48,71688324;"SPRF-SC";"DEL03-SC";"UOP02-DEL03-SC"
507167;2023-02-25;"sábado";"16:15:00";"PB";230;425,6;"POMBAL";"Ausência de reação do condutor";"Saída de leito carroçável";"Com Vítimas Fatais";"Pleno dia";"Crescente";"Céu Claro";"Simples";"Reta";"Não";2;1;0;0;0;1;0;2;-6,73467;-37,91525;"SPRF-PB";"DEL03-PB";"UOP02-DEL03-PB"
507168;2023-02-25;"sábado";"16:15:00";"MG";262;56,5;"MANHUACU";"Acessar a via sem observar a presença dos outros veículos";"Colisão transversal";"Com Vítimas Feridas";"Pleno dia";"Crescente";"Céu Claro";"Simples";"Interseção de Vias";"Sim";4;0;2;0;1;1;2;3;-20,26638115;-42,18214384;"SPRF-MG";"DEL06-MG";"UOP03-DEL06-MG"
507170;2023-02-25;"sábado";"17:20:00";"MS";163;392,3;"NOVA ALVORADA DO SUL";"Manobra de mudança de faixa";"Colisão lateral sentido oposto";"Com Vítimas Feridas";"Pleno dia";"Crescente";"Céu Claro";"Simples";"Reta";"Não";3;0;0;1;1;1;1;3;-21,24587397;-54,45117091;"SPRF-MS";"DEL02-MS";"UOP01-DEL02-MS"
507174;2023-02-25;"sábado";"16:30:00";"BA";101;873;"TEIXEIRA DE FREITAS";"Animais na Pista";"Atropelamento de Animal";"Com Vítimas Feridas";"Pleno dia";"Decrescente";"Céu Claro";"Simples";"Curva";"Não";3;0;1;0;2;0;1;2;-17,5069;-39,7044;"SPRF-BA";"DEL09-BA";"UOP02-DEL09-BA"
507175;2023-02-25;"sábado";"19:00:00";"MG";40;554;"NOVA LIMA";"Manobra de mudança de faixa";"Colisão lateral mesmo sentido";"Sem Vítimas";"Plena Noite";"Decrescente";"Céu Claro";"Dupla";"Reta";"Não";4;0;0;0;3;1;0;2;-20,07715896;-43,98213593;"SPRF-MG";"DEL01-MG";"UOP02-DEL01-MG"
507177;2023-02-25;"sábado";"12:15:00";"BA";242;248;"BOA VISTA DO TUPIM";"Reação tardia ou ineficiente do condutor";"Colisão frontal";"Com Vítimas Feridas";"Pleno dia";"Crescente";"Céu Claro";"Simples";"Reta";"Não";9;0;0;4;4;6;4;10;-12,51150891;-40,45877994;"SPRF-BA";"DEL06-BA";"UOP02-DEL06-BA"
507180;2023-02-25;"sábado";"18:40:00";"MG";50;21;"UBERLANDIA";"Velocidade Incompatível";"Tombamento";"Com Vítimas Feridas";"Plena Noite";"Decrescente";"Nublado";"Simples";"Interseção de Vias";"Sim";2;0;1;0;0;2;1;3;-18,93803272;-48,21654797;"SPRF-MG";"DEL15-MG";"UOP02-DEL15-MG"
507182;2023-02-25;"sábado";"19:50:00";"PR";277;6;"PARANAGUA";"Manobra de mudança de faixa";"Saída de leito carroçável";"Com Vítimas Feridas";"Plena Noite";"Crescente";"Céu Claro";"Dupla";"Reta";"Não";2;0;2;0;0;0;2;1;-25,56706554;-48,62033844;"SPRF-PR";"DEL01-PR";"UOP05-DEL01-PR"
507187;2023-02-25;"sábado";"19:40:00";"GO";40;21;"LUZIANIA";"Velocidade Incompatível";"Colisão traseira";"Com Vítimas Feridas";"Plena Noite";"Crescente";"Céu Claro";"Dupla";"Reta";"Sim";3;0;1;0;2;0;1;2;-16,218542;-47,915731;"SPRF-DF";"DEL01-DF";"UOP01-DEL01-DF"
507191;2023-02-25;"sábado";"20:30:00";"MG";40;63,5;"PARACATU";"Acessar a via sem observar a presença dos outros veículos";"Colisão transversal";"Com Vítimas Fatais";"Plena Noite";"Decrescente";"Céu Claro";"Simples";"Reta";"Não";3;1;0;0;1;3;0;5;-17,348804;-46,751906;"SPRF-MG";"DEL14-MG";"UOP01-DEL14-MG"
507197;2023-02-25;"sábado";"21:20:00";"SC";101;364;"SANGAO";"Condutor deixou de manter distância do veículo da frente";"Colisão traseira";"Sem Vítimas";"Plena Noite";"Decrescente";"Céu Claro";"Dupla";"Reta";"Não";2;0;0;0;2;0;0;2;-28,67821759;-49,13926425;"SPRF-SC";"DEL02-SC";"UOP01-DEL02-SC"
507198;2023-02-25;"sábado";"15:50:00";"MA";10;256,5;"IMPERATRIZ";"Acessar a via sem observar a presença dos outros veículos";"Colisão transversal";"Sem Vítimas";"Pleno dia";"Crescente";"Sol";"Simples";"Reta";"Sim";3;0;0;0;2;1;0;3;-5,499715;-47,471836;"SPRF-MA";"DEL04-MA";"UOP01-DEL04-MA"
507202;2023-02-25;"sábado";"15:35:00";"BA";242;157;"RAFAEL JAMBEIRO";"Manobra de mudança de faixa";"Colisão lateral mesmo sentido";"Sem Vítimas";"Pleno dia";"Decrescente";"Sol";"Simples";"Reta";"Sim";3;0;0;0;1;3;0;4;-12,50639;-39,65481;"SPRF-BA";"DEL06-BA";"UOP02-DEL06-BA"
507203;2023-02-25;"sábado";"22:30:00";"SC";470;68;"INDAIAL";"Ingestão de álcool pelo condutor";"Colisão transversal";"Sem Vítimas";"Plena Noite";"Decrescente";"Céu Claro";"Simples";"Reta;Em Obras";"Sim";3;0;0;0;2;1;0;3;-26,87818064;-49,23991544;"SPRF-SC";"DEL04-SC";"UOP01-DEL04-SC"
507211;2023-02-25;"sábado";"20:20:00";"MT";163;593;"NOVA MUTUM";"Ingestão de álcool pelo condutor";"Colisão traseira";"Sem Vítimas";"Plena Noite";"Decrescente";"Chuva";"Dupla";"Reta;Rotatória";"Não";3;0;0;0;2;3;0;5;-13,96991203;-56,0983846;"SPRF-MT";"DEL01-MT";"UOP01-DEL01-MT"
507212;2023-02-25;"sábado";"17:20:00";"RS";470;194;"BENTO GONCALVES";"Velocidade Incompatível";"Tombamento";"Com Vítimas Feridas";"Pleno dia";"Crescente";"Nublado";"Simples";"Curva;Aclive";"Não";2;0;1;0;1;0;1;1;-29,05030203;-51,57387285;"SPRF-RS";"DEL06-RS";"UOP02-DEL06-RS"
507213;2023-02-25;"sábado";"22:15:00";"BA";116;320,7;"ARACI";"Ingestão de álcool pelo condutor";"Colisão traseira";"Com Vítimas Feridas";"Plena Noite";"Decrescente";"Céu Claro";"Simples";"Declive;Interseção de Vias;Reta";"Sim";5;0;3;0;1;1;3;4;-11,33153721;-38,95434809;"SPRF-BA";"DEL02-BA";"UOP01-DEL02-BA"
507217;2023-02-25;"sábado";"23:30:00";"BA";101;357;"WENCESLAU GUIMARAES";"Transitar na contramão";"Colisão frontal";"Com Vítimas Fatais";"Plena Noite";"Decrescente";"Garoa/Chuvisco";"Simples";"Reta;Declive";"Não";3;1;1;1;0;0;2;2;-13,66632922;-39,47979927;"SPRF-BA";"DEL05-BA";"UOP03-DEL05-BA"
507233;2023-02-26;"domingo";"04:00:00";"PE";423;75;"JUCATI";"Ausência de reação do condutor";"Colisão traseira";"Com Vítimas Fatais";"Plena Noite";"Crescente";"Céu Claro";"Simples";"Reta";"Não";2;1;0;0;0;1;0;2;-8,72421234;-36,42879161;"SPRF-PE";"DEL03-PE";"UOP01-DEL03-PE"
507234;2023-02-26;"domingo";"03:50:00";"PE";232;136,8;"CARUARU";"Ingestão de álcool pelo condutor";"Colisão traseira";"Com Vítimas Fatais";"Plena Noite";"Crescente";"Céu Claro";"Dupla";"Reta;Aclive";"Não";4;1;0;1;0;2;1;3;-8,31339932;-36,04175591;"SPRF-PE";"DEL02-PE";"UOP01-DEL02-PE"
507247;2023-02-26;"domingo";"02:40:00";"MG";116;78,5;"MEDINA";"Manobra de mudança de faixa";"Colisão lateral mesmo sentido";"Com Vítimas Feridas";"Amanhecer";"Crescente";"Céu Claro";"Simples";"Curva;Declive";"Não";3;0;1;0;1;1;1;3;-16,26733792;-41,47802805;"SPRF-MG";"DEL11-MG";"UOP02-DEL11-MG"
507252;2023-02-26;"domingo";"06:00:00";"SC";163;106;"SAO JOSE DO CEDRO";"Acessar a via sem observar a presença dos outros veículos";"Colisão lateral sentido oposto";"Sem Vítimas";"Pleno dia";"Crescente";"Céu Claro";"Simples";"Reta";"Sim";3;0;0;0;1;2;0;2;-26,43752707;-53,51693708;"SPRF-SC";"DEL07-SC";"UOP03-DEL07-SC"
507256;2023-02-26;"domingo";"06:55:00";"RJ";116;72;"TERESOPOLIS";"Velocidade Incompatível";"Tombamento";"Com Vítimas Feridas";"Anoitecer";"Decrescente";"Nublado";"Simples";"Curva";"Não";3;0;2;0;0;2;2;4;-22,336229;-42,938663;"SPRF-RJ";"DEL04-RJ";"UOP01-DEL04-RJ"
507288;2023-02-26;"domingo";"10:00:00";"MG";153;30,6;"CANAPOLIS";"Reação tardia ou ineficiente do condutor";"Saída de leito carroçável";"Com Vítimas Fatais";"Pleno dia";"Crescente";"Céu Claro";"Dupla";"Reta";"Não";2;1;0;0;0;3;0;4;-18,67926678;-49,15604759;"SPRF-MG";"DEL15-MG";"UOP03-DEL15-MG"
507294;2023-02-26;"domingo";"12:30:00";"PR";277;656;"MATELANDIA";"Manobra de mudança de faixa";"Colisão traseira";"Com Vítimas Feridas";"Pleno dia";"Decrescente";"Nublado";"Dupla";"Reta";"Sim";3;0;1;0;1;1;1;3;-25,23423637;-53,96184188;"SPRF-PR";"DEL05-PR";"UOP02-DEL05-PR"
507295;2023-02-26;"domingo";"12:45:00";"MG";381;890;"CAMBUI";"Demais falhas mecânicas ou elétricas";"Incêndio";"Sem Vítimas";"Pleno dia";"Decrescente";"Chuva";"Dupla";"Reta";"Não";1;0;0;0;1;0;0;1;-22,5863847;-46,0498174;"SPRF-MG";"DEL16-MG";"UOP03-DEL16-MG"
507296;2023-02-26;"domingo";"13:00:00";"BA";324;583;"CANDEIAS";"Chuva";"Colisão com objeto";"Sem Vítimas";"Pleno dia";"Crescente";"Chuva";"Dupla";"Reta";"Não";3;0;0;0;2;1;0;3;-12,6141891;-38,48700311;"SPRF-BA";"DEL01-BA";"UOP01-DEL01-BA"
507297;2023-02-26;"domingo";"08:45:00";"BA";116;914;"ENCRUZILHADA";"Problema com o freio";"Tombamento";"Com Vítimas Feridas";"Pleno dia";"Decrescente";"Céu Claro";"Simples";"Declive";"Não";2;0;1;1;0;0;2;1;-15,4677998;-41,2416051;"SPRF-BA";"DEL08-BA";"UOP03-DEL08-BA"
507313;2023-02-26;"domingo";"13:30:00";"MG";262;521;"LUZ";"Desrespeitar a preferência no cruzamento";"Colisão transversal";"Com Vítimas Feridas";"Pleno dia";"Decrescente";"Céu Claro";"Simples";"Interseção de Vias";"Sim";5;0;3;0;1;2;3;5;-19,7876765;-45,62916392;"SPRF-MG";"DEL08-MG";"UOP03-DEL08-MG"
507314;2023-02-26;"domingo";"14:30:00";"MG";251;271;"SALINAS";"Transitar na contramão";"Colisão frontal";"Com Vítimas Fatais";"Pleno dia";"Decrescente";"Nublado";"Simples";"Reta";"Não";3;1;0;2;0;0;2;2;-15,995717;-42,008101;"SPRF-MG";"DEL12-MG";"UOP01-DEL12-MG"
507318;2023-02-26;"domingo";"14:46:00";"PE";101;22,8;"IGARASSU";"Condutor deixou de manter distância do veículo da frente";"Colisão traseira";"Com Vítimas Feridas";"Pleno dia";"Decrescente";"Céu Claro";"Dupla";"Aclive";"Não";3;0;2;0;0;1;2;2;-7,67583307;-34,92870811;"SPRF-PE";"DEL01-PE";"UOP02-DEL01-PE"
507319;2023-02-26;"domingo";"15:40:00";"SP";116;426;"JUQUIA";"Ingestão de álcool pelo condutor";"Engavetamento";"Com Vítimas Feridas";"Pleno dia";"Decrescente";"Céu Claro";"Dupla";"Reta";"Não";9;0;1;1;6;1;2;4;-24,38735659;-47,7169352;"SPRF-SP";"DEL05-SP";"UOP01-DEL05-SP"
507330;2023-02-26;"domingo";"12:50:00";"SP";116;388;"MIRACATU";"Condutor deixou de manter distância do veículo da frente";"Colisão traseira";"Com Vítimas Feridas";"Pleno dia";"Decrescente";"Céu Claro";"Dupla";"Reta";"Não";3;0;1;0;1;2;1;4;-24,26919492;-47,39740603;"SPRF-SP";"DEL04-SP";"UOP02-DEL04-SP"
507339;2023-02-26;"domingo";"16:00:00";"TO";153;104;"WANDERLANDIA";"Ausência de reação do condutor";"Saída de leito carroçável";"Com Vítimas Feridas";"Pleno dia";"Crescente";"Céu Claro";"Dupla";"Aclive";"Não";2;0;0;1;0;1;1;2;-6,91396598;-48,05057701;"SPRF-TO";"DEL02-TO";"UOP01-DEL02-TO"
507344;2023-02-26;"domingo";"16:30:00";"MA";135;68;"SANTA RITA";"Ausência de reação do condutor";"Colisão lateral sentido oposto";"Com Vítimas Feridas";"Pleno dia";"Crescente";"Nublado";"Simples";"Reta";"Não";3;0;1;0;1;2;1;4;-3,12384398;-44,32413425;"SPRF-MA";"DEL01-MA";"UOP02-DEL01-MA"
507359;2023-02-26;"domingo";"15:58:00";"BA";20;134;"SAO DESIDERIO";"Reação tardia ou ineficiente do condutor";"Colisão frontal";"Com Vítimas Feridas";"Pleno dia";"Decrescente";"Céu Claro";"Simples";"Reta";"Não";5;0;1;1;2;1;2;3;-12,703308;-45,932975;"SPRF-BA";"DEL10-BA";"UOP01-DEL10-BA"
507369;2023-02-26;"domingo";"20:05:00";"ES";101;430,9;"ATILIO VIVACQUA";"Demais falhas mecânicas ou elétricas";"Incêndio";"Sem Vítimas";"Plena Noite";"Decrescente";"Céu Claro";"Simples";"Reta";"Não";2;0;0;0;1;1;0;2;-21,02753855;-41,1671887;"SPRF-ES";"DEL03-ES";"UOP02-DEL03-ES"
507370;2023-02-26;"domingo";"19:30:00";"BA";116;428;"FEIRA DE SANTANA";"Pedestre andava na pista";"Atropelamento de Pedestre";"Com Vítimas Fatais";"Plena Noite";"Crescente";"Céu Claro";"Dupla";"Reta;Ponte";"Não";2;1;0;0;0;1;0;2;-12,26121396;-38,98943559;"SPRF-BA";"DEL02-BA";"UOP01-DEL02-BA"
507376;2023-02-26;"domingo";"18:45:00";"RJ";465;13;"SEROPEDICA";"Ausência de reação do condutor";"Colisão traseira";"Com Vítimas Feridas";"Plena Noite";"Decrescente";"Nublado";"Simples";"Reta";"Não";4;0;1;0;2;1;1;3;-22,798468;-43,645508;"SPRF-RJ";"DEL01-RJ";"UOP03-DEL01-RJ"
507379;2023-02-26;"domingo";"16:13:00";"MG";262;581,9;"CAMPOS ALTOS";"Curva acentuada";"Saída de leito carroçável";"Sem Vítimas";"Pleno dia";"Decrescente";"Céu Claro";"Simples";"Curva;Declive";"Não";2;0;0;0;1;1;0;2;-19,65688108;-46,06847896;"SPRF-MG";"DEL08-MG";"UOP02-DEL08-MG"
507387;2023-02-26;"domingo";"21:20:00";"RS";116;2;"PORTO ALEGRE";"Condutor deixou de manter distância do veículo da frente";"Colisão traseira";"Com Vítimas Feridas";"Plena Noite";"Crescente";"Céu Claro";"Dupla";"Reta;Aclive";"Sim";1;0;0;1;0;0;1;1;-30,033535;-51,230453;"SPRF-RS";"DEL01-RS";"UOP01-DEL01-RS"
507395;2023-02-26;"domingo";"21:10:00";"SC";116;258,4;"LAGES";"Transitar na contramão";"Colisão lateral sentido oposto";"Com Vítimas Feridas";"Plena Noite";"Crescente";"Céu Claro";"Simples";"Reta";"Não";3;0;1;0;1;1;1;3;-27,89324692;-50,42299606;"SPRF-SC";"DEL05-SC";"UOP02-DEL05-SC"
507398;2023-02-26;"domingo";"21:50:00";"MG";116;423;"ALPERCATA";"Ingestão de álcool pelo condutor";"Colisão frontal";"Com Vítimas Fatais";"Plena Noite";"Crescente";"Céu Claro";"Simples";"Curva";"Não";3;1;0;0;1;1;0;3;-18,95208996;-41,95709803;"SPRF-MG";"DEL06-MG";"UOP01-DEL06-MG"
507402;2023-02-26;"domingo";"16:05:00";"MG";251;266;"SALINAS";"Reação tardia ou ineficiente do condutor";"Engavetamento";"Com Vítimas Feridas";"Pleno dia";"Crescente";"Céu Claro";"Simples";"Reta";"Não";6;0;1;0;4;3;1;8;-15,99628592;-41,99891799;"SPRF-MG";"DEL12-MG";"UOP01-DEL12-MG"
507414;2023-02-26;"domingo";"22:10:00";"PR";277;646;"CEU AZUL";"Transitar na contramão";"Colisão frontal";"Com Vítimas Fatais";"Plena Noite";"Crescente";"Nublado";"Simples";"Aclive;Reta";"Não";4;1;0;0;1;2;0;4;-25,17125351;-53,90519408;"SPRF-PR";"DEL05-PR";"UOP02-DEL05-PR"
507416;2023-02-18;"sábado";"10:00:00";"MG";267;263,1;"SERITINGA";"Velocidade Incompatível";"Tombamento";"Com Vítimas Feridas";"Pleno dia";"Crescente";"Chuva";"Simples";"Curva;Declive";"Não";1;0;1;0;0;0;1;1;-21,92838125;-44,44880298;"SPRF-MG";"DEL17-MG";"UOP01-DEL17-MG"
507420;2023-02-27;"segunda-feira";"03:20:00";"AL";316;216,8;"ATALAIA";"Velocidade Incompatível";"Saída de leito carroçável";"Com Vítimas Feridas";"Plena Noite";"Crescente";"Céu Claro";"Simples";"Curva";"Não";1;0;1;0;0;0;1;1;-9,50359801;-36,21487807;"SPRF-AL";"DEL01-AL";"UOP01-DEL01-AL"
507425;2023-02-27;"segunda-feira";"04:50:00";"BA";101;122;"ALAGOINHAS";"Curva acentuada";"Capotamento";"Com Vítimas Feridas";"Amanhecer";"Crescente";"Chuva";"Simples";"Curva";"Não";2;0;1;1;0;0;2;1;-12,17564101;-38,57512499;"SPRF-BA";"DEL01-BA";"UOP04-DEL01-BA"
507432;2023-02-27;"segunda-feira";"04:30:00";"MT";158;642;"NOVA XAVANTINA";"Ausência de sinalização";"Colisão traseira";"Com Vítimas Feridas";"Amanhecer";"Crescente";"Nublado";"Simples";"Reta";"Não";3;0;0;1;1;2;1;4;-14,57856201;-52,36195191;"SPRF-MT";"DEL07-MT";"UOP02-DEL07-MT"
507447;2023-02-27;"segunda-feira";"07:00:00";"MT";364;405;"CUIABA";"Estacionar ou parar em local proibido";"Colisão traseira";"Com Vítimas Feridas";"Pleno dia";"Crescente";"Céu Claro";"Múltipla";"Reta";"Sim";3;0;1;0;1;1;1;3;-15,64512642;-56,01100445;"SPRF-MT";"DEL01-MT";"UOP02-DEL01-MT"
507451;2023-02-27;"segunda-feira";"08:00:00";"SC";101;138;"BALNEARIO CAMBORIU";"Reação tardia ou ineficiente do condutor";"Colisão traseira";"Com Vítimas Feridas";"Pleno dia";"Decrescente";"Nublado";"Múltipla";"Reta";"Sim";4;0;1;0;3;0;1;3;-27,02397426;-48,60761649;"SPRF-SC";"DEL04-SC";"UOP03-DEL04-SC"
507463;2023-02-27;"segunda-feira";"10:15:00";"SC";101;219;"PALHOCA";"Acessar a via sem observar a presença dos outros veículos";"Colisão transversal";"Sem Vítimas";"Pleno dia";"Crescente";"Sol";"Múltipla";"Reta";"Sim";3;0;0;0;2;1;0;3;-27,68392194;-48,66710085;"SPRF-SC";"DEL01-SC";"UOP02-DEL01-SC"
507465;2023-02-27;"segunda-feira";"05:49:00";"SP";381;86,2;"SAO PAULO";"Pedestre andava na pista";"Atropelamento de Pedestre";"Com Vítimas Fatais";"Pleno dia";"Crescente";"Céu Claro";"Múltipla";"Reta";"Sim";3;1;0;0;1;1;0;3;-23,469753;-46,568285;"SPRF-SP";"DEL03-SP";"UOP01-DEL03-SP"
507471;2023-02-27;"segunda-feira";"10:35:00";"MG";50;164;"UBERABA";"Demais falhas mecânicas ou elétricas";"Tombamento";"Sem Vítimas";"Pleno dia";"Decrescente";"Céu Claro";"Dupla";"Desvio Temporário;Em Obras;Reta";"Não";2;0;0;0;1;3;0;4;-19,6847632;-47,99273153;"SPRF-MG";"DEL13-MG";"UOP01-DEL13-MG"
507476;2023-01-20;"sexta-feira";"17:15:00";"MG";381;921,3;"CAMANDUCAIA";"Velocidade Incompatível";"Colisão com objeto";"Com Vítimas Feridas";"Pleno dia";"Crescente";"Chuva";"Dupla";"Curva;Declive";"Não";3;0;2;0;1;0;2;1;-22,7680939;-46,20854399;"SPRF-MG";"DEL16-MG";"UOP03-DEL16-MG"
507477;2023-02-27;"segunda-feira";"07:00:00";"MT";163;955;"NOVA SANTA HELENA";"Acessar a via sem observar a presença dos outros veículos";"Colisão transversal";"Com Vítimas Feridas";"Pleno dia";"Crescente";"Céu Claro";"Simples";"Interseção de Vias;Reta;Retorno Regulamentado;Rotatória";"Não";2;0;1;0;1;0;1;2;-10,8487116;-55,18752337;"SPRF-MT";"DEL06-MT";"UOP02-DEL06-MT"
507482;2023-02-27;"segunda-feira";"11:00:00";"SP";116;228;"SAO PAULO";"Ausência de reação do condutor";"Colisão traseira";"Com Vítimas Feridas";"Pleno dia";"Crescente";"Céu Claro";"Dupla";"Reta";"Sim";2;0;1;0;1;0;1;2;-23,50343484;-46,56638712;"SPRF-SP";"DEL01-SP";"UOP01-DEL01-SP"
507483;2023-02-27;"segunda-feira";"12:00:00";"SC";101;278;"IMBITUBA";"Reação tardia ou ineficiente do condutor";"Colisão traseira";"Com Vítimas Feridas";"Pleno dia";"Decrescente";"Céu Claro";"Múltipla";"Reta";"Não";2;0;1;0;1;0;1;2;-28,17590898;-48,69503796;"SPRF-SC";"DEL02-SC";"UOP03-DEL02-SC"
507495;2023-02-27;"segunda-feira";"13:30:00";"PR";116;88;"PIRAQUARA";"Ausência de reação do condutor";"Colisão traseira";"Com Vítimas Feridas";"Pleno dia";"Crescente";"Céu Claro";"Dupla";"Reta";"Não";2;0;1;0;1;0;1;2;-25,44781497;-49,09096994;"SPRF-PR";"DEL01-PR";"UOP07-DEL01-PR"