"id";"data_inversa";"dia_semana";"horario";"uf";"br";"km";"municipio";"causa_acidente";"tipo_acidente";"classificacao_acidente";"fase_dia";"sentido_via";"condicao_metereologica";"tipo_pista";"tracado_via";"uso_solo";"pessoas";"mortos";"feridos_leves";"feridos_graves";"ilesos";"ignorados";"feridos";"veiculos";"latitude";"longitude";"regional";"delegacia";"uop"
507781;2023-03-01;"quarta-feira";"05:50:00";"ES";262;94;"DOMINGOS MARTINS";"Condutor Dormindo";"Colisão frontal";"Com Vítimas Fatais";"Pleno dia";"Crescente";"Céu Claro";"Simples";"Curva";"Não";4;1;1;1;1;0;2;2;-20,37386581;-41,05851884;"SPRF-ES";"DEL01-ES";"UOP02-DEL01-ES"
507799;2023-02-18;"sábado";"12:20:00";"PI";316;309;"PICOS";"Ultrapassagem Indevida";"Colisão lateral mesmo sentido";"Com Vítimas Feridas";"Pleno dia";"Decrescente";"Céu Claro";"Simples";"Reta";"Sim";2;0;0;1;1;0;1;2;-7,07778744;-41,48370094;"SPRF-PI";"DEL04-PI";"UOP01-DEL04-PI"
507803;2023-03-01;"quarta-feira";"08:35:00";"SC";282;572,8;"NOVA ERECHIM";"Acessar a via sem observar a presença dos outros veículos";"Colisão transversal";"Com Vítimas Feridas";"Pleno dia";"Crescente";"Céu Claro";"Simples";"Reta";"Não";2;0;1;0;1;0;1;2;-26,881834;-52,942444;"SPRF-SC";"DEL07-SC";"UOP02-DEL07-SC"
507806;2023-03-01;"quarta-feira";"09:45:00";"BA";101;824;"ALCOBACA";"Velocidade Incompatível";"Capotamento";"Com Vítimas Fatais";"Pleno dia";"Decrescente";"Céu Claro";"Simples";"Curva";"Não";3;1;1;0;0;1;1;2;-17,31453597;-39,63224564;"SPRF-BA";"DEL09-BA";"UOP02-DEL09-BA"
507807;2023-03-01;"quarta-feira";"07:48:00";"TO";10;463;"PALMAS";"Entrada inopinada do pedestre";"Atropelamento de Pedestre";"Com Vítimas Feridas";"Pleno dia";"Crescente";"Céu Claro";"Simples";"Reta;Interseção de Vias";"Sim";2;0;0;1;1;0;1;2;-10,23632;-48,31214;"SPRF-TO";"DEL01-TO";"UOP03-DEL01-TO"
507811;2023-03-01;"quarta-feira";"10:20:00";"RS";386;446;"CANOAS";"Acessar a via sem observar a presença dos outros veículos";"Colisão lateral mesmo sentido";"Com Vítimas Feridas";"Pleno dia";"Decrescente";"Céu Claro";"Dupla";"Reta;Declive";"Sim";2;0;1;0;1;0;1;2;-29,893251;-51,182266;"SPRF-RS";"DEL01-RS";"UOP01-DEL01-RS"
507817;2023-03-01;"quarta-feira";"09:48:00";"MS";163;225;"CAARAPO";"Ultrapassagem Indevida";"Colisão lateral mesmo sentido";"Com Vítimas Feridas";"Pleno dia";"Decrescente";"Céu Claro";"Dupla";"Reta";"Não";4;0;1;0;2;1;1;3;-22,500217;-54,864506;"SPRF-MS";"DEL04-MS";"UOP02-DEL04-MS"
507818;2023-03-01;"quarta-feira";"08:52:00";"SC";470;58,5;"BLUMENAU";"Ingestão de substâncias psicoativas pelo condutor";"Colisão lateral sentido oposto";"Com Vítimas Feridas";"Pleno dia";"Decrescente";"Nublado";"Simples";"Curva";"Sim";3;0;1;0;1;2;1;4;-26,883879;-49,145622;"SPRF-SC";"DEL04-SC";"UOP01-DEL04-SC"
507819;2023-03-01;"quarta-feira";"11:05:00";"BA";116;674,3;"JEQUIE";"Retorno proibido";"Colisão transversal";"Com Vítimas Feridas";"Pleno dia";"Decrescente";"Céu Claro";"Simples";"Ponte;Reta";"Sim";5;0;3;0;1;2;3;4;-13,81715;-40,11209098;"SPRF-BA";"DEL03-BA";"UOP01-DEL03-BA"
507821;2023-03-01;"quarta-feira";"11:08:00";"MG";262;372;"JUATUBA";"Manobra de mudança de faixa";"Colisão com objeto";"Sem Vítimas";"Pleno dia";"Crescente";"Céu Claro";"Dupla";"Curva";"Não";2;0;0;0;2;0;0;2;-19,97359723;-44,31765496;"SPRF-MG";"DEL01-MG";"UOP03-DEL01-MG"
507826;2023-03-01;"quarta-feira";"08:30:00";"MG";116;412,6;"GOVERNADOR VALADARES";"Demais falhas mecânicas ou elétricas";"Atropelamento de Pedestre";"Com Vítimas Fatais";"Pleno dia";"Crescente";"Céu Claro";"Simples";"Interseção de Vias";"Não";3;1;1;0;1;0;1;3;-18,86882342;-41,97144241;"SPRF-MG";"DEL06-MG";"UOP01-DEL06-MG"
507828;2023-03-01;"quarta-feira";"10:00:00";"RJ";101;456;"MANGARATIBA";"Conversão proibida";"Colisão transversal";"Com Vítimas Feridas";"Pleno dia";"Decrescente";"Céu Claro";"Dupla";"Reta";"Sim";2;0;1;0;1;0;1;2;-23,03288558;-44,16793391;"SPRF-RJ";"DEL03-RJ";"UOP02-DEL03-RJ"
507831;2023-03-01;"quarta-feira";"10:25:00";"PR";376;311,8;"ORTIGUEIRA";"Mal súbito do condutor";"Saída de leito carroçável";"Sem Vítimas";"Pleno dia";"Crescente";"Nublado";"Dupla";"Curva;Aclive";"Não";2;0;0;0;1;2;0;3;-23,9743171;-51,1035821;"SPRF-PR";"DEL07-PR";"UOP02-DEL07-PR"
507832;2023-03-01;"quarta-feira";"13:15:00";"GO";153;529,9;"HIDROLANDIA";"Entrada inopinada do pedestre";"Atropelamento de Pedestre";"Com Vítimas Feridas";"Pleno dia";"Crescente";"Chuva";"Dupla";"Em Obras;Reta";"Sim";2;0;0;1;1;0;1;2;-16,9603;-49,2384;"SPRF-GO";"DEL01-GO";"UOP03-DEL01-GO"
507833;2023-03-01;"quarta-feira";"11:00:00";"SC";101;327;"TUBARAO";"Condutor deixou de manter distância do veículo da frente";"Colisão traseira";"Com Vítimas Feridas";"Pleno dia";"Crescente";"Céu Claro";"Dupla";"Reta";"Sim";8;0;2;2;3;1;4;5;-28,46104798;-48,99082661;"SPRF-SC";"DEL02-SC";"UOP01-DEL02-SC"
507835;2023-03-01;"quarta-feira";"10:30:00";"BA";242;493;"OLIVEIRA DOS BREJINHOS";"Velocidade Incompatível";"Tombamento";"Com Vítimas Fatais";"Pleno dia";"Crescente";"Sol";"Simples";"Reta";"Não";3;1;1;0;0;2;1;3;-12,39898;-42,39651;"SPRF-BA";"DEL06-BA";"UOP01-DEL06-BA"
507837;2023-03-01;"quarta-feira";"13:32:00";"SC";280;47,8;"GUARAMIRIM";"Transitar na contramão";"Colisão frontal";"Com Vítimas Fatais";"Pleno dia";"Crescente";"Nublado";"Simples";"Reta";"Não";3;1;0;0;1;1;0;3;-26,453808;-48,92184;"SPRF-SC";"DEL03-SC";"UOP03-DEL03-SC"
507843;2023-03-01;"quarta-feira";"12:40:00";"SC";101;150;"ITAPEMA";"Ausência de reação do condutor";"Colisão traseira";"Com Vítimas Feridas";"Pleno dia";"Crescente";"Céu Claro";"Dupla";"Reta";"Sim";2;0;0;1;1;0;1;2;-27,11744799;-48,60940987;"SPRF-SC";"DEL04-SC";"UOP03-DEL04-SC"
507857;2023-03-01;"quarta-feira";"12:30:00";"MG";381;209,9;"NAQUE";"Ultrapassagem Indevida";"Colisão frontal";"Com Vítimas Feridas";"Pleno dia";"Crescente";"Sol";"Simples";"Reta";"Não";3;0;0;1;1;1;1;3;-19,2217212;-42,3220738;"SPRF-MG";"DEL06-MG";"UOP01-DEL06-MG"
507862;2023-03-01;"quarta-feira";"15:53:00";"DF";20;20,3;"BRASILIA";"Chuva";"Saída de leito carroçável";"Com Vítimas Feridas";"Pleno dia";"Crescente";"Chuva";"Dupla";"Declive";"Sim";2;0;2;0;0;0;2;1;-15,607905;-47,692791;"SPRF-DF";"DEL02-DF";"UOP01-DEL02-DF"
507863;2023-03-01;"quarta-feira";"15:50:00";"GO";153;493,3;"GOIANIA";"Problema com o freio";"Colisão lateral mesmo sentido";"Sem Vítimas";"Pleno dia";"Crescente";"Nublado";"Dupla";"Declive";"Sim";5;0;0;0;4;1;0;5;-16,64784876;-49,21277404;"SPRF-GO";"DEL01-GO";"UOP01-DEL01-GO"
507864;2023-03-01;"quarta-feira";"15:47:00";"SP";116;188;"SANTA ISABEL";"Ausência de reação do condutor";"Colisão traseira";"Sem Vítimas";"Pleno dia";"Crescente";"Céu Claro";"Dupla";"Reta;Aclive";"Não";3;0;0;0;2;1;0;3;-23,3594352;-46,21675791;"SPRF-SP";"DEL01-SP";"UOP01-DEL01-SP"
507865;2023-03-01;"quarta-feira";"15:05:00";"MS";163;484,4;"CAMPO GRANDE";"Acessar a via sem observar a presença dos outros veículos";"Colisão transversal";"Com Vítimas Feridas";"Pleno dia";"Crescente";"Céu Claro";"Simples";"Interseção de Vias";"Sim";3;0;0;1;1;1;1;3;-20,45050764;-54,54040289;"SPRF-MS";"DEL01-MS";"UOP02-DEL01-MS"
507866;2023-02-01;"quarta-feira";"15:45:00";"MT";364;331;"SANTO ANTONIO DO LEVERGER";"Reação tardia ou ineficiente do condutor";"Colisão traseira";"Com Vítimas Feridas";"Pleno dia";"Crescente";"Céu Claro";"Dupla";"Reta";"Não";9;0;3;0;5;6;3;10;-15,822813;-55,419647;"SPRF-MT";"DEL05-MT";"UOP02-DEL05-MT"
507867;2023-02-28;"terça-feira";"23:30:00";"SP";116;515;"CAJATI";"Ausência de reação do condutor";"Colisão com objeto";"Sem Vítimas";"Plena Noite";"Decrescente";"Nublado";"Simples";"Declive;Curva";"Não";2;0;0;0;1;1;0;2;-24,86704083;-48,21738184;"SPRF-SP";"DEL05-SP";"UOP02-DEL05-SP"
507871;2023-03-01;"quarta-feira";"15:50:00";"GO";20;21,3;"FORMOSA";"Condutor Dormindo";"Colisão frontal";"Com Vítimas Feridas";"Pleno dia";"Decrescente";"Chuva";"Simples";"Reta";"Não";4;0;2;0;1;1;2;3;-15,548405;-47,169384;"SPRF-DF";"DEL02-DF";"UOP02-DEL02-DF"
507876;2023-03-01;"quarta-feira";"17:20:00";"ES";262;23,2;"VIANA";"Problema com o freio";"Colisão lateral sentido oposto";"Com Vítimas Fatais";"Pleno dia";"Decrescente";"Sol";"Simples";"Declive;Curva";"Não";4;1;1;0;2;0;1;2;-20,37559156;-40,52146724;"SPRF-ES";"DEL01-ES";"UOP01-DEL01-ES"
507881;2023-03-01;"quarta-feira";"12:50:00";"RS";285;609;"SANTO ANTONIO DAS MISSOES";"Afundamento ou ondulação no pavimento";"Colisão lateral mesmo sentido";"Com Vítimas Feridas";"Pleno dia";"Decrescente";"Sol";"Simples";"Reta;Declive";"Não";4;0;2;0;1;1;2;3;-28,493431;-55,375237;"SPRF-RS";"DEL12-RS";"UOP01-DEL12-RS"
507886;2023-03-01;"quarta-feira";"17:50:00";"SC";101;189,8;"BIGUACU";"Ultrapassagem Indevida";"Colisão lateral mesmo sentido";"Sem Vítimas";"Pleno dia";"Crescente";"Céu Claro";"Dupla";"Reta";"Não";2;0;0;0;2;0;0;2;-27,459393;-48,638914;"SPRF-SC";"DEL01-SC";"UOP01-DEL01-SC"
507895;2023-03-01;"quarta-feira";"19:20:00";"PE";407;117,1;"PETROLINA";"Acessar a via sem observar a presença dos outros veículos";"Colisão transversal";"Com Vítimas Fatais";"Plena Noite";"Crescente";"Céu Claro";"Simples";"Reta";"Não";2;1;0;0;0;1;0;2;-9,32030577;-40,57004994;"SPRF-PE";"DEL06-PE";"UOP01-DEL06-PE"
507904;2023-03-01;"quarta-feira";"19:05:00";"RS";101;85,5;"OSORIO";"Velocidade Incompatível";"Colisão traseira";"Com Vítimas Feridas";"Plena Noite";"Crescente";"Nublado";"Simples";"Reta";"Sim";3;0;1;0;1;1;1;3;-29,876151;-50,258179;"SPRF-RS";"DEL03-RS";"UOP01-DEL03-RS"
507909;2023-03-01;"quarta-feira";"20:10:00";"MT";364;127;"PEDRA PRETA";"Acessar a via sem observar a presença dos outros veículos";"Colisão transversal";"Com Vítimas Feridas";"Plena Noite";"Decrescente";"Céu Claro";"Simples";"Reta";"Sim";3;0;1;0;1;3;1;5;-16,83630865;-53,98336387;"SPRF-MT";"DEL02-MT";"UOP02-DEL02-MT"
507923;2023-03-01;"quarta-feira";"18:00:00";"PI";316;35,8;"DEMERVAL LOBAO";"Manobra de mudança de faixa";"Colisão lateral sentido oposto";"Sem Vítimas";"Plena Noite";"Decrescente";"Céu Claro";"Simples";"Curva";"Não";2;0;0;0;1;1;0;2;-5,36600695;-42,67359985;"SPRF-PI";"DEL01-PI";"UOP02-DEL01-PI"
507926;2023-03-02;"quinta-feira";"00:10:00";"BA";116;909;"CANDIDO SALES";"Problema com o freio";"Colisão lateral mesmo sentido";"Com Vítimas Feridas";"Plena Noite";"Decrescente";"Céu Claro";"Simples";"Declive;Reta";"Não";3;0;1;0;1;1;1;3;-15,51291197;-41,23700207;"SPRF-BA";"DEL08-BA";"UOP03-DEL08-BA"
507927;2023-03-01;"quarta-feira";"23:40:00";"PR";163;265,6;"TOLEDO";"Pedestre andava na pista";"Atropelamento de Pedestre";"Com Vítimas Feridas";"Plena Noite";"Decrescente";"Nublado";"Dupla";"Reta";"Não";4;0;1;0;1;2;1;3;-24,63855056;-53,86145174;"SPRF-PR";"DEL06-PR";"UOP02-DEL06-PR"
507929;2023-03-02;"quinta-feira";"00:10:00";"MG";40;587;"ITABIRITO";"Demais falhas mecânicas ou elétricas";"Saída de leito carroçável";"Sem Vítimas";"Plena Noite";"Crescente";"Céu Claro";"Simples";"Declive;Curva";"Não";2;0;0;0;1;1;0;2;-20,34858326;-43,92200604;"SPRF-MG";"DEL01-MG";"UOP02-DEL01-MG"
507933;2023-03-02;"quinta-feira";"03:40:00";"SP";153;264;"MARILIA";"Reação tardia ou ineficiente do condutor";"Saída de leito carroçável";"Com Vítimas Feridas";"Plena Noite";"Crescente";"Chuva";"Simples";"Curva";"Não";2;0;0;1;0;1;1;2;-22,29842576;-49,90881386;"SPRF-SP";"DEL07-SP";"UOP02-DEL07-SP"
507934;2023-03-02;"quinta-feira";"03:40:00";"SC";101;248;"PAULO LOPES";"Ausência de reação do condutor";"Saída de leito carroçável";"Com Vítimas Feridas";"Plena Noite";"Decrescente";"Nevoeiro/Neblina";"Dupla";"Reta";"Não";1;0;1;0;0;0;1;1;-27,92619305;-48,65828191;"SPRF-SC";"DEL02-SC";"UOP03-DEL02-SC"
507936;2023-03-02;"quinta-feira";"04:41:00";"MA";135;67;"SANTA RITA";"Reação tardia ou ineficiente do condutor";"Colisão lateral mesmo sentido";"Com Vítimas Feridas";"Amanhecer";"Decrescente";"Ignorado";"Simples";"Reta";"Não";4;0;1;0;2;2;1;4;-3,10577998;-44,32276839;"SPRF-MA";"DEL01-MA";"UOP02-DEL01-MA"
507939;2023-03-01;"quarta-feira";"17:00:00";"PA";230;1101;"ITAITUBA";"Ausência de reação do condutor";"Colisão traseira";"Com Vítimas Feridas";"Pleno dia";"Crescente";"Nublado";"Simples";"Reta;Aclive";"Não";7;0;4;1;1;2;5;4;-4,36247804;-55,81308746;"SPRF-PA";"DEL05-PA";"UOP02-DEL05-PA"
507940;2023-03-02;"quinta-feira";"05:20:00";"BA";101;696,5;"EUNAPOLIS";"Demais falhas mecânicas ou elétricas";"Incêndio";"Sem Vítimas";"Pleno dia";"Decrescente";"Céu Claro";"Simples";"Curva";"Não";2;0;0;0;1;1;0;2;-16,41251916;-39,58713123;"SPRF-BA";"DEL09-BA";"UOP01-DEL09-BA"
507941;2023-03-01;"quarta-feira";"11:40:00";"MS";267;240;"NOVA ALVORADA DO SUL";"Ausência de reação do condutor";"Colisão com objeto";"Sem Vítimas";"Pleno dia";"Crescente";"Céu Claro";"Simples";"Reta";"Não";2;0;0;0;1;1;0;2;-21,485094;-54,304173;"SPRF-MS";"DEL02-MS";"UOP01-DEL02-MS"
507943;2023-03-02;"quinta-feira";"06:30:00";"SP";116;499;"CAJATI";"Ausência de reação do condutor";"Saída de leito carroçável";"Com Vítimas Feridas";"Pleno dia";"Crescente";"Sol";"Simples";"Curva";"Não";2;0;1;0;0;1;1;2;-24,78431889;-48,18228006;"SPRF-SP";"DEL05-SP";"UOP02-DEL05-SP"
507947;2023-03-02;"quinta-feira";"07:20:00";"SE";235;16,5;"NOSSA SENHORA DO SOCORRO";"Velocidade Incompatível";"Tombamento";"Com Vítimas Feridas";"Pleno dia";"Crescente";"Nublado";"Simples";"Curva";"Não";1;0;1;0;0;0;1;1;-10,852552;-37,192886;"SPRF-SE";"DEL01-SE";"UOP02-DEL01-SE"
507948;2023-03-01;"quarta-feira";"20:50:00";"MG";153;57;"MONTE ALEGRE DE MINAS";"Demais falhas mecânicas ou elétricas";"Incêndio";"Sem Vítimas";"Plena Noite";"Decrescente";"Céu Claro";"Dupla";"Aclive";"Não";1;0;0;0;1;0;0;1;-18,87131545;-49,0623664;"SPRF-MG";"DEL15-MG";"UOP03-DEL15-MG"
507949;2023-03-02;"quinta-feira";"07:16:00";"ES";101;266,6;"SERRA";"Manobra de mudança de faixa";"Colisão lateral mesmo sentido";"Com Vítimas Feridas";"Pleno dia";"Crescente";"Céu Claro";"Múltipla";"Reta";"Sim";2;0;1;0;1;0;1;2;-20,190199;-40,26828891;"SPRF-ES";"DEL02-ES";"UOP01-DEL02-ES"
507951;2023-03-02;"quinta-feira";"07:15:00";"SP";381;12;"BRAGANCA PAULISTA";"Ausência de reação do condutor";"Tombamento";"Com Vítimas Feridas";"Pleno dia";"Crescente";"Céu Claro";"Dupla";"Reta";"Não";2;0;1;0;0;1;1;2;-22,92855105;-46,46168398;"SPRF-SP";"DEL03-SP";"UOP02-DEL03-SP"
507955;2023-03-02;"quinta-feira";"08:00:00";"MG";381;511,3;"IGARAPE";"Ausência de reação do condutor";"Engavetamento";"Com Vítimas Feridas";"Pleno dia";"Crescente";"Céu Claro";"Múltipla";"Aclive;Reta";"Sim";4;0;0;1;2;2;1;5;-20,08463223;-44,3099407;"SPRF-MG";"DEL04-MG";"UOP03-DEL04-MG"
507957;2023-02-28;"terça-feira";"19:00:00";"MS";60;53;"PARAISO DAS AGUAS";"Condutor Dormindo";"Saída de leito carroçável";"Sem Vítimas";"Plena Noite";"Crescente";"Céu Claro";"Simples";"Reta;Declive";"Não";2;0;0;0;0;2;0;2;-18,98415324;-52,94431595;"SPRF-MS";"DEL08-MS";"UOP01-DEL08-MS"
507959;2023-03-02;"quinta-feira";"07:20:00";"ES";262;95;"DOMINGOS MARTINS";"Acessar a via sem observar a presença dos outros veículos";"Colisão transversal";"Com Vítimas Feridas";"Pleno dia";"Crescente";"Céu Claro";"Simples";"Reta";"Sim";3;0;1;0;1;1;1;3;-20,3659225;-41,06040133;"SPRF-ES";"DEL01-ES";"UOP02-DEL01-ES"
507961;2023-03-02;"quinta-feira";"08:30:00";"PE";104;25,7;"TAQUARITINGA DO NORTE";"Reação tardia ou ineficiente do condutor";"Colisão lateral mesmo sentido";"Com Vítimas Fatais";"Pleno dia";"Crescente";"Sol";"Simples";"Reta";"Não";5;1;0;2;0;2;2;3;-7,99140122;-36,0963143;"SPRF-PE";"DEL02-PE";"UOP01-DEL02-PE"
507963;2023-03-02;"quinta-feira";"07:50:00";"SP";116;347,7;"MIRACATU";"Problema com o freio";"Tombamento";"Com Vítimas Feridas";"Pleno dia";"Crescente";"Céu Claro";"Múltipla";"Curva;Declive";"Não";2;0;0;1;0;1;1;2;-24,04699491;-47,19706111;"SPRF-SP";"DEL04-SP";"UOP03-DEL04-SP"
507967;2023-03-02;"quinta-feira";"04:45:00";"BA";242;594;"MUQUEM DE SAO FRANCISCO";"Falta de acostamento";"Saída de leito carroçável";"Com Vítimas Feridas";"Plena Noite";"Decrescente";"Céu Claro";"Simples";"Reta";"Não";2;0;1;0;0;2;1;3;-12,15682171;-43,30249787;"SPRF-BA";"DEL10-BA";"UOP02-DEL10-BA"
507969;2023-03-02;"quinta-feira";"08:05:00";"SE";101;151;"ESTANCIA";"Condutor deixou de manter distância do veículo da frente";"Colisão traseira";"Com Vítimas Feridas";"Pleno dia";"Decrescente";"Céu Claro";"Simples";"Reta";"Sim";5;0;2;0;2;1;2;3;-11,26151;-37,441227;"SPRF-SE";"DEL02-SE";"UOP01-DEL02-SE"
507971;2023-03-02;"quinta-feira";"07:00:00";"SP";116;35,1;"CRUZEIRO";"Ausência de reação do condutor";"Colisão traseira";"Com Vítimas Feridas";"Pleno dia";"Decrescente";"Sol";"Múltipla";"Aclive;Reta";"Sim";7;0;5;0;1;1;5;3;-22,65892521;-44,96708995;"SPRF-SP";"DEL08-SP";"UOP02-DEL08-SP"
507975;2023-03-02;"quinta-feira";"09:00:00";"SP";116;132;"CACAPAVA";"Manobra de mudança de faixa";"Colisão lateral mesmo sentido";"Com Vítimas Feridas";"Pleno dia";"Crescente";"Céu Claro";"Múltipla";"Reta";"Sim";3;0;1;1;1;0;2;2;-23,13169757;-45,74481322;"SPRF-SP";"DEL02-SP";"UOP02-DEL02-SP"
507977;2023-03-02;"quinta-feira";"06:40:00";"MG";381;722;"CARMO DA CACHOEIRA";"Reação tardia ou ineficiente do condutor";"Tombamento";"Sem Vítimas";"Pleno dia";"Decrescente";"Céu Claro";"Dupla";"Declive;Curva";"Não";2;0;0;0;1;1;0;2;-21,47729514;-45,20207819;"SPRF-MG";"DEL04-MG";"UOP02-DEL04-MG"
507979;2023-03-02;"quinta-feira";"09:30:00";"CE";116;481,5;"MILAGRES";"Conversão proibida";"Colisão traseira";"Com Vítimas Feridas";"Pleno dia";"Crescente";"Céu Claro";"Simples";"Curva";"Sim";9;0;1;0;7;1;1;3;-7,30290296;-38,91153101;"SPRF-CE";"DEL05-CE";"UOP03-DEL05-CE"
507981;2023-02-19;"domingo";"23:00:00";"SC";101;199,2;"SAO JOSE";"Ingestão de álcool pelo condutor";"Colisão lateral mesmo sentido";"Sem Vítimas";"Plena Noite";"Crescente";"Nublado";"Múltipla";"Reta";"Não";2;0;0;0;1;1;0;2;-27,53413705;-48,63003205;"SPRF-SC";"DEL01-SC";"UOP01-DEL01-SC"
507983;2023-03-02;"quinta-feira";"10:30:00";"SP";116;440;"REGISTRO";"Reação tardia ou ineficiente do condutor";"Colisão traseira";"Com Vítimas Feridas";"Pleno dia";"Crescente";"Céu Claro";"Dupla";"Reta";"Não";3;0;1;0;1;1;1;3;-24,4688528;-47,82223728;"SPRF-SP";"DEL05-SP";"UOP01-DEL05-SP"
507990;2023-03-02;"quinta-feira";"11:50:00";"RS";285;273,6;"MATO CASTELHANO";"Acessar a via sem observar a presença dos outros veículos";"Colisão transversal";"Sem Vítimas";"Pleno dia";"Crescente";"Nublado";"Simples";"Interseção de Vias";"Não";2;0;0;0;2;0;0;2;-28,277298;-52,194843;"SPRF-RS";"DEL08-RS";"UOP03-DEL08-RS"
507998;2023-03-02;"quinta-feira";"13:15:00";"MG";262;492;"BETIM";"Manobra de mudança de faixa";"Colisão lateral mesmo sentido";"Com Vítimas Feridas";"Pleno dia";"Decrescente";"Céu Claro";"Múltipla";"Reta";"Sim";6;0;4;0;1;1;4;3;-19,962366;-44,1622223;"SPRF-MG";"DEL08-MG";"UOP03-DEL08-MG"
508008;2023-03-02;"quinta-feira";"14:20:00";"DF";60;0,6;"BRASILIA";"Acessar a via sem observar a presença dos outros veículos";"Atropelamento de Pedestre";"Com Vítimas Fatais";"Pleno dia";"Crescente";"Céu Claro";"Dupla";"Reta";"Sim";7;1;0;0;3;3;0;3;-15,884785;-48,067763;"SPRF-DF";"DEL03-DF";"UOP01-DEL03-DF"
508022;2023-03-02;"quinta-feira";"14:25:00";"PR";272;393;"FAROL";"Ausência de reação do condutor";"Colisão lateral sentido oposto";"Com Vítimas Feridas";"Pleno dia";"Crescente";"Nublado";"Simples";"Aclive;Reta";"Não";3;0;1;0;2;0;1;2;-24,092822;-52,632535;"SPRF-PR";"DEL09-PR";"UOP03-DEL09-PR"
508024;2023-03-02;"quinta-feira";"15:15:00";"SE";235;54,7;"ITABAIANA";"Ingestão de álcool pelo condutor";"Colisão transversal";"Com Vítimas Feridas";"Pleno dia";"Decrescente";"Sol";"Múltipla";"Reta;Interseção de Vias";"Sim";2;0;1;0;1;0;1;2;-10,676047;-37,443279;"SPRF-SE";"DEL01-SE";"UOP02-DEL01-SE"
508025;2023-03-02;"quinta-feira";"16:05:00";"DF";20;10;"BRASILIA";"Chuva";"Colisão lateral mesmo sentido";"Sem Vítimas";"Pleno dia";"Decrescente";"Chuva";"Dupla";"Reta;Declive";"Não";3;0;0;0;3;0;0;2;-15,650243;-47,773872;"SPRF-DF";"DEL02-DF";"UOP01-DEL02-DF"
508026;2023-03-02;"quinta-feira";"12:00:00";"SP";116;360;"MIRACATU";"Velocidade Incompatível";"Tombamento";"Com Vítimas Feridas";"Pleno dia";"Decrescente";"Sol";"Simples";"Aclive;Curva";"Não";2;0;1;0;0;1;1;2;-24,11248793;-47,26510606;"SPRF-SP";"DEL04-SP";"UOP03-DEL04-SP"
508031;2023-03-02;"quinta-feira";"16:40:00";"SC";101;194,3;"BIGUACU";"Reação tardia ou ineficiente do condutor";"Colisão traseira";"Com Vítimas Feridas";"Pleno dia";"Crescente";"Céu Claro";"Múltipla";"Reta";"Sim";2;0;1;0;1;0;1;2;-27,49815117;-48,65661236;"SPRF-SC";"DEL01-SC";"UOP01-DEL01-SC"
508035;2023-03-02;"quinta-feira";"16:40:00";"MG";40;549;"NOVA LIMA";"Velocidade Incompatível";"Colisão com objeto";"Com Vítimas Feridas";"Pleno dia";"Decrescente";"Chuva";"Dupla";"Curva;Declive";"Sim";5;0;1;0;3;2;1;5;-20,03972326;-43,96703232;"SPRF-MG";"DEL01-MG";"UOP02-DEL01-MG"
508036;2023-03-02;"quinta-feira";"14:22:00";"SC";101;117;"ITAJAI";"Condutor deixou de manter distância do veículo da frente";"Colisão traseira";"Com Vítimas Feridas";"Pleno dia";"Decrescente";"Céu Claro";"Múltipla";"Reta";"Não";8;0;2;0;5;1;2;7;-26,88747187;-48,72252969;"SPRF-SC";"DEL04-SC";"UOP04-DEL04-SC"
508039;2023-03-02;"quinta-feira";"16:05:00";"PE";423;104;"GARANHUNS";"Carga excessiva e/ou mal acondicionada";"Colisão lateral mesmo sentido";"Sem Vítimas";"Pleno dia";"Decrescente";"Céu Claro";"Simples";"Reta;Declive";"Não";4;0;0;0;3;2;0;4;-8,87705776;-36,55534007;"SPRF-PE";"DEL03-PE";"UOP01-DEL03-PE"
508042;2023-03-02;"quinta-feira";"16:40:00";"MT";163;112;"RONDONOPOLIS";"Demais falhas mecânicas ou elétricas";"Tombamento";"Com Vítimas Feridas";"Pleno dia";"Decrescente";"Nublado";"Dupla";"Aclive;Reta";"Não";3;0;1;0;0;2;1;3;-16,553139;-54,674692;"SPRF-MT";"DEL02-MT";"UOP01-DEL02-MT"
508048;2023-03-02;"quinta-feira";"16:10:00";"PR";116;110;"CURITIBA";"Ausência de reação do condutor";"Colisão lateral mesmo sentido";"Com Vítimas Feridas";"Pleno dia";"Crescente";"Nublado";"Múltipla";"Reta";"Sim";3;0;1;0;2;0;1;2;-25,57012941;-49,21736805;"SPRF-PR";"DEL01-PR";"UOP07-DEL01-PR"
508060;2023-03-02;"quinta-feira";"18:00:00";"PR";277;279,2;"PRUDENTOPOLIS";"Manobra de mudança de faixa";"Saída de leito carroçável";"Com Vítimas Feridas";"Pleno dia";"Crescente";"Nublado";"Simples";"Reta";"Não";2;0;1;0;0;2;1;3;-25,32350131;-50,96562982;"SPRF-PR";"DEL08-PR";"UOP02-DEL08-PR"
508064;2023-03-02;"quinta-feira";"13:20:00";"SC";101;112,6;"ITAJAI";"Ausência de reação do condutor";"Colisão traseira";"Com Vítimas Fatais";"Pleno dia";"Decrescente";"Sol";"Múltipla";"Curva";"Sim";2;1;0;0;1;0;0;2;-26,8501384;-48,7255145;"SPRF-SC";"DEL04-SC";"UOP04-DEL04-SC"