"id";"data_inversa";"dia_semana";"horario";"uf";"br";"km";"municipio";"causa_acidente";"tipo_acidente";"classificacao_acidente";"fase_dia";"sentido_via";"condicao_metereologica";"tipo_pista";"tracado_via";"uso_solo";"pessoas";"mortos";"feridos_leves";"feridos_graves";"ilesos";"ignorados";"feridos";"veiculos";"latitude";"longitude";"regional";"delegacia";"uop"
508378;2023-03-04;"sábado";"04:55:00";"MG";262;481,7;"BOM DESPACHO";"Ausência de reação do condutor";"Colisão traseira";"Com Vítimas Feridas";"Plena Noite";"Crescente";"Céu Claro";"Simples";"Reta";"Não";2;0;1;0;1;0;1;2;-19,78391921;-45,25713045;"SPRF-MG";"DEL08-MG";"UOP03-DEL08-MG"
508383;2023-02-16;"quinta-feira";"07:55:00";"ES";101;305,8;"VIANA";"Velocidade Incompatível";"Tombamento";"Com Vítimas Fatais";"Pleno dia";"Decrescente";"Céu Claro";"Dupla";"Reta";"Não";2;1;0;0;0;1;0;2;-20,39178539;-40,46264806;"SPRF-ES";"DEL01-ES";"UOP01-DEL01-ES"
508389;2023-03-04;"sábado";"07:30:00";"DF";20;3,3;"BRASILIA";"Manobra de mudança de faixa";"Colisão lateral mesmo sentido";"Com Vítimas Feridas";"Pleno dia";"Crescente";"Céu Claro";"Dupla";"Declive";"Sim";4;0;1;0;2;1;1;3;-15,679851;-47,832211;"SPRF-DF";"DEL02-DF";"UOP01-DEL02-DF"
508390;2023-03-04;"sábado";"08:30:00";"MG";262;580;"CAMPOS ALTOS";"Velocidade Incompatível";"Derramamento de carga";"Sem Vítimas";"Pleno dia";"Decrescente";"Sol";"Simples";"Rotatória";"Não";2;0;0;0;1;1;0;2;-19,6646721;-46,06563103;"SPRF-MG";"DEL08-MG";"UOP02-DEL08-MG"
508394;2023-03-03;"sexta-feira";"21:20:00";"MG";40;306;"TRES MARIAS";"Acostamento em desnível";"Colisão transversal";"Sem Vítimas";"Plena Noite";"Crescente";"Céu Claro";"Simples";"Reta";"Não";3;0;0;0;3;0;0;2;-18,40201725;-45,09553043;"SPRF-MG";"DEL14-MG";"UOP02-DEL14-MG"
508399;2023-02-24;"sexta-feira";"16:10:00";"MS";163;211,5;"CAARAPO";"Ausência de reação do condutor";"Colisão traseira";"Sem Vítimas";"Pleno dia";"Decrescente";"Nublado";"Simples";"Reta";"Não";2;0;0;0;2;0;0;2;-22,612989;-54,81620977;"SPRF-MS";"DEL04-MS";"UOP02-DEL04-MS"
508402;2023-03-04;"sábado";"09:57:00";"RJ";40;21,7;"TRES RIOS";"Reação tardia ou ineficiente do condutor";"Colisão traseira";"Com Vítimas Feridas";"Pleno dia";"Decrescente";"Sol";"Dupla";"Reta";"Não";3;0;1;0;1;1;1;3;-22,11423526;-43,15858581;"SPRF-RJ";"DEL05-RJ";"UOP02-DEL05-RJ"
508404;2023-01-23;"segunda-feira";"17:30:00";"RJ";116;245;"PIRAI";"Ausência de reação do condutor";"Colisão traseira";"Com Vítimas Fatais";"Plena Noite";"Decrescente";"Chuva";"Dupla";"Curva";"Não";5;1;0;0;3;3;0;7;-22,62040692;-43,92593694;"SPRF-RJ";"DEL07-RJ";"UOP01-DEL07-RJ"
508410;2023-02-28;"terça-feira";"14:50:00";"SC";101;456;"SAO JOAO DO SUL";"Curva acentuada";"Tombamento";"Com Vítimas Feridas";"Pleno dia";"Decrescente";"Céu Claro";"Simples";"Rotatória";"Sim";1;0;1;0;0;0;1;1;-29,22330598;-49,76018824;"SPRF-SC";"DEL02-SC";"UOP02-DEL02-SC"
508411;2023-03-01;"quarta-feira";"03:00:00";"BA";116;604;"IRAJUBA";"Condutor Dormindo";"Saída de leito carroçável";"Com Vítimas Feridas";"Plena Noite";"Crescente";"Céu Claro";"Simples";"Aclive;Curva";"Não";2;0;1;0;0;1;1;2;-13,23346504;-40,01732582;"SPRF-BA";"DEL03-BA";"UOP02-DEL03-BA"
508413;2023-03-04;"sábado";"10:40:00";"PR";277;421,1;"CANTAGALO";"Mal súbito do condutor";"Colisão frontal";"Com Vítimas Fatais";"Pleno dia";"Decrescente";"Céu Claro";"Simples";"Aclive;Curva";"Sim";4;1;0;0;1;3;0;5;-25,40516876;-52,09591501;"SPRF-PR";"DEL04-PR";"UOP02-DEL04-PR"
508421;2023-03-04;"sábado";"11:30:00";"PR";376;354;"ORTIGUEIRA";"Acessar a via sem observar a presença dos outros veículos";"Colisão transversal";"Com Vítimas Feridas";"Pleno dia";"Crescente";"Céu Claro";"Simples";"Reta";"Não";2;0;2;0;0;0;2;2;-24,2708266;-50,88943166;"SPRF-PR";"DEL07-PR";"UOP02-DEL07-PR"
508427;2023-03-04;"sábado";"09:58:00";"SC";480;126;"CHAPECO";"Manobra de mudança de faixa";"Colisão lateral mesmo sentido";"Com Vítimas Feridas";"Pleno dia";"Crescente";"Chuva";"Dupla";"Reta;Declive";"Não";2;0;1;0;1;0;1;2;-27,020083;-52,636024;"SPRF-SC";"DEL07-SC";"UOP01-DEL07-SC"
508433;2023-03-04;"sábado";"13:00:00";"PR";116;114;"CURITIBA";"Manobra de mudança de faixa";"Colisão lateral mesmo sentido";"Com Vítimas Feridas";"Pleno dia";"Crescente";"Sol";"Dupla";"Reta";"Sim";3;0;2;0;0;1;2;2;-25,56296907;-49,25643801;"SPRF-PR";"DEL01-PR";"UOP07-DEL01-PR"
508436;2023-03-04;"sábado";"12:30:00";"MG";381;529,1;"BRUMADINHO";"Modificação proibida";"Saída de leito carroçável";"Com Vítimas Feridas";"Pleno dia";"Decrescente";"Céu Claro";"Dupla";"Aclive;Curva";"Não";1;0;1;0;0;0;1;1;-20,16492041;-44,33629155;"SPRF-MG";"DEL04-MG";"UOP03-DEL04-MG"
508437;2023-03-04;"sábado";"12:30:00";"PR";376;675;"GUARATUBA";"Demais falhas mecânicas ou elétricas";"Incêndio";"Sem Vítimas";"Pleno dia";"Crescente";"Céu Claro";"Dupla";"Aclive;Reta";"Não";2;0;0;0;1;1;0;2;-25,91744399;-48,91940295;"SPRF-PR";"DEL01-PR";"UOP04-DEL01-PR"
508444;2023-03-04;"sábado";"14:25:00";"SC";470;57,9;"BLUMENAU";"Acessar a via sem observar a presença dos outros veículos";"Colisão traseira";"Com Vítimas Feridas";"Pleno dia";"Decrescente";"Nublado";"Simples";"Em Obras;Reta";"Sim";4;0;0;1;2;1;1;4;-26,880428;-49,136532;"SPRF-SC";"DEL04-SC";"UOP01-DEL04-SC"
508467;2023-03-04;"sábado";"10:45:00";"MG";354;729,1;"POUSO ALTO";"Velocidade Incompatível";"Tombamento";"Com Vítimas Feridas";"Pleno dia";"Crescente";"Céu Claro";"Simples";"Curva";"Não";2;0;1;0;0;1;1;2;-22,15769397;-44,96393873;"SPRF-MG";"DEL17-MG";"UOP01-DEL17-MG"
508468;2023-03-04;"sábado";"16:00:00";"TO";226;31;"PALMEIRAS DO TOCANTINS";"Condutor deixou de manter distância do veículo da frente";"Colisão traseira";"Com Vítimas Feridas";"Pleno dia";"Decrescente";"Céu Claro";"Simples";"Reta";"Não";4;0;0;1;2;4;1;6;-6,653165;-47,709923;"SPRF-TO";"DEL02-TO";"UOP03-DEL02-TO"
508470;2023-03-04;"sábado";"10:30:00";"MG";116;447,5;"ENGENHEIRO CALDAS";"Ausência de reação do condutor";"Colisão frontal";"Com Vítimas Fatais";"Pleno dia";"Crescente";"Céu Claro";"Simples";"Curva";"Não";4;2;2;0;0;0;2;2;-19,132968;-42,016908;"SPRF-MG";"DEL06-MG";"UOP02-DEL06-MG"
508478;2023-03-03;"sexta-feira";"17:00:00";"GO";158;117;"CAIAPONIA";"Pista esburacada";"Tombamento";"Sem Vítimas";"Pleno dia";"Crescente";"Céu Claro";"Simples";"Reta";"Não";2;0;0;0;1;2;0;3;-16,57412955;-51,7515328;"SPRF-GO";"DEL04-GO";"UOP02-DEL04-GO"
508482;2023-03-04;"sábado";"17:50:00";"RS";158;302,3;"ITAARA";"Avarias e/ou desgaste excessivo no pneu";"Saída de leito carroçável";"Com Vítimas Feridas";"Pleno dia";"Crescente";"Chuva";"Simples";"Curva";"Não";3;0;2;0;1;0;2;1;-29,546484;-53,756068;"SPRF-RS";"DEL09-RS";"UOP01-DEL09-RS"
508488;2023-03-04;"sábado";"16:45:00";"PR";116;86,5;"PIRAQUARA";"Ausência de reação do condutor";"Colisão lateral mesmo sentido";"Com Vítimas Feridas";"Pleno dia";"Crescente";"Nublado";"Dupla";"Reta";"Não";2;0;1;0;1;0;1;2;-25,43479327;-49,08939973;"SPRF-PR";"DEL01-PR";"UOP07-DEL01-PR"
508491;2023-03-04;"sábado";"14:10:00";"RJ";116;185;"NOVA IGUACU";"Frear bruscamente";"Colisão frontal";"Com Vítimas Feridas";"Pleno dia";"Decrescente";"Céu Claro";"Dupla";"Reta";"Sim";5;0;2;0;2;1;2;3;-22,74151051;-43,45351823;"SPRF-RJ";"DEL01-RJ";"UOP02-DEL01-RJ"
508493;2023-03-04;"sábado";"18:00:00";"PR";376;638;"TIJUCAS DO SUL";"Reação tardia ou ineficiente do condutor";"Saída de leito carroçável";"Com Vítimas Feridas";"Anoitecer";"Crescente";"Chuva";"Dupla";"Reta";"Não";3;0;1;0;1;1;1;3;-25,77068728;-49,1226089;"SPRF-PR";"DEL01-PR";"UOP04-DEL01-PR"
508500;2023-03-04;"sábado";"19:00:00";"MT";163;1102;"GUARANTA DO NORTE";"Ausência de reação do condutor";"Colisão com objeto";"Com Vítimas Feridas";"Anoitecer";"Decrescente";"Chuva";"Simples";"Declive;Curva";"Não";2;0;0;1;0;1;1;2;-9,648972;-54,872551;"SPRF-MT";"DEL06-MT";"UOP03-DEL06-MT"
508507;2023-03-04;"sábado";"20:00:00";"BA";324;604;"SIMOES FILHO";"Ingestão de álcool pelo condutor";"Colisão lateral mesmo sentido";"Sem Vítimas";"Plena Noite";"Decrescente";"Céu Claro";"Dupla";"Reta";"Não";2;0;0;0;2;0;0;2;-12,77978866;-38,41589628;"SPRF-BA";"DEL01-BA";"UOP01-DEL01-BA"
508523;2023-03-04;"sábado";"17:00:00";"RS";116;121;"SAO MARCOS";"Conversão proibida";"Colisão transversal";"Com Vítimas Feridas";"Pleno dia";"Decrescente";"Chuva";"Simples";"Aclive;Curva";"Não";3;0;0;1;1;1;1;3;-29,00573128;-51,06932906;"SPRF-RS";"DEL05-RS";"UOP01-DEL05-RS"
508525;2023-03-04;"sábado";"20:00:00";"MT";364;199;"RONDONOPOLIS";"Manobra de mudança de faixa";"Colisão lateral mesmo sentido";"Sem Vítimas";"Plena Noite";"Crescente";"Céu Claro";"Dupla";"Reta";"Sim";4;0;0;0;3;1;0;3;-16,5011709;-54,63072394;"SPRF-MT";"DEL02-MT";"UOP01-DEL02-MT"
508530;2023-03-04;"sábado";"17:00:00";"PR";376;262;"CALIFORNIA";"Reação tardia ou ineficiente do condutor";"Tombamento";"Sem Vítimas";"Pleno dia";"Crescente";"Nublado";"Dupla";"Curva";"Não";2;0;0;0;1;1;0;2;-23,71590684;-51,31665496;"SPRF-PR";"DEL07-PR";"UOP03-DEL07-PR"
508533;2023-03-04;"sábado";"22:30:00";"SP";116;230,3;"SAO PAULO";"Entrada inopinada do pedestre";"Atropelamento de Pedestre";"Com Vítimas Feridas";"Plena Noite";"Crescente";"Nublado";"Dupla";"Reta";"Sim";3;0;1;0;1;1;1;3;-23,52251783;-46,5855702;"SPRF-SP";"DEL01-SP";"UOP01-DEL01-SP"
508543;2023-03-04;"sábado";"10:45:00";"PA";163;576;"TRAIRAO";"Reação tardia ou ineficiente do condutor";"Colisão lateral mesmo sentido";"Com Vítimas Feridas";"Pleno dia";"Decrescente";"Céu Claro";"Simples";"Aclive;Curva";"Não";4;0;1;0;2;9;1;12;-5,01058521;-56,18168993;"SPRF-PA";"DEL05-PA";"UOP02-DEL05-PA"
508544;2023-03-04;"sábado";"22:30:00";"GO";364;269;"MINEIROS";"Demais falhas na via";"Saída de leito carroçável";"Com Vítimas Feridas";"Plena Noite";"Crescente";"Céu Claro";"Simples";"Curva";"Não";2;0;1;0;0;1;1;2;-17,66921252;-52,24891663;"SPRF-GO";"DEL05-GO";"UOP01-DEL05-GO"
508563;2023-03-05;"domingo";"01:00:00";"PR";376;667;"GUARATUBA";"Problema com o freio";"Tombamento";"Com Vítimas Feridas";"Plena Noite";"Crescente";"Céu Claro";"Dupla";"Curva;Declive";"Não";1;0;1;0;0;0;1;1;-25,86649659;-48,94666822;"SPRF-PR";"DEL01-PR";"UOP04-DEL01-PR"
508564;2023-03-04;"sábado";"16:50:00";"PA";163;669;"ITAITUBA";"Reação tardia ou ineficiente do condutor";"Derramamento de carga";"Com Vítimas Feridas";"Plena Noite";"Crescente";"Céu Claro";"Simples";"Aclive;Curva";"Não";2;0;1;0;0;2;1;3;-4,390633;-55,789142;"SPRF-PA";"DEL05-PA";"UOP02-DEL05-PA"
508573;2023-03-05;"domingo";"01:30:00";"SP";116;288;"ITAPECERICA DA SERRA";"Acumulo de água sobre o pavimento";"Colisão frontal";"Com Vítimas Feridas";"Plena Noite";"Crescente";"Chuva";"Dupla";"Reta";"Não";3;0;1;0;1;1;1;3;-23,719254;-46,883144;"SPRF-SP";"DEL04-SP";"UOP01-DEL04-SP"
508577;2023-03-05;"domingo";"02:20:00";"BA";242;780,3;"BARREIRAS";"Transitar na contramão";"Colisão frontal";"Com Vítimas Fatais";"Plena Noite";"Decrescente";"Ignorado";"Simples";"Reta;Declive";"Não";3;1;0;0;0;3;0;4;-12,14633129;-44,70899115;"SPRF-BA";"DEL10-BA";"UOP01-DEL10-BA"
508582;2023-03-04;"sábado";"22:00:00";"PA";230;20;"BREJO GRANDE DO ARAGUAIA";"Ausência de reação do condutor";"Colisão traseira";"Com Vítimas Feridas";"Plena Noite";"Decrescente";"Nublado";"Simples";"Reta";"Não";5;0;1;0;4;0;1;2;-5,696301;-48,34225;"SPRF-PA";"DEL03-PA";"UOP01-DEL03-PA"
508595;2023-02-08;"quarta-feira";"17:30:00";"MT";70;288,9;"PRIMAVERA DO LESTE";"Acessar a via sem observar a presença dos outros veículos";"Colisão transversal";"Com Vítimas Feridas";"Pleno dia";"Crescente";"Nublado";"Simples";"Interseção de Vias;Retorno Regulamentado;Declive;Reta";"Não";4;0;0;1;1;3;1;5;-15,57872649;-54,39331055;"SPRF-MT";"DEL05-MT";"UOP01-DEL05-MT"
508599;2023-03-05;"domingo";"02:35:00";"PR";116;156;"MANDIRITUBA";"Transitar na contramão";"Colisão frontal";"Com Vítimas Fatais";"Plena Noite";"Decrescente";"Nublado";"Simples";"Aclive";"Não";2;1;0;0;1;0;0;2;-25,8597564;-49,3606332;"SPRF-PR";"DEL01-PR";"UOP03-DEL01-PR"
508609;2023-03-05;"domingo";"05:30:00";"GO";153;593;"MORRINHOS";"Condutor Dormindo";"Saída de leito carroçável";"Com Vítimas Feridas";"Amanhecer";"Crescente";"Céu Claro";"Dupla";"Curva";"Não";2;0;1;0;0;1;1;2;-17,4915;-49,2125;"SPRF-GO";"DEL03-GO";"UOP01-DEL03-GO"
508618;2023-03-05;"domingo";"07:15:00";"MG";381;652;"SANTO ANTONIO DO AMPARO";"Velocidade Incompatível";"Colisão com objeto";"Com Vítimas Feridas";"Pleno dia";"Decrescente";"Ignorado";"Dupla";"Declive;Curva";"Não";2;0;1;0;0;1;1;2;-20,98384831;-44,94479972;"SPRF-MG";"DEL04-MG";"UOP02-DEL04-MG"
508620;2023-03-05;"domingo";"08:25:00";"PB";101;27,5;"MAMANGUAPE";"Condutor Dormindo";"Colisão traseira";"Com Vítimas Feridas";"Pleno dia";"Crescente";"Céu Claro";"Dupla";"Reta";"Não";4;0;2;0;1;1;2;3;-6,72589095;-35,12052811;"SPRF-PB";"DEL01-PB";"UOP04-DEL01-PB"
508624;2023-03-05;"domingo";"05:45:00";"PE";316;314;"FLORESTA";"Manobra de mudança de faixa";"Colisão lateral sentido oposto";"Com Vítimas Feridas";"Pleno dia";"Decrescente";"Céu Claro";"Simples";"Reta";"Não";3;0;1;0;2;0;1;2;-8,701356;-38,520309;"SPRF-PE";"DEL04-PE";"UOP03-DEL04-PE"
508625;2023-03-04;"sábado";"22:45:00";"MS";262;140;"AGUA CLARA";"Transitar na contramão";"Colisão frontal";"Com Vítimas Feridas";"Plena Noite";"Crescente";"Céu Claro";"Simples";"Reta";"Não";4;0;1;0;2;3;1;5;-20,446006;-52,851537;"SPRF-MS";"DEL07-MS";"UOP02-DEL07-MS"
508627;2023-03-05;"domingo";"09:40:00";"MG";381;323;"NOVA ERA";"Velocidade Incompatível";"Tombamento";"Com Vítimas Feridas";"Pleno dia";"Crescente";"Céu Claro";"Simples";"Curva";"Não";15;0;1;13;0;2;14;5;-19,74246209;-43,0198699;"SPRF-MG";"DEL03-MG";"UOP02-DEL03-MG"
508630;2023-03-05;"domingo";"10:15:00";"RJ";393;178;"PARAIBA DO SUL";"Condutor deixou de manter distância do veículo da frente";"Colisão traseira";"Sem Vítimas";"Pleno dia";"Decrescente";"Céu Claro";"Simples";"Reta";"Sim";2;0;0;0;2;0;0;2;-22,12634272;-43,22811953;"SPRF-RJ";"DEL05-RJ";"UOP03-DEL05-RJ"
508635;2023-03-04;"sábado";"02:45:00";"GO";40;12;"LUZIANIA";"Velocidade Incompatível";"Colisão transversal";"Com Vítimas Feridas";"Plena Noite";"Decrescente";"Nublado";"Dupla";"Curva";"Sim";2;0;0;1;1;0;1;2;-16,145123;-47,945382;"SPRF-DF";"DEL01-DF";"UOP01-DEL01-DF"
508636;2023-03-05;"domingo";"09:00:00";"PB";104;185,6;"ALCANTIL";"Velocidade Incompatível";"Tombamento";"Com Vítimas Fatais";"Pleno dia";"Decrescente";"Céu Claro";"Simples";"Declive;Curva";"Não";4;1;0;1;0;2;1;3;-7,68863293;-36,06166381;"SPRF-PB";"DEL02-PB";"UOP03-DEL02-PB"
508637;2023-03-05;"domingo";"10:25:00";"CE";222;297;"TIANGUA";"Ultrapassagem Indevida";"Tombamento";"Com Vítimas Feridas";"Pleno dia";"Crescente";"Nublado";"Simples";"Reta";"Não";3;0;0;1;0;2;1;3;-3,65826065;-40,92482891;"SPRF-CE";"DEL04-CE";"UOP02-DEL04-CE"
508642;2023-03-05;"domingo";"10:00:00";"SP";116;336;"JUQUITIBA";"Velocidade Incompatível";"Tombamento";"Com Vítimas Feridas";"Pleno dia";"Crescente";"Céu Claro";"Dupla";"Curva";"Não";3;0;1;0;2;0;1;1;-23,975182;-47,140694;"SPRF-SP";"DEL04-SP";"UOP03-DEL04-SP"
508653;2023-03-05;"domingo";"11:30:00";"SP";116;284,9;"ITAPECERICA DA SERRA";"Ausência de reação do condutor";"Colisão lateral mesmo sentido";"Com Vítimas Feridas";"Pleno dia";"Decrescente";"Céu Claro";"Dupla";"Reta";"Sim";4;0;2;0;1;1;2;3;-23,70407794;-46,87249709;"SPRF-SP";"DEL04-SP";"UOP01-DEL04-SP"
508656;2023-03-05;"domingo";"13:00:00";"SC";101;211,5;"PALHOCA";"Condutor deixou de manter distância do veículo da frente";"Engavetamento";"Com Vítimas Feridas";"Pleno dia";"Crescente";"Chuva";"Múltipla";"Reta";"Sim";5;0;0;2;2;1;2;4;-27,62329313;-48,65245588;"SPRF-SC";"DEL01-SC";"UOP02-DEL01-SC"
508663;2023-03-05;"domingo";"11:40:00";"PR";373;231,7;"IMBITUVA";"Acessar a via sem observar a presença dos outros veículos";"Saída de leito carroçável";"Sem Vítimas";"Pleno dia";"Crescente";"Chuva";"Simples";"Reta";"Não";3;0;0;0;2;5;0;7;-25,18288258;-50,67781009;"SPRF-PR";"DEL03-PR";"UOP01-DEL03-PR"
508669;2023-03-05;"domingo";"12:30:00";"AL";101;58;"MESSIAS";"Velocidade Incompatível";"Saída de leito carroçável";"Com Vítimas Feridas";"Pleno dia";"Crescente";"Céu Claro";"Dupla";"Curva";"Não";2;0;1;0;0;1;1;2;-9,27933304;-35,79839595;"SPRF-AL";"DEL01-AL";"UOP02-DEL01-AL"
508682;2023-01-16;"segunda-feira";"19:00:00";"MT";163;591;"NOVA MUTUM";"Chuva";"Tombamento";"Com Vítimas Feridas";"Plena Noite";"Decrescente";"Chuva";"Simples";"Reta";"Não";2;0;0;1;0;2;1;3;-13,98765008;-56,09892131;"SPRF-MT";"DEL01-MT";"UOP01-DEL01-MT"
508686;2023-03-05;"domingo";"14:30:00";"PI";316;82;"LAGOINHA DO PIAUI";"Acessar a via sem observar a presença dos outros veículos";"Colisão transversal";"Com Vítimas Feridas";"Pleno dia";"Crescente";"Céu Claro";"Simples";"Interseção de Vias";"Sim";4;0;1;0;2;1;1;3;-5,75884416;-42,61624018;"SPRF-PI";"DEL01-PI";"UOP02-DEL01-PI"
508688;2023-03-05;"domingo";"14:10:00";"PI";343;340,2;"TERESINA";"Velocidade Incompatível";"Colisão com objeto";"Sem Vítimas";"Pleno dia";"Decrescente";"Céu Claro";"Dupla";"Retorno Regulamentado";"Sim";2;0;0;0;0;2;0;2;-5,074597;-42,736858;"SPRF-PI";"DEL01-PI";"UOP01-DEL01-PI"
508690;2023-03-05;"domingo";"16:15:00";"BA";324;526,2;"FEIRA DE SANTANA";"Ausência de reação do condutor";"Colisão traseira";"Com Vítimas Feridas";"Pleno dia";"Decrescente";"Céu Claro";"Dupla";"Reta";"Sim";3;0;0;1;1;1;1;3;-12,317413;-38,876039;"SPRF-BA";"DEL01-BA";"UOP03-DEL01-BA"
508691;2023-03-05;"domingo";"16:00:00";"SC";280;122;"SAO BENTO DO SUL";"Acessar a via sem observar a presença dos outros veículos";"Colisão transversal";"Sem Vítimas";"Pleno dia";"Crescente";"Céu Claro";"Simples";"Rotatória";"Não";3;0;0;0;2;1;0;3;-26,24855895;-49,45712883;"SPRF-SC";"DEL06-SC";"UOP03-DEL06-SC"
508693;2023-03-05;"domingo";"15:20:00";"MT";364;198;"RONDONOPOLIS";"Velocidade Incompatível";"Engavetamento";"Com Vítimas Feridas";"Pleno dia";"Decrescente";"Céu Claro";"Simples";"Reta";"Sim";4;0;1;0;2;6;1;9;-16,50621198;-54,62294799;"SPRF-MT";"DEL02-MT";"UOP01-DEL02-MT"
508699;2023-03-05;"domingo";"17:00:00";"PR";376;635;"TIJUCAS DO SUL";"Ingestão de álcool pelo condutor";"Colisão lateral mesmo sentido";"Sem Vítimas";"Pleno dia";"Decrescente";"Céu Claro";"Múltipla";"Curva";"Não";4;0;0;0;3;1;0;3;-25,73890105;-49,13059434;"SPRF-PR";"DEL01-PR";"UOP04-DEL01-PR"
508702;2023-03-05;"domingo";"16:15:00";"MA";10;263;"IMPERATRIZ";"Ingestão de álcool pelo condutor";"Colisão transversal";"Sem Vítimas";"Pleno dia";"Decrescente";"Céu Claro";"Simples";"Reta";"Sim";3;0;0;0;2;1;0;3;-5,436281;-47,472649;"SPRF-MA";"DEL04-MA";"UOP01-DEL04-MA"
508709;2023-03-05;"domingo";"17:15:00";"BA";116;829,5;"VITORIA DA CONQUISTA";"Acesso irregular";"Colisão transversal";"Com Vítimas Feridas";"Pleno dia";"Decrescente";"Céu Claro";"Simples";"Aclive";"Sim";2;0;0;1;1;0;1;2;-14,905397;-40,871377;"SPRF-BA";"DEL08-BA";"UOP01-DEL08-BA"
508737;2023-03-05;"domingo";"19:50:00";"BA";242;864;"BARREIRAS";"Transitar na contramão";"Colisão frontal";"Com Vítimas Fatais";"Plena Noite";"Crescente";"Céu Claro";"Simples";"Reta";"Não";6;4;0;0;1;2;0;4;-12,09044874;-45,41546196;"SPRF-BA";"DEL10-BA";"UOP01-DEL10-BA"
508740;2023-03-05;"domingo";"12:35:00";"MT";174;92;"CACERES";"Transitar na contramão";"Colisão frontal";"Com Vítimas Fatais";"Pleno dia";"Decrescente";"Céu Claro";"Simples";"Reta";"Não";55;7;4;2;42;0;6;3;-15,89161317;-57,81897427;"SPRF-MT";"DEL03-MT";"UOP01-DEL03-MT"
508746;2023-03-05;"domingo";"08:30:00";"MG";116;127;"ITAOBIM";"Condutor Dormindo";"Saída de leito carroçável";"Com Vítimas Feridas";"Pleno dia";"Decrescente";"Céu Claro";"Simples";"Reta;Aclive";"Não";2;0;1;0;0;1;1;2;-16,66258498;-41,5023964;"SPRF-MG";"DEL11-MG";"UOP02-DEL11-MG"
508760;2023-03-05;"domingo";"20:05:00";"MG";365;772;"ITUIUTABA";"Demais falhas mecânicas ou elétricas";"Incêndio";"Sem Vítimas";"Plena Noite";"Decrescente";"Céu Claro";"Simples";"Reta";"Não";2;0;0;0;1;3;0;4;-18,96055975;-49,63534299;"SPRF-MG";"DEL15-MG";"UOP03-DEL15-MG"
508761;2023-03-05;"domingo";"13:30:00";"BA";330;805,3;"JEQUIE";"Problema com o freio";"Colisão transversal";"Com Vítimas Fatais";"Pleno dia";"Crescente";"Céu Claro";"Simples";"Declive;Curva";"Não";4;1;2;1;0;0;3;2;-13,97873088;-39,94814985;"SPRF-BA";"DEL03-BA";"UOP01-DEL03-BA"
508770;2023-03-05;"domingo";"08:30:00";"PR";116;33;"CAMPINA GRANDE DO SUL";"Velocidade Incompatível";"Tombamento";"Com Vítimas Feridas";"Pleno dia";"Decrescente";"Céu Claro";"Simples";"Curva";"Não";2;0;1;0;0;1;1;2;-25,1093;-48,842623;"SPRF-PR";"DEL01-PR";"UOP02-DEL01-PR"
508781;2023-03-05;"domingo";"16:30:00";"PA";163;652;"ITAITUBA";"Reação tardia ou ineficiente do condutor";"Saída de leito carroçável";"Com Vítimas Feridas";"Pleno dia";"Crescente";"Céu Claro";"Simples";"Curva";"Não";2;0;1;0;0;2;1;3;-4,51394208;-55,86544792;"SPRF-PA";"DEL05-PA";"UOP02-DEL05-PA"
508785;2023-03-06;"segunda-feira";"00:01:00";"MA";316;401;"ALTO ALEGRE DO MARANHAO";"Transitar na contramão";"Colisão transversal";"Com Vítimas Feridas";"Plena Noite";"Decrescente";"Garoa/Chuvisco";"Simples";"Reta";"Sim";2;0;0;1;1;0;1;2;-4,206411;-44,453041;"SPRF-MA";"DEL03-MA";"UOP01-DEL03-MA"
508789;2023-03-06;"segunda-feira";"02:10:00";"MG";262;547,9;"LUZ";"Velocidade Incompatível";"Tombamento";"Com Vítimas Feridas";"Plena Noite";"Crescente";"Nublado";"Simples";"Curva;Declive";"Não";2;0;1;0;0;1;1;2;-19,7207024;-45,8771655;"SPRF-MG";"DEL08-MG";"UOP02-DEL08-MG"
508796;2023-03-06;"segunda-feira";"06:25:00";"SP";116;212;"GUARULHOS";"Ausência de reação do condutor";"Engavetamento";"Com Vítimas Feridas";"Amanhecer";"Crescente";"Céu Claro";"Dupla";"Reta";"Não";3;0;1;0;2;0;1;3;-23,43608315;-46,42805094;"SPRF-SP";"DEL01-SP";"UOP01-DEL01-SP"
508799;2023-03-06;"segunda-feira";"06:20:00";"BA";324;521;"FEIRA DE SANTANA";"Avarias e/ou desgaste excessivo no pneu";"Colisão lateral mesmo sentido";"Com Vítimas Feridas";"Pleno dia";"Decrescente";"Sol";"Dupla";"Declive;Reta";"Não";14;0;9;0;4;1;9;5;-12,27918591;-38,92645693;"SPRF-BA";"DEL01-BA";"UOP03-DEL01-BA"
508825;2023-03-06;"segunda-feira";"08:30:00";"MT";163;854;"SINOP";"Acessar a via sem observar a presença dos outros veículos";"Colisão transversal";"Com Vítimas Feridas";"Pleno dia";"Crescente";"Céu Claro";"Simples";"Declive;Rotatória";"Sim";3;0;1;0;1;1;1;3;-11,69337;-55,45164;"SPRF-MT";"DEL06-MT";"UOP02-DEL06-MT"
508830;2023-03-06;"segunda-feira";"08:30:00";"MS";163;717;"RIO VERDE DE MATO GROSSO";"Demais falhas mecânicas ou elétricas";"Incêndio";"Sem Vítimas";"Pleno dia";"Decrescente";"Céu Claro";"Simples";"Reta;Declive";"Não";2;0;0;0;1;2;0;3;-18,61968801;-54,77287631;"SPRF-MS";"DEL06-MS";"UOP01-DEL06-MS"