"id";"data_inversa";"dia_semana";"horario";"uf";"br";"km";"municipio";"causa_acidente";"tipo_acidente";"classificacao_acidente";"fase_dia";"sentido_via";"condicao_metereologica";"tipo_pista";"tracado_via";"uso_solo";"pessoas";"mortos";"feridos_leves";"feridos_graves";"ilesos";"ignorados";"feridos";"veiculos";"latitude";"longitude";"regional";"delegacia";"uop"
509633;2023-03-10;"sexta-feira";"08:15:00";"SC";470;260;"CURITIBANOS";"Reação tardia ou ineficiente do condutor";"Saída de leito carroçável";"Com Vítimas Feridas";"Pleno dia";"Crescente";"Nublado";"Simples";"Reta;Aclive";"Não";2;0;1;0;0;1;1;2;-27,301584;-50,671352;"SPRF-SC";"DEL05-SC";"UOP03-DEL05-SC"
509635;2023-03-10;"sexta-feira";"10:50:00";"CE";116;545,9;"PENAFORTE";"Acessar a via sem observar a presença dos outros veículos";"Colisão traseira";"Com Vítimas Fatais";"Pleno dia";"Crescente";"Nublado";"Simples";"Reta";"Não";3;1;0;0;1;1;0;3;-7,80364088;-39,08132826;"SPRF-CE";"DEL05-CE";"UOP03-DEL05-CE"
509638;2023-03-10;"sexta-feira";"11:35:00";"GO";153;496,3;"GOIANIA";"Ausência de sinalização";"Colisão traseira";"Com Vítimas Feridas";"Pleno dia";"Crescente";"Nublado";"Dupla";"Aclive";"Sim";3;0;0;1;1;1;1;3;-16,6776;-49,2314;"SPRF-GO";"DEL01-GO";"UOP01-DEL01-GO"
509639;2023-03-10;"sexta-feira";"13:15:00";"BA";101;122;"TEODORO SAMPAIO";"Velocidade Incompatível";"Capotamento";"Com Vítimas Feridas";"Pleno dia";"Crescente";"Céu Claro";"Simples";"Curva";"Não";1;0;1;0;0;0;1;1;-12,17564101;-38,57512499;"SPRF-BA";"DEL01-BA";"UOP04-DEL01-BA"
509645;2023-03-10;"sexta-feira";"13:50:00";"SP";116;67,7;"APARECIDA";"Ausência de sinalização";"Colisão traseira";"Com Vítimas Feridas";"Pleno dia";"Crescente";"Nublado";"Dupla";"Curva";"Não";5;0;1;0;3;1;1;4;-22,82867578;-45,2088941;"SPRF-SP";"DEL08-SP";"UOP01-DEL08-SP"
509649;2023-03-10;"sexta-feira";"13:55:00";"MG";116;124,1;"ITAOBIM";"Curva acentuada";"Tombamento";"Com Vítimas Feridas";"Pleno dia";"Decrescente";"Nublado";"Simples";"Curva;Ponte";"Não";2;0;0;1;0;1;1;2;-16,63600491;-41,50254588;"SPRF-MG";"DEL11-MG";"UOP02-DEL11-MG"
509656;2023-03-10;"sexta-feira";"15:30:00";"RS";470;213;"BENTO GONCALVES";"Desrespeitar a preferência no cruzamento";"Colisão transversal";"Com Vítimas Feridas";"Pleno dia";"Decrescente";"Céu Claro";"Simples";"Reta;Interseção de Vias";"Sim";2;0;1;0;1;0;1;2;-29,138703;-51,542708;"SPRF-RS";"DEL06-RS";"UOP01-DEL06-RS"
509657;2023-03-10;"sexta-feira";"15:15:00";"MG";381;492;"BETIM";"Obstrução na via";"Engavetamento";"Com Vítimas Feridas";"Pleno dia";"Crescente";"Sol";"Múltipla";"Reta";"Sim";7;0;1;0;6;0;1;6;-19,96219603;-44,16357994;"SPRF-MG";"DEL01-MG";"UOP03-DEL01-MG"
509660;2023-03-10;"sexta-feira";"16:30:00";"SC";101;148;"ITAPEMA";"Condutor deixou de manter distância do veículo da frente";"Colisão traseira";"Com Vítimas Feridas";"Pleno dia";"Crescente";"Nublado";"Múltipla";"Reta";"Sim";6;0;1;0;4;2;1;7;-27,10123686;-48,61807962;"SPRF-SC";"DEL04-SC";"UOP03-DEL04-SC"
509662;2023-03-10;"sexta-feira";"10:00:00";"MT";163;1029;"PEIXOTO DE AZEVEDO";"Desrespeitar a preferência no cruzamento";"Colisão transversal";"Sem Vítimas";"Pleno dia";"Crescente";"Nublado";"Simples";"Interseção de Vias;Reta";"Sim";3;0;0;0;2;1;0;3;-10,2448993;-54,9891059;"SPRF-MT";"DEL06-MT";"UOP03-DEL06-MT"
509666;2023-03-09;"quinta-feira";"23:30:00";"MT";163;1080;"GUARANTA DO NORTE";"Demais falhas mecânicas ou elétricas";"Tombamento";"Com Vítimas Feridas";"Plena Noite";"Crescente";"Nublado";"Simples";"Curva";"Não";3;0;1;0;1;2;1;3;-9,820794;-54,882651;"SPRF-MT";"DEL06-MT";"UOP03-DEL06-MT"
509667;2023-03-10;"sexta-feira";"09:00:00";"MG";251;275,8;"SALINAS";"Ausência de reação do condutor";"Tombamento";"Com Vítimas Feridas";"Pleno dia";"Decrescente";"Sol";"Simples";"Aclive;Curva";"Não";2;0;1;0;1;0;1;1;-15,98908958;-42,04405915;"SPRF-MG";"DEL12-MG";"UOP01-DEL12-MG"
509668;2023-03-10;"sexta-feira";"11:00:00";"SC";101;117,2;"ITAJAI";"Acessar a via sem observar a presença dos outros veículos";"Colisão transversal";"Com Vítimas Fatais";"Pleno dia";"Crescente";"Céu Claro";"Múltipla";"Reta;Interseção de Vias";"Sim";3;1;0;0;1;1;0;3;-26,88995202;-48,7218976;"SPRF-SC";"DEL04-SC";"UOP04-DEL04-SC"
509670;2023-03-10;"sexta-feira";"17:10:00";"CE";116;4;"FORTALEZA";"Manobra de mudança de faixa";"Colisão lateral mesmo sentido";"Com Vítimas Feridas";"Pleno dia";"Crescente";"Céu Claro";"Múltipla";"Reta";"Sim";2;0;1;0;0;1;1;2;-3,7867209;-38,5114568;"SPRF-CE";"DEL01-CE";"UOP02-DEL01-CE"
509673;2023-03-10;"sexta-feira";"12:40:00";"MA";135;82,7;"ITAPECURU MIRIM";"Manobra de mudança de faixa";"Colisão frontal";"Com Vítimas Fatais";"Pleno dia";"Decrescente";"Céu Claro";"Simples";"Reta";"Não";4;1;0;1;1;2;1;4;-3,23619446;-44,37073844;"SPRF-MA";"DEL01-MA";"UOP02-DEL01-MA"
509677;2023-03-10;"sexta-feira";"15:45:00";"PR";369;470;"CORBELIA";"Acessar a via sem observar a presença dos outros veículos";"Colisão transversal";"Com Vítimas Feridas";"Pleno dia";"Crescente";"Nublado";"Simples";"Reta;Aclive";"Não";4;0;1;0;2;1;1;3;-24,58170488;-53,17327023;"SPRF-PR";"DEL04-PR";"UOP03-DEL04-PR"
509678;2023-03-10;"sexta-feira";"17:15:00";"PR";369;151;"LONDRINA";"Manobra de mudança de faixa";"Tombamento";"Com Vítimas Feridas";"Pleno dia";"Crescente";"Nevoeiro/Neblina";"Dupla";"Viaduto";"Sim";2;0;1;0;1;0;1;2;-23,2926748;-51,17318451;"SPRF-PR";"DEL07-PR";"UOP01-DEL07-PR"
509685;2023-02-18;"sábado";"18:40:00";"MG";153;120;"PRATA";"Mal súbito do condutor";"Tombamento";"Com Vítimas Feridas";"Plena Noite";"Crescente";"Nublado";"Dupla";"Curva;Aclive";"Não";2;0;0;1;0;1;1;2;-19,40288904;-48,89560041;"SPRF-MG";"DEL15-MG";"UOP03-DEL15-MG"
509689;2023-03-10;"sexta-feira";"16:26:00";"BA";110;220;"NOVA SOURE";"Transitar na contramão";"Colisão frontal";"Com Vítimas Feridas";"Pleno dia";"Crescente";"Céu Claro";"Simples";"Reta";"Não";3;0;0;1;2;0;1;2;-11,268002;-38,448806;"SPRF-BA";"DEL07-BA";"UOP02-DEL07-BA"
509690;2023-03-10;"sexta-feira";"03:00:00";"SC";153;1;"AGUA DOCE";"Reação tardia ou ineficiente do condutor";"Saída de leito carroçável";"Sem Vítimas";"Plena Noite";"Crescente";"Céu Claro";"Simples";"Curva";"Não";2;0;0;0;1;1;0;2;-26,612688;-51,494854;"SPRF-SC";"DEL07-SC";"UOP07-DEL07-SC"
509693;2023-03-10;"sexta-feira";"09:19:00";"MT";163;596;"NOVA MUTUM";"Mal súbito do condutor";"Saída de leito carroçável";"Com Vítimas Feridas";"Pleno dia";"Decrescente";"Nublado";"Dupla";"Curva";"Sim";2;0;1;0;0;2;1;3;-13,94323505;-56,09610157;"SPRF-MT";"DEL01-MT";"UOP01-DEL01-MT"
509695;2023-03-10;"sexta-feira";"16:00:00";"PI";407;471;"JAICOS";"Reação tardia ou ineficiente do condutor";"Tombamento";"Com Vítimas Feridas";"Pleno dia";"Decrescente";"Céu Claro";"Simples";"Reta;Declive";"Não";3;0;2;0;1;0;2;1;-7,37924175;-41,15580328;"SPRF-PI";"DEL04-PI";"UOP01-DEL04-PI"
509697;2023-03-10;"sexta-feira";"16:50:00";"SC";282;509;"XANXERE";"Velocidade Incompatível";"Colisão com objeto";"Sem Vítimas";"Pleno dia";"Decrescente";"Céu Claro";"Simples";"Reta";"Não";2;0;0;0;2;0;0;2;-26,890533;-52,457096;"SPRF-SC";"DEL07-SC";"UOP01-DEL07-SC"
509699;2023-03-10;"sexta-feira";"19:18:00";"RN";304;305,3;"PARNAMIRIM";"Demais falhas mecânicas ou elétricas";"Colisão com objeto";"Com Vítimas Feridas";"Plena Noite";"Crescente";"Céu Claro";"Dupla";"Declive";"Não";1;0;1;0;0;0;1;1;-5,8876927;-35,273775;"SPRF-RN";"DEL01-RN";"UOP02-DEL01-RN"
509710;2023-03-10;"sexta-feira";"15:40:00";"MA";135;113;"ITAPECURU MIRIM";"Ausência de reação do condutor";"Tombamento";"Com Vítimas Feridas";"Pleno dia";"Decrescente";"Nublado";"Simples";"Reta";"Não";2;0;1;0;0;3;1;4;-3,46081702;-44,52958795;"SPRF-MA";"DEL01-MA";"UOP02-DEL01-MA"
509714;2023-03-10;"sexta-feira";"16:45:00";"RS";392;2,8;"RIO GRANDE";"Ausência de reação do condutor";"Colisão traseira";"Com Vítimas Feridas";"Pleno dia";"Crescente";"Céu Claro";"Simples";"Em Obras;Reta";"Sim";2;0;1;0;0;1;1;2;-32,05362099;-52,08645803;"SPRF-RS";"DEL07-RS";"UOP02-DEL07-RS"
509716;2023-03-10;"sexta-feira";"20:20:00";"MS";163;500,9;"CAMPO GRANDE";"Ultrapassagem Indevida";"Colisão frontal";"Com Vítimas Fatais";"Plena Noite";"Crescente";"Nublado";"Simples";"Declive";"Não";7;4;0;2;0;1;2;3;-20,32607304;-54,51856683;"SPRF-MS";"DEL01-MS";"UOP02-DEL01-MS"
509723;2023-03-10;"sexta-feira";"21:40:00";"PR";376;676;"GUARATUBA";"Problema com o freio";"Incêndio";"Sem Vítimas";"Plena Noite";"Crescente";"Nublado";"Simples";"Reta";"Não";2;0;0;0;1;1;0;2;-25,9253011;-48,91465313;"SPRF-PR";"DEL01-PR";"UOP04-DEL01-PR"
509727;2023-03-10;"sexta-feira";"22:00:00";"GO";50;123,8;"IPAMERI";"Condutor Dormindo";"Saída de leito carroçável";"Sem Vítimas";"Plena Noite";"Crescente";"Chuva";"Dupla";"Reta";"Não";2;0;0;0;0;3;0;3;-16,9488;-47,7319;"SPRF-GO";"DEL06-GO";"UOP01-DEL06-GO"
509732;2023-03-10;"sexta-feira";"20:40:00";"PR";163;294;"MARECHAL CANDIDO RONDON";"Ingestão de álcool pelo condutor";"Colisão traseira";"Sem Vítimas";"Plena Noite";"Decrescente";"Céu Claro";"Simples";"Aclive;Reta";"Não";4;0;0;0;2;3;0;5;-24,49511234;-54,12490368;"SPRF-PR";"DEL06-PR";"UOP02-DEL06-PR"
509737;2023-03-10;"sexta-feira";"22:30:00";"MG";262;65,5;"MATIPO";"Ultrapassagem Indevida";"Colisão lateral sentido oposto";"Com Vítimas Feridas";"Plena Noite";"Decrescente";"Céu Claro";"Simples";"Reta";"Não";2;0;1;0;0;1;1;2;-20,29814971;-42,25292916;"SPRF-MG";"DEL06-MG";"UOP03-DEL06-MG"
509739;2023-03-10;"sexta-feira";"22:30:00";"AL";316;80;"SANTANA DO IPANEMA";"Condutor Dormindo";"Colisão frontal";"Com Vítimas Feridas";"Plena Noite";"Crescente";"Céu Claro";"Simples";"Reta";"Não";4;0;0;3;0;1;3;3;-9,34593712;-37,2781092;"SPRF-AL";"DEL03-AL";"UOP02-DEL03-AL"
509742;2023-03-10;"sexta-feira";"23:00:00";"PR";277;471;"NOVA LARANJEIRAS";"Ingestão de álcool pelo condutor";"Colisão transversal";"Sem Vítimas";"Plena Noite";"Decrescente";"Céu Claro";"Simples";"Rotatória;Reta";"Sim";3;0;0;0;1;2;0;3;-25,32473426;-52,51501412;"SPRF-PR";"DEL04-PR";"UOP02-DEL04-PR"
509746;2023-03-11;"sábado";"01:28:00";"SP";116;523;"BARRA DO TURVO";"Chuva";"Saída de leito carroçável";"Com Vítimas Feridas";"Plena Noite";"Crescente";"Chuva";"Dupla";"Reta";"Não";2;0;1;0;0;1;1;2;-24,91273105;-48,25307091;"SPRF-SP";"DEL05-SP";"UOP02-DEL05-SP"
509747;2023-03-11;"sábado";"01:16:00";"MT";364;392;"CUIABA";"Reação tardia ou ineficiente do condutor";"Saída de leito carroçável";"Com Vítimas Feridas";"Plena Noite";"Crescente";"Chuva";"Dupla";"Reta";"Não";3;0;1;0;1;2;1;3;-15,688809;-55,90779;"SPRF-MT";"DEL01-MT";"UOP02-DEL01-MT"
509752;2023-03-11;"sábado";"01:40:00";"SC";101;96,1;"BARRA VELHA";"Reação tardia ou ineficiente do condutor";"Colisão traseira";"Com Vítimas Feridas";"Plena Noite";"Crescente";"Nublado";"Dupla";"Reta";"Não";3;0;1;0;1;1;1;3;-26,718427;-48,70233;"SPRF-SC";"DEL03-SC";"UOP02-DEL03-SC"
509753;2023-03-11;"sábado";"03:00:00";"SC";470;59,3;"BLUMENAU";"Velocidade Incompatível";"Saída de leito carroçável";"Sem Vítimas";"Plena Noite";"Decrescente";"Nublado";"Simples";"Curva;Declive";"Não";2;0;0;0;1;2;0;3;-26,88237186;-49,15999982;"SPRF-SC";"DEL04-SC";"UOP01-DEL04-SC"
509764;2023-03-11;"sábado";"02:30:00";"BA";116;702;"MANOEL VITORINO";"Ausência de reação do condutor";"Derramamento de carga";"Sem Vítimas";"Plena Noite";"Decrescente";"Céu Claro";"Simples";"Curva";"Não";2;0;0;0;1;1;0;2;-14,044168;-40,204033;"SPRF-BA";"DEL03-BA";"UOP01-DEL03-BA"
509766;2023-03-11;"sábado";"04:10:00";"PR";376;157,6;"MANDAGUACU";"Acessar a via sem observar a presença dos outros veículos";"Colisão lateral mesmo sentido";"Com Vítimas Feridas";"Plena Noite";"Crescente";"Céu Claro";"Dupla";"Reta;Interseção de Vias";"Não";4;0;1;0;2;3;1;6;-23,35251601;-52,09127007;"SPRF-PR";"DEL09-PR";"UOP01-DEL09-PR"
509774;2023-03-11;"sábado";"05:25:00";"RS";116;426,6;"CRISTAL";"Transitar na contramão";"Colisão lateral sentido oposto";"Com Vítimas Feridas";"Plena Noite";"Crescente";"Nevoeiro/Neblina";"Simples";"Reta";"Não";13;0;4;1;7;1;5;3;-30,98614155;-52,02972422;"SPRF-RS";"DEL02-RS";"UOP02-DEL02-RS"
509781;2023-01-10;"terça-feira";"04:30:00";"RS";290;127;"ELDORADO DO SUL";"Ultrapassagem Indevida";"Colisão frontal";"Com Vítimas Feridas";"Amanhecer";"Decrescente";"Céu Claro";"Simples";"Reta";"Não";23;0;4;2;16;1;6;3;-30,056417;-51,479671;"SPRF-RS";"DEL02-RS";"UOP01-DEL02-RS"
509782;2023-03-10;"sexta-feira";"23:15:00";"MG";262;469;"BOM DESPACHO";"Chuva";"Saída de leito carroçável";"Com Vítimas Feridas";"Plena Noite";"Crescente";"Chuva";"Simples";"Declive;Reta";"Não";3;0;2;0;0;1;2;2;-19,79478;-45,150162;"SPRF-MG";"DEL08-MG";"UOP03-DEL08-MG"
509787;2023-03-10;"sexta-feira";"09:30:00";"BA";30;285;"CAETITE";"Velocidade Incompatível";"Tombamento";"Sem Vítimas";"Pleno dia";"Crescente";"Céu Claro";"Simples";"Curva";"Não";2;0;0;0;1;3;0;4;-14,15488583;-42,34817505;"SPRF-BA";"DEL08-BA";"UOP01-DEL08-BA"
509788;2023-03-11;"sábado";"02:20:00";"BA";116;912;"CANDIDO SALES";"Acessar a via sem observar a presença dos outros veículos";"Atropelamento de Pedestre";"Com Vítimas Feridas";"Plena Noite";"Decrescente";"Céu Claro";"Simples";"Reta";"Não";2;0;0;1;0;1;1;2;-15,45480006;-41,22945884;"SPRF-BA";"DEL08-BA";"UOP03-DEL08-BA"
509791;2023-03-11;"sábado";"07:15:00";"PR";376;338;"ORTIGUEIRA";"Velocidade Incompatível";"Tombamento";"Com Vítimas Feridas";"Amanhecer";"Decrescente";"Nublado";"Simples";"Curva";"Não";3;0;0;1;1;3;1;5;-24,13808;-51,004338;"SPRF-PR";"DEL07-PR";"UOP02-DEL07-PR"
509792;2023-03-11;"sábado";"00:18:00";"MG";381;525,5;"BRUMADINHO";"Problema com o freio";"Capotamento";"Com Vítimas Feridas";"Plena Noite";"Crescente";"Céu Claro";"Dupla";"Curva";"Não";1;0;1;0;0;0;1;1;-20,16710798;-44,33422398;"SPRF-MG";"DEL04-MG";"UOP03-DEL04-MG"
509806;2023-03-11;"sábado";"05:40:00";"SC";470;81,8;"RODEIO";"Velocidade Incompatível";"Tombamento";"Com Vítimas Feridas";"Pleno dia";"Decrescente";"Nublado";"Simples";"Curva;Declive";"Não";2;0;1;0;0;1;1;2;-26,950367;-49,325638;"SPRF-SC";"DEL04-SC";"UOP01-DEL04-SC"
509819;2023-03-10;"sexta-feira";"17:34:00";"MT";0;0;"VARZEA GRANDE";"Chuva";"Colisão lateral mesmo sentido";"Sem Vítimas";"Anoitecer";"Não Informado";"Chuva";"Dupla";"Rotatória";"Sim";4;0;0;0;3;2;0;4;-15,609941;-56,146143;"SPRF-MT";"DEL01-MT";"UOP02-DEL01-MT"
509836;2023-03-11;"sábado";"12:30:00";"PR";376;172,8;"MARINGA";"Reação tardia ou ineficiente do condutor";"Colisão lateral mesmo sentido";"Com Vítimas Feridas";"Pleno dia";"Decrescente";"Sol";"Dupla";"Interseção de Vias;Rotatória";"Sim";3;0;1;0;1;2;1;4;-23,41871484;-51,97157621;"SPRF-PR";"DEL09-PR";"UOP01-DEL09-PR"
509842;2023-03-11;"sábado";"11:00:00";"GO";153;517;"APARECIDA DE GOIANIA";"Avarias e/ou desgaste excessivo no pneu";"Tombamento";"Com Vítimas Feridas";"Pleno dia";"Crescente";"Nublado";"Dupla";"Declive;Reta";"Não";2;0;1;0;0;2;1;3;-16,8581;-49,2488;"SPRF-GO";"DEL01-GO";"UOP03-DEL01-GO"
509843;2023-03-11;"sábado";"13:25:00";"MG";381;327;"NOVA ERA";"Velocidade Incompatível";"Colisão frontal";"Com Vítimas Feridas";"Pleno dia";"Decrescente";"Céu Claro";"Simples";"Curva";"Não";3;0;0;1;1;1;1;3;-19,74486297;-43,02206933;"SPRF-MG";"DEL03-MG";"UOP02-DEL03-MG"
509844;2023-03-11;"sábado";"13:08:00";"DF";80;13;"BRASILIA";"Manobra de mudança de faixa";"Colisão traseira";"Com Vítimas Feridas";"Pleno dia";"Crescente";"Chuva";"Simples";"Reta";"Sim";3;0;2;0;1;0;2;2;-15,728034;-48,193768;"SPRF-DF";"DEL03-DF";"UOP02-DEL03-DF"
509845;2023-03-11;"sábado";"13:40:00";"RJ";116;75;"TERESOPOLIS";"Condutor Dormindo";"Colisão lateral sentido oposto";"Com Vítimas Feridas";"Pleno dia";"Crescente";"Céu Claro";"Simples";"Curva";"Sim";3;0;1;0;2;0;1;2;-22,3617791;-42,94152556;"SPRF-RJ";"DEL04-RJ";"UOP01-DEL04-RJ"
509846;2023-02-22;"quarta-feira";"10:50:00";"AM";230;612;"HUMAITA";"Acessar a via sem observar a presença dos outros veículos";"Colisão transversal";"Com Vítimas Feridas";"Pleno dia";"Decrescente";"Chuva";"Dupla";"Interseção de Vias;Reta";"Sim";5;0;0;2;3;0;2;2;-7,5133;-63,029344;"SPRF-AM";"DEL01-AM";"UOP05-DEL01-AM"
509847;2023-03-11;"sábado";"11:10:00";"MT";163;623,8;"NOVA MUTUM";"Ultrapassagem Indevida";"Tombamento";"Com Vítimas Feridas";"Pleno dia";"Crescente";"Céu Claro";"Simples";"Reta";"Não";7;0;1;0;3;11;1;12;-13,590692;-56,030722;"SPRF-MT";"DEL01-MT";"UOP01-DEL01-MT"
509851;2023-03-11;"sábado";"13:50:00";"BA";324;573;"SAO SEBASTIAO DO PASSE";"Condutor deixou de manter distância do veículo da frente";"Colisão traseira";"Com Vítimas Feridas";"Pleno dia";"Crescente";"Nublado";"Dupla";"Reta";"Não";5;0;3;0;1;2;3;4;-12,5622012;-38,55964515;"SPRF-BA";"DEL01-BA";"UOP01-DEL01-BA"
509855;2023-03-11;"sábado";"12:20:00";"MS";158;226;"SELVIRIA";"Ingestão de álcool pelo condutor";"Colisão com objeto";"Sem Vítimas";"Pleno dia";"Crescente";"Céu Claro";"Simples";"Declive;Reta";"Não";2;0;0;0;1;2;0;3;-20,554855;-51,596104;"SPRF-MS";"DEL07-MS";"UOP01-DEL07-MS"
509856;2023-03-11;"sábado";"14:40:00";"PR";277;666,2;"MEDIANEIRA";"Condutor deixou de manter distância do veículo da frente";"Colisão traseira";"Com Vítimas Feridas";"Pleno dia";"Crescente";"Céu Claro";"Dupla";"Aclive";"Não";3;0;1;0;1;1;1;3;-25,26086511;-54,04611894;"SPRF-PR";"DEL05-PR";"UOP02-DEL05-PR"
509862;2023-03-11;"sábado";"15:00:00";"SP";116;133,6;"SAO JOSE DOS CAMPOS";"Chuva";"Tombamento";"Com Vítimas Feridas";"Pleno dia";"Decrescente";"Chuva";"Dupla";"Aclive";"Não";3;0;0;1;1;3;1;5;-23,1359564;-45,7532708;"SPRF-SP";"DEL02-SP";"UOP02-DEL02-SP"
509863;2023-03-11;"sábado";"15:20:00";"MG";40;577;"ITABIRITO";"Demais falhas mecânicas ou elétricas";"Incêndio";"Sem Vítimas";"Pleno dia";"Decrescente";"Nublado";"Simples";"Reta";"Sim";1;0;0;0;1;0;0;1;-20,27233504;-43,95198504;"SPRF-MG";"DEL01-MG";"UOP02-DEL01-MG"
509866;2023-03-11;"sábado";"14:19:00";"BA";367;82;"EUNAPOLIS";"Carga excessiva e/ou mal acondicionada";"Derramamento de carga";"Sem Vítimas";"Pleno dia";"Decrescente";"Sol";"Simples";"Reta;Declive";"Sim";4;0;0;0;3;1;0;2;-16,37205962;-39,56163401;"SPRF-BA";"DEL09-BA";"UOP03-DEL09-BA"
509868;2023-03-11;"sábado";"16:10:00";"PR";376;323;"ORTIGUEIRA";"Velocidade Incompatível";"Colisão lateral sentido oposto";"Com Vítimas Feridas";"Pleno dia";"Crescente";"Chuva";"Simples";"Declive";"Não";6;0;4;0;2;0;4;3;-24,04155524;-51,07640505;"SPRF-PR";"DEL07-PR";"UOP02-DEL07-PR"
509870;2023-03-11;"sábado";"16:30:00";"RN";304;208;"LAJES";"Transitar na contramão";"Colisão lateral sentido oposto";"Com Vítimas Feridas";"Pleno dia";"Decrescente";"Céu Claro";"Simples";"Reta";"Não";3;0;1;0;1;1;1;3;-5,73995;-36,096035;"SPRF-RN";"DEL01-RN";"UOP03-DEL01-RN"
509872;2023-03-11;"sábado";"14:40:00";"BA";116;841,8;"VITORIA DA CONQUISTA";"Ausência de reação do condutor";"Colisão lateral sentido oposto";"Com Vítimas Feridas";"Pleno dia";"Crescente";"Sol";"Simples";"Reta";"Não";5;0;0;1;2;2;1;4;-14,99798;-40,93442;"SPRF-BA";"DEL08-BA";"UOP01-DEL08-BA"
509877;2023-03-11;"sábado";"03:30:00";"MG";116;361;"FREI INOCENCIO";"Demais falhas mecânicas ou elétricas";"Incêndio";"Sem Vítimas";"Plena Noite";"Crescente";"Céu Claro";"Simples";"Reta";"Não";2;0;0;0;1;1;0;2;-18,46954289;-41,8556313;"SPRF-MG";"DEL11-MG";"UOP01-DEL11-MG"
509886;2023-03-11;"sábado";"17:30:00";"GO";153;564;"PROFESSOR JAMIL";"Manobra de mudança de faixa";"Tombamento";"Com Vítimas Feridas";"Pleno dia";"Decrescente";"Garoa/Chuvisco";"Dupla";"Reta;Declive";"Não";1;0;1;0;0;0;1;1;-17,2476;-49,2417;"SPRF-GO";"DEL03-GO";"UOP01-DEL03-GO"
509889;2023-03-11;"sábado";"17:20:00";"GO";364;204,5;"JATAI";"Demais falhas mecânicas ou elétricas";"Colisão transversal";"Com Vítimas Feridas";"Pleno dia";"Decrescente";"Nublado";"Simples";"Reta;Aclive";"Não";4;0;1;0;2;1;1;3;-17,90916241;-51,78504467;"SPRF-GO";"DEL05-GO";"UOP01-DEL05-GO"
509894;2023-03-11;"sábado";"18:00:00";"CE";116;224;"ALTO SANTO";"Condutor deixou de manter distância do veículo da frente";"Colisão lateral mesmo sentido";"Com Vítimas Feridas";"Anoitecer";"Crescente";"Chuva";"Simples";"Reta";"Não";2;0;1;0;1;0;1;2;-5,36914014;-38,2078279;"SPRF-CE";"DEL03-CE";"UOP01-DEL03-CE"
509895;2023-03-11;"sábado";"18:20:00";"SC";470;129,4;"LONTRAS";"Ingestão de álcool pelo condutor";"Colisão frontal";"Com Vítimas Feridas";"Anoitecer";"Decrescente";"Céu Claro";"Simples";"Reta";"Não";4;0;1;0;3;0;1;4;-27,148499;-49,556137;"SPRF-SC";"DEL04-SC";"UOP02-DEL04-SC"
509898;2023-03-11;"sábado";"18:10:00";"BA";101;584;"CAMACAN";"Desrespeitar a preferência no cruzamento";"Colisão transversal";"Com Vítimas Feridas";"Plena Noite";"Crescente";"Céu Claro";"Múltipla";"Rotatória;Reta";"Não";6;0;4;0;1;1;4;3;-15,38648421;-39,48368311;"SPRF-BA";"DEL05-BA";"UOP02-DEL05-BA"
509899;2023-03-11;"sábado";"09:00:00";"MG";267;286,6;"BAEPENDI";"Velocidade Incompatível";"Tombamento";"Com Vítimas Feridas";"Pleno dia";"Decrescente";"Céu Claro";"Simples";"Curva";"Não";2;0;1;0;0;1;1;2;-21,92460612;-44,77877599;"SPRF-MG";"DEL17-MG";"UOP01-DEL17-MG"
509901;2023-03-11;"sábado";"17:00:00";"SC";101;351,7;"JAGUARUNA";"Condutor deixou de manter distância do veículo da frente";"Colisão traseira";"Sem Vítimas";"Pleno dia";"Decrescente";"Céu Claro";"Dupla";"Declive;Curva";"Sim";3;0;0;0;2;1;0;3;-28,5977641;-49,04943589;"SPRF-SC";"DEL02-SC";"UOP01-DEL02-SC"
509905;2023-03-11;"sábado";"15:30:00";"PR";277;377,3;"GUARAPUAVA";"Reação tardia ou ineficiente do condutor";"Colisão frontal";"Com Vítimas Fatais";"Pleno dia";"Decrescente";"Céu Claro";"Simples";"Reta";"Não";5;1;1;0;3;0;1;3;-25,40718562;-51,71178992;"SPRF-PR";"DEL08-PR";"UOP01-DEL08-PR"
509925;2023-03-11;"sábado";"20:30:00";"MG";153;82,8;"PRATA";"Ausência de reação do condutor";"Colisão lateral sentido oposto";"Com Vítimas Fatais";"Plena Noite";"Crescente";"Céu Claro";"Simples";"Reta";"Não";5;2;0;0;2;1;0;4;-19,08091412;-48,9973372;"SPRF-MG";"DEL15-MG";"UOP03-DEL15-MG"
509931;2023-03-11;"sábado";"21:30:00";"SC";470;128;"LONTRAS";"Ingestão de álcool pelo condutor";"Colisão lateral sentido oposto";"Sem Vítimas";"Plena Noite";"Decrescente";"Nublado";"Simples";"Curva";"Não";3;0;0;0;2;1;0;3;-27,143742;-49,548897;"SPRF-SC";"DEL04-SC";"UOP02-DEL04-SC"
509945;2023-03-11;"sábado";"19:00:00";"BA";101;900;"CARAVELAS";"Transitar na contramão";"Colisão lateral sentido oposto";"Sem Vítimas";"Anoitecer";"Decrescente";"Céu Claro";"Simples";"Reta";"Sim";2;0;0;0;0;2;0;2;-17,72334379;-39,76720333;"SPRF-BA";"DEL09-BA";"UOP02-DEL09-BA"
509955;2023-03-11;"sábado";"20:25:00";"MG";153;15;"CENTRALINA";"Demais falhas mecânicas ou elétricas";"Incêndio";"Sem Vítimas";"Plena Noite";"Crescente";"Nublado";"Dupla";"Reta";"Não";1;0;0;0;1;0;0;1;-18,551305;-49,19396;"SPRF-MG";"DEL15-MG";"UOP03-DEL15-MG"