"id";"data_inversa";"dia_semana";"horario";"uf";"br";"km";"municipio";"causa_acidente";"tipo_acidente";"classificacao_acidente";"fase_dia";"sentido_via";"condicao_metereologica";"tipo_pista";"tracado_via";"uso_solo";"pessoas";"mortos";"feridos_leves";"feridos_graves";"ilesos";"ignorados";"feridos";"veiculos";"latitude";"longitude";"regional";"delegacia";"uop"
511515;2023-03-19;"domingo";"12:15:00";"RJ";116;133;"MAGE";"Acesso irregular";"Colisão lateral mesmo sentido";"Com Vítimas Feridas";"Pleno dia";"Crescente";"Céu Claro";"Dupla";"Reta";"Sim";3;0;2;0;1;0;2;2;-22,65418284;-43,14382995;"SPRF-RJ";"DEL04-RJ";"UOP02-DEL04-RJ"
511520;2023-03-19;"domingo";"12:00:00";"BA";116;465;"SANTO ESTEVAO";"Ingestão de álcool pelo condutor";"Colisão traseira";"Com Vítimas Feridas";"Pleno dia";"Crescente";"Chuva";"Dupla";"Reta";"Sim";3;0;1;0;1;4;1;6;-12,44815636;-39,24588382;"SPRF-BA";"DEL02-BA";"UOP01-DEL02-BA"
511524;2023-03-19;"domingo";"10:00:00";"TO";153;351;"FORTALEZA DO TABOCAO";"Ausência de reação do condutor";"Colisão traseira";"Com Vítimas Feridas";"Pleno dia";"Crescente";"Chuva";"Simples";"Declive";"Não";6;0;0;1;4;1;1;4;-8,98695198;-48,49979919;"SPRF-TO";"DEL02-TO";"UOP02-DEL02-TO"
511525;2023-03-19;"domingo";"13:40:00";"RJ";116;276,1;"BARRA MANSA";"Ausência de reação do condutor";"Colisão lateral sentido oposto";"Com Vítimas Feridas";"Pleno dia";"Crescente";"Sol";"Simples";"Curva;Declive;Retorno Regulamentado";"Não";4;0;1;0;1;2;1;4;-22,56183393;-44,16588602;"SPRF-RJ";"DEL07-RJ";"UOP02-DEL07-RJ"
511526;2023-03-19;"domingo";"14:00:00";"RJ";101;168;"MACAE";"Mal súbito do condutor";"Colisão lateral sentido oposto";"Com Vítimas Feridas";"Pleno dia";"Decrescente";"Céu Claro";"Simples";"Curva;Declive";"Não";3;0;0;1;1;1;1;3;-22,347555;-41,91898;"SPRF-RJ";"DEL08-RJ";"UOP04-DEL08-RJ"
511534;2023-03-19;"domingo";"13:30:00";"GO";153;354;"JARAGUA";"Demais falhas mecânicas ou elétricas";"Saída de leito carroçável";"Com Vítimas Feridas";"Pleno dia";"Crescente";"Céu Claro";"Simples";"Reta";"Não";1;0;1;0;0;0;1;1;-15,699119;-49,334465;"SPRF-GO";"DEL02-GO";"UOP02-DEL02-GO"
511540;2023-03-19;"domingo";"15:10:00";"PR";369;372,5;"CAMPO MOURAO";"Acumulo de água sobre o pavimento";"Colisão frontal";"Com Vítimas Fatais";"Pleno dia";"Crescente";"Chuva";"Simples";"Curva;Aclive";"Não";8;1;3;1;1;2;4;4;-24,1578;-52,4754;"SPRF-PR";"DEL09-PR";"UOP03-DEL09-PR"
511543;2023-03-19;"domingo";"06:00:00";"BA";242;488;"IBITIARA";"Chuva";"Colisão lateral sentido oposto";"Com Vítimas Feridas";"Pleno dia";"Crescente";"Garoa/Chuvisco";"Simples";"Declive;Curva";"Não";4;0;1;0;2;3;1;5;-12,41266504;-42,36170394;"SPRF-BA";"DEL06-BA";"UOP01-DEL06-BA"
511545;2023-03-07;"terça-feira";"18:00:00";"PR";376;187,3;"MARIALVA";"Acessar a via sem observar a presença dos outros veículos";"Colisão lateral mesmo sentido";"Com Vítimas Feridas";"Pleno dia";"Crescente";"Chuva";"Dupla";"Reta";"Não";4;0;1;0;2;1;1;4;-23,46141044;-51,83659926;"SPRF-PR";"DEL09-PR";"UOP01-DEL09-PR"
511555;2023-03-19;"domingo";"16:30:00";"ES";262;73,5;"MARECHAL FLORIANO";"Carga excessiva e/ou mal acondicionada";"Saída de leito carroçável";"Com Vítimas Feridas";"Pleno dia";"Crescente";"Céu Claro";"Simples";"Curva";"Não";1;0;1;0;0;0;1;1;-20,4202155;-40,87402784;"SPRF-ES";"DEL01-ES";"UOP02-DEL01-ES"
511560;2023-03-19;"domingo";"15:50:00";"MS";163;335;"RIO BRILHANTE";"Manobra de mudança de faixa";"Saída de leito carroçável";"Com Vítimas Feridas";"Pleno dia";"Decrescente";"Céu Claro";"Dupla";"Reta";"Não";4;0;0;1;2;3;1;6;-21,68829564;-54,48632924;"SPRF-MS";"DEL02-MS";"UOP02-DEL02-MS"
511563;2023-03-19;"domingo";"16:00:00";"MS";262;282;"RIBAS DO RIO PARDO";"Ausência de reação do condutor";"Colisão lateral sentido oposto";"Com Vítimas Feridas";"Pleno dia";"Crescente";"Céu Claro";"Simples";"Reta";"Não";2;0;1;0;1;0;1;2;-20,47885224;-54,12810795;"SPRF-MS";"DEL01-MS";"UOP01-DEL01-MS"
511564;2023-03-19;"domingo";"16:36:00";"PA";163;554;"TRAIRAO";"Mal súbito do condutor";"Colisão com objeto";"Com Vítimas Fatais";"Pleno dia";"Decrescente";"Céu Claro";"Simples";"Reta";"Não";2;1;0;0;0;3;0;4;-5,157717;-56,082659;"SPRF-PA";"DEL05-PA";"UOP02-DEL05-PA"
511566;2023-03-19;"domingo";"16:10:00";"SP";116;517;"CAJATI";"Reação tardia ou ineficiente do condutor";"Colisão traseira";"Sem Vítimas";"Pleno dia";"Decrescente";"Céu Claro";"Dupla";"Curva";"Não";3;0;0;0;3;0;0;2;-24,8768469;-48,22732309;"SPRF-SP";"DEL05-SP";"UOP02-DEL05-SP"
511571;2023-03-19;"domingo";"17:30:00";"PR";153;356;"REBOUCAS";"Falta de elemento de contenção que evite a saída do leito carroçável";"Saída de leito carroçável";"Com Vítimas Feridas";"Pleno dia";"Decrescente";"Céu Claro";"Simples";"Reta";"Não";2;0;1;0;0;1;1;2;-25,647917;-50,73187908;"SPRF-PR";"DEL08-PR";"UOP02-DEL08-PR"
511572;2023-03-18;"sábado";"23:30:00";"MT";158;515;"CANARANA";"Ausência de reação do condutor";"Tombamento";"Sem Vítimas";"Plena Noite";"Decrescente";"Ignorado";"Simples";"Reta";"Não";1;0;0;0;1;0;0;1;-13,64708685;-51,96475613;"SPRF-MT";"DEL07-MT";"UOP02-DEL07-MT"
511573;2023-03-19;"domingo";"17:30:00";"PR";476;156;"ARAUCARIA";"Manobra de mudança de faixa";"Colisão lateral mesmo sentido";"Sem Vítimas";"Pleno dia";"Decrescente";"Céu Claro";"Dupla";"Interseção de Vias;Reta";"Sim";3;0;0;0;1;2;0;3;-25,599157;-49,417736;"SPRF-PR";"DEL01-PR";"UOP06-DEL01-PR"
511577;2023-03-19;"domingo";"17:45:00";"MG";381;446,3;"SANTA LUZIA";"Transitar na contramão";"Colisão frontal";"Com Vítimas Feridas";"Pleno dia";"Crescente";"Nublado";"Simples";"Aclive;Curva";"Não";7;0;3;2;1;1;5;5;-19,81501887;-43,80105257;"SPRF-MG";"DEL01-MG";"UOP01-DEL01-MG"
511581;2023-03-19;"domingo";"16:25:00";"RJ";101;252;"RIO BONITO";"Reação tardia ou ineficiente do condutor";"Colisão lateral mesmo sentido";"Com Vítimas Fatais";"Pleno dia";"Decrescente";"Céu Claro";"Dupla";"Reta";"Não";4;1;1;0;1;1;1;3;-22,68214756;-42,53377419;"SPRF-RJ";"DEL02-RJ";"UOP03-DEL02-RJ"
511582;2023-03-19;"domingo";"17:00:00";"SC";163;107;"SAO JOSE DO CEDRO";"Sinalização mal posicionada";"Colisão lateral sentido oposto";"Sem Vítimas";"Pleno dia";"Crescente";"Céu Claro";"Simples";"Desvio Temporário;Reta;Em Obras";"Não";3;0;0;0;2;2;0;4;-26,42911689;-53,52001976;"SPRF-SC";"DEL07-SC";"UOP03-DEL07-SC"
511589;2023-03-19;"domingo";"17:00:00";"MG";50;180;"UBERABA";"Acesso irregular";"Colisão transversal";"Com Vítimas Feridas";"Pleno dia";"Crescente";"Céu Claro";"Dupla";"Viaduto;Interseção de Vias";"Sim";2;0;0;1;1;0;1;2;-19,77848216;-47,92194709;"SPRF-MG";"DEL13-MG";"UOP01-DEL13-MG"
511593;2023-03-19;"domingo";"16:00:00";"BA";116;913,5;"CANDIDO SALES";"Condutor deixou de manter distância do veículo da frente";"Colisão traseira";"Com Vítimas Feridas";"Pleno dia";"Decrescente";"Céu Claro";"Simples";"Aclive;Reta";"Não";1;0;1;0;0;0;1;1;-15,46214295;-41,23460306;"SPRF-BA";"DEL08-BA";"UOP03-DEL08-BA"
511598;2023-03-19;"domingo";"18:15:00";"MA";10;253;"IMPERATRIZ";"Ingestão de substâncias psicoativas pelo condutor";"Colisão frontal";"Com Vítimas Feridas";"Plena Noite";"Decrescente";"Garoa/Chuvisco";"Simples";"Reta";"Sim";3;0;1;0;1;1;1;3;-5,526911;-47,471455;"SPRF-MA";"DEL04-MA";"UOP01-DEL04-MA"
511606;2023-03-19;"domingo";"18:58:00";"RS";290;70;"GRAVATAI";"Manobra de mudança de faixa";"Queda de ocupante de veículo";"Com Vítimas Feridas";"Plena Noite";"Crescente";"Céu Claro";"Dupla";"Reta";"Não";4;0;2;0;2;0;2;3;-29,948053;-50,956192;"SPRF-RS";"DEL03-RS";"UOP01-DEL03-RS"
511617;2023-03-19;"domingo";"18:40:00";"MT";364;53;"ALTO GARCAS";"Demais falhas na via";"Saída de leito carroçável";"Com Vítimas Feridas";"Plena Noite";"Decrescente";"Chuva";"Simples";"Aclive";"Não";2;0;1;0;0;1;1;2;-16,9750381;-53,51270028;"SPRF-MT";"DEL02-MT";"UOP02-DEL02-MT"
511635;2023-03-19;"domingo";"20:15:00";"RO";364;357;"JI-PARANA";"Reação tardia ou ineficiente do condutor";"Colisão com objeto";"Sem Vítimas";"Plena Noite";"Decrescente";"Chuva";"Simples";"Reta";"Não";2;0;0;0;1;1;0;2;-10,79554985;-62,03325391;"SPRF-RO";"DEL02-RO";"UOP01-DEL02-RO"
511640;2023-03-19;"domingo";"16:40:00";"SC";470;119;"IBIRAMA";"Velocidade Incompatível";"Tombamento";"Com Vítimas Feridas";"Pleno dia";"Crescente";"Céu Claro";"Simples";"Curva;Declive";"Sim";2;0;0;1;0;1;1;2;-27,081554;-49,520206;"SPRF-SC";"DEL04-SC";"UOP02-DEL04-SC"
511642;2023-03-19;"domingo";"22:40:00";"PR";376;435,8;"TIBAGI";"Ingestão de álcool pelo condutor";"Saída de leito carroçável";"Com Vítimas Feridas";"Plena Noite";"Decrescente";"Céu Claro";"Dupla";"Curva";"Não";1;0;1;0;0;0;1;1;-24,82838892;-50,47874774;"SPRF-PR";"DEL03-PR";"UOP02-DEL03-PR"
511652;2023-03-19;"domingo";"20:00:00";"RS";285;21,3;"SAO JOSE DOS AUSENTES";"Acessar a via sem observar a presença dos outros veículos";"Colisão transversal";"Com Vítimas Feridas";"Plena Noite";"Crescente";"Céu Claro";"Simples";"Rotatória";"Sim";2;0;0;1;1;0;1;2;-28,74437055;-50,05671501;"SPRF-RS";"DEL05-RS";"UOP03-DEL05-RS"
511653;2023-03-19;"domingo";"22:20:00";"GO";153;299,2;"RIALMA";"Transitar na contramão";"Colisão frontal";"Sem Vítimas";"Plena Noite";"Crescente";"Chuva";"Simples";"Reta";"Não";3;0;0;0;1;2;0;3;-15,277585;-49,552872;"SPRF-GO";"DEL02-GO";"UOP02-DEL02-GO"
511661;2023-03-19;"domingo";"11:30:00";"MT";70;161;"GENERAL CARNEIRO";"Pista em desnível";"Tombamento";"Com Vítimas Feridas";"Pleno dia";"Crescente";"Nublado";"Simples";"Declive";"Não";2;0;1;0;0;12;1;13;-15,56570581;-53,46899267;"SPRF-MT";"DEL05-MT";"UOP01-DEL05-MT"
511663;2023-03-19;"domingo";"23:40:00";"MG";40;639,1;"CONSELHEIRO LAFAIETE";"Manobra de mudança de faixa";"Colisão lateral mesmo sentido";"Sem Vítimas";"Plena Noite";"Crescente";"Céu Claro";"Simples";"Reta";"Não";3;0;0;0;2;1;0;3;-20,73219989;-43,79985054;"SPRF-MG";"DEL05-MG";"UOP02-DEL05-MG"
511667;2023-03-20;"segunda-feira";"02:50:00";"MG";262;636,7;"IBIA";"Velocidade Incompatível";"Saída de leito carroçável";"Com Vítimas Feridas";"Plena Noite";"Decrescente";"Céu Claro";"Simples";"Curva";"Não";2;0;0;1;0;1;1;2;-19,57564137;-46,53705597;"SPRF-MG";"DEL08-MG";"UOP01-DEL08-MG"
511670;2023-03-20;"segunda-feira";"03:30:00";"GO";50;221;"CAMPO ALEGRE DE GOIAS";"Condutor Dormindo";"Tombamento";"Com Vítimas Feridas";"Plena Noite";"Decrescente";"Céu Claro";"Dupla";"Reta";"Não";2;0;1;0;0;3;1;4;-17,7316;-47,7273;"SPRF-GO";"DEL06-GO";"UOP01-DEL06-GO"
511671;2023-03-20;"segunda-feira";"04:15:00";"SC";282;18,4;"PALHOCA";"Acessar a via sem observar a presença dos outros veículos";"Colisão transversal";"Sem Vítimas";"Plena Noite";"Decrescente";"Céu Claro";"Dupla";"Reta";"Sim";2;0;0;0;2;0;0;2;-27,672798;-48,694286;"SPRF-SC";"DEL01-SC";"UOP02-DEL01-SC"
511680;2023-03-20;"segunda-feira";"06:20:00";"ES";101;343,3;"GUARAPARI";"Carga excessiva e/ou mal acondicionada";"Derramamento de carga";"Sem Vítimas";"Pleno dia";"Decrescente";"Sol";"Dupla";"Curva";"Não";2;0;0;0;1;1;0;2;-20,66191662;-40,59045821;"SPRF-ES";"DEL03-ES";"UOP01-DEL03-ES"
511687;2023-03-20;"segunda-feira";"07:00:00";"RN";406;155,9;"CEARA-MIRIM";"Modificação proibida";"Colisão lateral mesmo sentido";"Com Vítimas Feridas";"Pleno dia";"Crescente";"Céu Claro";"Simples";"Reta";"Não";2;0;0;1;1;0;1;2;-5,67794002;-35,39994003;"SPRF-RN";"DEL02-RN";"UOP01-DEL02-RN"
511689;2023-03-20;"segunda-feira";"07:50:00";"SC";282;23;"SANTO AMARO DA IMPERATRIZ";"Conversão proibida";"Colisão frontal";"Sem Vítimas";"Pleno dia";"Crescente";"Sol";"Simples";"Reta";"Sim";2;0;0;0;2;0;0;2;-27,687958;-48,736794;"SPRF-SC";"DEL01-SC";"UOP02-DEL01-SC"
511700;2023-03-20;"segunda-feira";"01:00:00";"MG";365;95;"JEQUITAI";"Ausência de reação do condutor";"Saída de leito carroçável";"Com Vítimas Feridas";"Plena Noite";"Crescente";"Céu Claro";"Simples";"Curva;Declive";"Não";1;0;1;0;0;0;1;1;-17,21418093;-44,481062;"SPRF-MG";"DEL12-MG";"UOP01-DEL12-MG"
511715;2023-03-20;"segunda-feira";"08:50:00";"RS";116;5;"VACARIA";"Reação tardia ou ineficiente do condutor";"Saída de leito carroçável";"Com Vítimas Feridas";"Pleno dia";"Decrescente";"Céu Claro";"Simples";"Reta";"Não";2;0;1;0;0;2;1;3;-28,24772986;-50,77734332;"SPRF-RS";"DEL05-RS";"UOP03-DEL05-RS"
511717;2023-03-20;"segunda-feira";"09:50:00";"SP";153;116,1;"UBARANA";"Acumulo de areia ou detritos sobre o pavimento";"Colisão com objeto";"Com Vítimas Feridas";"Pleno dia";"Crescente";"Chuva";"Simples";"Reta";"Não";2;0;1;0;1;0;1;1;-21,1375408;-49,69894942;"SPRF-SP";"DEL09-SP";"UOP01-DEL09-SP"
511718;2023-03-20;"segunda-feira";"10:00:00";"ES";101;277,3;"SERRA";"Manobra de mudança de faixa";"Colisão lateral mesmo sentido";"Com Vítimas Feridas";"Pleno dia";"Crescente";"Sol";"Dupla";"Reta";"Sim";3;0;1;0;1;2;1;4;-20,2154369;-40,3245163;"SPRF-ES";"DEL02-ES";"UOP01-DEL02-ES"
511724;2023-03-20;"segunda-feira";"08:30:00";"PB";230;148;"CAMPINA GRANDE";"Demais falhas mecânicas ou elétricas";"Colisão traseira";"Com Vítimas Feridas";"Pleno dia";"Decrescente";"Céu Claro";"Dupla";"Declive;Reta;Rotatória";"Sim";4;0;1;0;2;1;1;3;-7,23731528;-35,86783117;"SPRF-PB";"DEL02-PB";"UOP01-DEL02-PB"
511729;2023-03-20;"segunda-feira";"10:38:00";"PB";101;92,3;"JOAO PESSOA";"Ultrapassagem Indevida";"Colisão lateral mesmo sentido";"Com Vítimas Feridas";"Pleno dia";"Decrescente";"Céu Claro";"Dupla";"Reta";"Sim";4;0;1;0;1;2;1;4;-7,20393276;-34,90805268;"SPRF-PB";"DEL01-PB";"UOP02-DEL01-PB"
511733;2023-03-20;"segunda-feira";"10:25:00";"BA";101;178;"SAO GONCALO DOS CAMPOS";"Manobra de mudança de faixa";"Colisão frontal";"Com Vítimas Fatais";"Pleno dia";"Decrescente";"Nublado";"Simples";"Reta";"Não";4;1;0;0;1;2;0;4;-12,519078;-38,970829;"SPRF-BA";"DEL01-BA";"UOP03-DEL01-BA"
511741;2023-03-20;"segunda-feira";"04:20:00";"MG";267;225,5;"LIBERDADE";"Velocidade Incompatível";"Tombamento";"Com Vítimas Feridas";"Plena Noite";"Decrescente";"Céu Claro";"Simples";"Curva";"Não";2;0;1;0;0;2;1;3;-21,94068703;-44,289083;"SPRF-MG";"DEL17-MG";"UOP01-DEL17-MG"
511744;2023-03-20;"segunda-feira";"11:00:00";"MG";116;277;"TEOFILO OTONI";"Manobra de mudança de faixa";"Colisão lateral mesmo sentido";"Sem Vítimas";"Pleno dia";"Decrescente";"Céu Claro";"Dupla";"Reta";"Sim";4;0;0;0;3;1;0;3;-17,859945;-41,515144;"SPRF-MG";"DEL11-MG";"UOP01-DEL11-MG"
511746;2023-03-20;"segunda-feira";"11:30:00";"MG";381;451,9;"SABARA";"Condutor deixou de manter distância do veículo da frente";"Engavetamento";"Com Vítimas Feridas";"Pleno dia";"Crescente";"Sol";"Simples";"Reta;Viaduto";"Sim";4;0;1;0;2;1;1;4;-19,834421;-43,854837;"SPRF-MG";"DEL01-MG";"UOP01-DEL01-MG"
511750;2023-03-20;"segunda-feira";"10:00:00";"MG";381;403;"BOM JESUS DO AMPARO";"Velocidade Incompatível";"Saída de leito carroçável";"Com Vítimas Feridas";"Pleno dia";"Decrescente";"Céu Claro";"Dupla";"Rotatória";"Não";2;0;0;2;0;0;2;1;-19,75137942;-43,53638096;"SPRF-MG";"DEL01-MG";"UOP01-DEL01-MG"
511751;2023-03-20;"segunda-feira";"10:00:00";"PR";376;276;"MARILANDIA DO SUL";"Demais falhas mecânicas ou elétricas";"Saída de leito carroçável";"Sem Vítimas";"Pleno dia";"Crescente";"Céu Claro";"Dupla";"Curva";"Não";2;0;0;0;1;1;0;2;-23,7875703;-51,2647986;"SPRF-PR";"DEL07-PR";"UOP02-DEL07-PR"
511753;2023-03-20;"segunda-feira";"13:30:00";"PR";277;42;"MORRETES";"Velocidade Incompatível";"Colisão com objeto";"Sem Vítimas";"Pleno dia";"Crescente";"Céu Claro";"Dupla";"Desvio Temporário";"Não";2;0;0;0;1;1;0;2;-25,57361239;-48,84469597;"SPRF-PR";"DEL01-PR";"UOP01-DEL01-PR"
511761;2023-03-20;"segunda-feira";"13:30:00";"BA";101;366;"GANDU";"Acessar a via sem observar a presença dos outros veículos";"Colisão transversal";"Com Vítimas Feridas";"Pleno dia";"Crescente";"Nublado";"Simples";"Reta";"Sim";4;0;1;1;1;1;2;3;-13,8794079;-39,48850281;"SPRF-BA";"DEL05-BA";"UOP03-DEL05-BA"
511768;2023-03-20;"segunda-feira";"14:52:00";"SP";116;215;"GUARULHOS";"Demais falhas mecânicas ou elétricas";"Colisão lateral mesmo sentido";"Com Vítimas Feridas";"Pleno dia";"Decrescente";"Céu Claro";"Múltipla";"Reta;Declive";"Sim";3;0;1;0;1;1;1;3;-23,44695693;-46,45394103;"SPRF-SP";"DEL01-SP";"UOP01-DEL01-SP"
511770;2023-03-20;"segunda-feira";"14:31:00";"DF";70;6,8;"BRASILIA";"Trafegar com motocicleta (ou similar) entre as faixas";"Colisão lateral mesmo sentido";"Com Vítimas Feridas";"Pleno dia";"Crescente";"Garoa/Chuvisco";"Dupla";"Reta";"Sim";2;0;2;0;0;0;2;2;-15,791242;-48,105759;"SPRF-DF";"DEL03-DF";"UOP02-DEL03-DF"
511774;2023-03-20;"segunda-feira";"12:22:00";"MA";10;259;"IMPERATRIZ";"Transitar na contramão";"Colisão frontal";"Com Vítimas Fatais";"Pleno dia";"Crescente";"Céu Claro";"Simples";"Reta";"Sim";6;2;0;0;1;3;0;4;-5,472474;-47,472221;"SPRF-MA";"DEL04-MA";"UOP01-DEL04-MA"
511779;2023-03-20;"segunda-feira";"14:50:00";"SP";381;51;"ATIBAIA";"Demais falhas mecânicas ou elétricas";"Incêndio";"Com Vítimas Feridas";"Pleno dia";"Crescente";"Céu Claro";"Dupla";"Reta";"Não";2;0;1;0;1;0;1;1;-23,221911;-46,59644;"SPRF-SP";"DEL03-SP";"UOP01-DEL03-SP"
511783;2023-03-20;"segunda-feira";"14:30:00";"BA";242;443;"SEABRA";"Reação tardia ou ineficiente do condutor";"Tombamento";"Com Vítimas Feridas";"Pleno dia";"Decrescente";"Sol";"Simples";"Reta";"Não";2;0;1;0;0;2;1;3;-12,427429;-42,022391;"SPRF-BA";"DEL06-BA";"UOP01-DEL06-BA"
511789;2023-03-20;"segunda-feira";"15:40:00";"PI";343;341;"TERESINA";"Ingestão de álcool pelo condutor";"Colisão traseira";"Com Vítimas Feridas";"Pleno dia";"Decrescente";"Céu Claro";"Simples";"Interseção de Vias;Curva;Aclive";"Sim";4;0;1;0;3;0;1;3;-5,077812;-42,744255;"SPRF-PI";"DEL01-PI";"UOP01-DEL01-PI"
511791;2023-03-20;"segunda-feira";"16:15:00";"RJ";495;0,2;"TERESOPOLIS";"Reação tardia ou ineficiente do condutor";"Colisão com objeto";"Sem Vítimas";"Pleno dia";"Crescente";"Céu Claro";"Simples";"Reta";"Sim";1;0;0;0;1;0;0;1;-22,40473;-42,966854;"SPRF-RJ";"DEL04-RJ";"UOP01-DEL04-RJ"
511793;2023-03-17;"sexta-feira";"11:45:00";"RS";116;244,9;"SAO LEOPOLDO";"Ausência de reação do condutor";"Colisão traseira";"Com Vítimas Feridas";"Pleno dia";"Crescente";"Céu Claro";"Dupla";"Reta";"Sim";4;0;1;0;3;0;1;4;-29,74088003;-51,15039566;"SPRF-RS";"DEL01-RS";"UOP02-DEL01-RS"
511797;2023-03-20;"segunda-feira";"13:30:00";"GO";452;91;"GOIATUBA";"Pista esburacada";"Tombamento";"Com Vítimas Feridas";"Pleno dia";"Crescente";"Nublado";"Simples";"Reta";"Não";2;0;1;0;0;1;1;2;-18,09880395;-50,07864098;"SPRF-GO";"DEL03-GO";"UOP02-DEL03-GO"
511798;2023-03-20;"segunda-feira";"16:10:00";"ES";101;298,2;"VIANA";"Mal súbito do condutor";"Tombamento";"Com Vítimas Fatais";"Pleno dia";"Crescente";"Nublado";"Múltipla";"Reta";"Sim";4;1;0;0;1;2;0;3;-20,35479682;-40,41715622;"SPRF-ES";"DEL01-ES";"UOP01-DEL01-ES"
511799;2023-03-20;"segunda-feira";"15:20:00";"BA";407;121,4;"SENHOR DO BONFIM";"Transitar na contramão";"Colisão lateral sentido oposto";"Com Vítimas Feridas";"Pleno dia";"Crescente";"Chuva";"Simples";"Reta;Declive";"Não";3;0;2;0;1;0;2;2;-10,41234797;-40,1832681;"SPRF-BA";"DEL04-BA";"UOP01-DEL04-BA"
511802;2023-03-20;"segunda-feira";"15:10:00";"SC";282;409;"CATANDUVAS";"Acessar a via sem observar a presença dos outros veículos";"Colisão transversal";"Com Vítimas Feridas";"Pleno dia";"Crescente";"Céu Claro";"Simples";"Rotatória";"Sim";3;0;1;0;2;0;1;2;-27,067039;-51,66314;"SPRF-SC";"DEL07-SC";"UOP05-DEL07-SC"
511804;2023-03-20;"segunda-feira";"05:40:00";"PR";277;483;"NOVA LARANJEIRAS";"Velocidade Incompatível";"Tombamento";"Com Vítimas Feridas";"Amanhecer";"Crescente";"Céu Claro";"Simples";"Curva;Aclive";"Não";2;0;1;0;0;1;1;2;-25,26486744;-52,62554906;"SPRF-PR";"DEL04-PR";"UOP02-DEL04-PR"
511810;2023-03-20;"segunda-feira";"16:45:00";"RS";386;435,2;"NOVA SANTA RITA";"Velocidade Incompatível";"Colisão transversal";"Sem Vítimas";"Pleno dia";"Decrescente";"Chuva";"Dupla";"Rotatória";"Não";4;0;0;0;3;1;0;3;-29,846369;-51,275738;"SPRF-RS";"DEL01-RS";"UOP01-DEL01-RS"
511811;2023-03-20;"segunda-feira";"16:25:00";"MT";364;349,5;"SANTO ANTONIO DO LEVERGER";"Demais falhas mecânicas ou elétricas";"Saída de leito carroçável";"Com Vítimas Feridas";"Anoitecer";"Crescente";"Chuva";"Dupla";"Curva";"Não";2;0;1;0;0;2;1;3;-15,80502622;-55,5546431;"SPRF-MT";"DEL05-MT";"UOP02-DEL05-MT"
511815;2023-03-20;"segunda-feira";"16:10:00";"PI";343;13;"PARNAIBA";"Ausência de reação do condutor";"Colisão com objeto";"Sem Vítimas";"Pleno dia";"Decrescente";"Chuva";"Dupla";"Interseção de Vias";"Sim";1;0;0;0;0;1;0;1;-2,919029;-41,754124;"SPRF-PI";"DEL05-PI";"UOP01-DEL05-PI"
511816;2023-03-20;"segunda-feira";"15:50:00";"SP";153;112,5;"JOSE BONIFACIO";"Velocidade Incompatível";"Colisão com objeto";"Com Vítimas Feridas";"Pleno dia";"Decrescente";"Nublado";"Simples";"Aclive";"Não";2;0;0;1;0;2;1;3;-21,10480404;-49,68274492;"SPRF-SP";"DEL09-SP";"UOP01-DEL09-SP"
511823;2023-03-20;"segunda-feira";"18:30:00";"SC";280;74;"JARAGUA DO SUL";"Desrespeitar a preferência no cruzamento";"Colisão transversal";"Com Vítimas Feridas";"Plena Noite";"Crescente";"Céu Claro";"Simples";"Rotatória";"Sim";2;0;1;0;1;0;1;2;-26,45877322;-49,16147801;"SPRF-SC";"DEL03-SC";"UOP03-DEL03-SC"
511825;2023-03-20;"segunda-feira";"17:15:00";"SC";470;145,6;"RIO DO SUL";"Velocidade Incompatível";"Saída de leito carroçável";"Com Vítimas Feridas";"Pleno dia";"Decrescente";"Chuva";"Simples";"Reta";"Sim";2;0;1;0;0;1;1;2;-27,23837611;-49,68326569;"SPRF-SC";"DEL04-SC";"UOP02-DEL04-SC"
511837;2023-03-20;"segunda-feira";"17:00:00";"MG";381;164,1;"GOVERNADOR VALADARES";"Condutor deixou de manter distância do veículo da frente";"Colisão traseira";"Com Vítimas Feridas";"Pleno dia";"Decrescente";"Céu Claro";"Simples";"Reta;Aclive";"Não";7;0;1;0;5;2;1;8;-18,92426374;-42,02136129;"SPRF-MG";"DEL06-MG";"UOP01-DEL06-MG"
511842;2023-03-20;"segunda-feira";"20:10:00";"SP";116;161,8;"JACAREI";"Trafegar com motocicleta (ou similar) entre as faixas";"Colisão lateral mesmo sentido";"Com Vítimas Fatais";"Plena Noite";"Crescente";"Chuva";"Dupla";"Reta";"Sim";3;1;0;0;1;1;0;3;-23,27617003;-45,97592098;"SPRF-SP";"DEL02-SP";"UOP01-DEL02-SP"
511846;2023-03-20;"segunda-feira";"19:05:00";"MA";10;153,3;"PORTO FRANCO";"Pista esburacada";"Tombamento";"Sem Vítimas";"Plena Noite";"Decrescente";"Nublado";"Simples";"Reta";"Não";2;0;0;0;1;1;0;2;-6,382564;-47,3829;"SPRF-MA";"DEL04-MA";"UOP02-DEL04-MA"
511850;2023-03-20;"segunda-feira";"19:00:00";"RS";285;184;"LAGOA VERMELHA";"Reação tardia ou ineficiente do condutor";"Colisão transversal";"Com Vítimas Feridas";"Plena Noite";"Crescente";"Céu Claro";"Simples";"Curva";"Não";4;0;3;0;1;0;3;2;-28,293642;-51,441349;"SPRF-RS";"DEL08-RS";"UOP05-DEL08-RS"