"id";"data_inversa";"dia_semana";"horario";"uf";"br";"km";"municipio";"causa_acidente";"tipo_acidente";"classificacao_acidente";"fase_dia";"sentido_via";"condicao_metereologica";"tipo_pista";"tracado_via";"uso_solo";"pessoas";"mortos";"feridos_leves";"feridos_graves";"ilesos";"ignorados";"feridos";"veiculos";"latitude";"longitude";"regional";"delegacia";"uop"
512405;2023-03-23;"quinta-feira";"18:50:00";"RS";290;87;"PORTO ALEGRE";"Condutor Dormindo";"Colisão traseira";"Com Vítimas Feridas";"Plena Noite";"Decrescente";"Céu Claro";"Dupla";"Reta";"Sim";3;0;1;0;1;1;1;3;-29,967838;-51,127197;"SPRF-RS";"DEL01-RS";"UOP01-DEL01-RS"
512410;2023-03-23;"quinta-feira";"17:30:00";"SC";101;79;"ARAQUARI";"Manobra de mudança de faixa";"Colisão transversal";"Com Vítimas Feridas";"Pleno dia";"Decrescente";"Céu Claro";"Múltipla";"Interseção de Vias;Reta";"Não";4;0;2;0;2;0;2;2;-26,58559601;-48,72192112;"SPRF-SC";"DEL03-SC";"UOP02-DEL03-SC"
512411;2023-03-23;"quinta-feira";"14:50:00";"SP";116;521;"CAJATI";"Demais falhas mecânicas ou elétricas";"Incêndio";"Sem Vítimas";"Pleno dia";"Crescente";"Céu Claro";"Múltipla";"Reta;Aclive";"Não";1;0;0;0;1;0;0;1;-24,8997218;-48,24745938;"SPRF-SP";"DEL05-SP";"UOP02-DEL05-SP"
512414;2023-03-23;"quinta-feira";"19:50:00";"SC";282;40,6;"AGUAS MORNAS";"Velocidade Incompatível";"Colisão frontal";"Com Vítimas Feridas";"Plena Noite";"Decrescente";"Chuva";"Simples";"Curva";"Não";2;0;1;0;1;0;1;2;-27,716148;-48,869583;"SPRF-SC";"DEL01-SC";"UOP03-DEL01-SC"
512421;2023-03-23;"quinta-feira";"21:15:00";"SC";101;150;"ITAPEMA";"Reação tardia ou ineficiente do condutor";"Colisão traseira";"Com Vítimas Feridas";"Plena Noite";"Crescente";"Garoa/Chuvisco";"Múltipla";"Reta";"Sim";2;0;1;0;0;1;1;2;-27,11744799;-48,60940987;"SPRF-SC";"DEL04-SC";"UOP03-DEL04-SC"
512422;2023-03-23;"quinta-feira";"22:00:00";"MG";40;614,7;"CONGONHAS";"Reação tardia ou ineficiente do condutor";"Tombamento";"Com Vítimas Feridas";"Plena Noite";"Crescente";"Céu Claro";"Simples";"Aclive;Reta";"Não";2;0;1;0;0;1;1;2;-20,53983;-43,821009;"SPRF-MG";"DEL05-MG";"UOP02-DEL05-MG"
512425;2023-03-23;"quinta-feira";"19:14:00";"RO";364;246,9;"CACOAL";"Reação tardia ou ineficiente do condutor";"Engavetamento";"Com Vítimas Feridas";"Plena Noite";"Decrescente";"Céu Claro";"Simples";"Reta";"Não";6;0;3;0;2;3;3;7;-11,439371;-61,524097;"SPRF-RO";"DEL02-RO";"UOP02-DEL02-RO"
512430;2023-03-23;"quinta-feira";"22:35:00";"RS";386;155,8;"ALMIRANTE TAMANDARE DO SUL";"Acessar a via sem observar a presença dos outros veículos";"Colisão transversal";"Com Vítimas Feridas";"Plena Noite";"Decrescente";"Céu Claro";"Simples";"Curva";"Sim";4;0;2;0;1;1;2;3;-28,117487;-52,853813;"SPRF-RS";"DEL08-RS";"UOP01-DEL08-RS"
512432;2023-03-23;"quinta-feira";"23:30:00";"ES";101;270;"SERRA";"Ausência de reação do condutor";"Tombamento";"Com Vítimas Feridas";"Plena Noite";"Decrescente";"Céu Claro";"Dupla";"Viaduto;Curva;Declive";"Sim";2;0;1;0;0;1;1;2;-20,23316742;-40,27513504;"SPRF-ES";"DEL02-ES";"UOP01-DEL02-ES"
512437;2023-03-23;"quinta-feira";"17:00:00";"PR";158;337,3;"PALMITAL";"Reação tardia ou ineficiente do condutor";"Tombamento";"Com Vítimas Fatais";"Pleno dia";"Crescente";"Céu Claro";"Simples";"Declive;Curva";"Não";1;1;0;0;0;0;0;1;-24,98101762;-52,29789561;"SPRF-PR";"DEL04-PR";"UOP02-DEL04-PR"
512438;2023-03-23;"quinta-feira";"23:00:00";"PE";101;35,7;"IGARASSU";"Ausência de reação do condutor";"Colisão traseira";"Com Vítimas Feridas";"Plena Noite";"Crescente";"Céu Claro";"Dupla";"Reta;Aclive";"Não";3;0;1;0;1;1;1;3;-7,77952193;-34,93231384;"SPRF-PE";"DEL01-PE";"UOP02-DEL01-PE"
512443;2023-03-24;"sexta-feira";"01:00:00";"SP";381;68;"MAIRIPORA";"Reação tardia ou ineficiente do condutor";"Colisão traseira";"Com Vítimas Feridas";"Plena Noite";"Crescente";"Céu Claro";"Dupla";"Reta";"Sim";5;0;2;0;2;3;2;6;-23,34043796;-46,57433588;"SPRF-SP";"DEL03-SP";"UOP01-DEL03-SP"
512445;2023-03-24;"sexta-feira";"01:30:00";"SP";153;84,7;"MIRASSOL";"Sinalização mal posicionada";"Tombamento";"Com Vítimas Feridas";"Plena Noite";"Crescente";"Céu Claro";"Dupla";"Desvio Temporário;Em Obras";"Não";1;0;1;0;0;0;1;1;-20,9344296;-49,51909431;"SPRF-SP";"DEL09-SP";"UOP01-DEL09-SP"
512448;2023-03-24;"sexta-feira";"02:00:00";"SP";116;134;"CACAPAVA";"Condutor deixou de manter distância do veículo da frente";"Colisão traseira";"Com Vítimas Feridas";"Plena Noite";"Decrescente";"Céu Claro";"Dupla";"Reta";"Não";2;0;0;1;0;1;1;2;-23,1402216;-45,7617252;"SPRF-SP";"DEL02-SP";"UOP02-DEL02-SP"
512449;2023-03-24;"sexta-feira";"03:20:00";"PR";376;0,7;"MARIALVA";"Reação tardia ou ineficiente do condutor";"Tombamento";"Com Vítimas Feridas";"Plena Noite";"Crescente";"Céu Claro";"Simples";"Curva;Aclive";"Não";1;0;1;0;0;0;1;1;-23,51016335;-51,71813965;"SPRF-PR";"DEL09-PR";"UOP01-DEL09-PR"
512452;2023-03-24;"sexta-feira";"05:25:00";"SC";470;60;"BLUMENAU";"Reação tardia ou ineficiente do condutor";"Colisão frontal";"Com Vítimas Feridas";"Amanhecer";"Decrescente";"Céu Claro";"Simples";"Reta";"Sim";2;0;1;1;0;0;2;2;-26,88138;-49,164543;"SPRF-SC";"DEL04-SC";"UOP01-DEL04-SC"
512453;2023-03-24;"sexta-feira";"00:19:00";"MG";153;57;"MONTE ALEGRE DE MINAS";"Ausência de reação do condutor";"Tombamento";"Com Vítimas Feridas";"Pleno dia";"Decrescente";"Garoa/Chuvisco";"Dupla";"Declive;Rotatória";"Não";2;0;1;0;0;1;1;2;-18,87131545;-49,0623664;"SPRF-MG";"DEL15-MG";"UOP03-DEL15-MG"
512463;2023-01-09;"segunda-feira";"20:10:00";"PR";369;506;"CORBELIA";"Ausência de reação do condutor";"Colisão traseira";"Com Vítimas Fatais";"Anoitecer";"Decrescente";"Nublado";"Simples";"Reta";"Não";5;2;0;0;2;1;0;4;-24,8326;-53,3005;"SPRF-PR";"DEL04-PR";"UOP03-DEL04-PR"
512467;2023-03-24;"sexta-feira";"07:15:00";"RS";470;203;"BENTO GONCALVES";"Conversão proibida";"Colisão traseira";"Com Vítimas Feridas";"Pleno dia";"Decrescente";"Céu Claro";"Simples";"Reta";"Não";2;0;1;0;1;0;1;2;-29,07601095;-51,57545102;"SPRF-RS";"DEL06-RS";"UOP02-DEL06-RS"
512474;2023-02-04;"sábado";"20:23:00";"CE";222;263,9;"COREAU";"Acessar a via sem observar a presença dos outros veículos";"Colisão transversal";"Com Vítimas Fatais";"Plena Noite";"Crescente";"Céu Claro";"Simples";"Reta";"Não";3;1;0;0;1;2;0;4;-3,74853785;-40,67572499;"SPRF-CE";"DEL04-CE";"UOP02-DEL04-CE"
512475;2023-03-23;"quinta-feira";"03:30:00";"BA";242;440;"SEABRA";"Condutor Dormindo";"Colisão frontal";"Com Vítimas Feridas";"Plena Noite";"Crescente";"Céu Claro";"Simples";"Declive;Reta";"Não";2;0;1;0;1;0;1;2;-12,41782215;-41,98306386;"SPRF-BA";"DEL06-BA";"UOP01-DEL06-BA"
512477;2023-03-24;"sexta-feira";"08:15:00";"RN";304;216;"CAICARA DO RIO DO VENTO";"Ultrapassagem Indevida";"Colisão traseira";"Com Vítimas Feridas";"Pleno dia";"Crescente";"Sol";"Simples";"Aclive";"Não";4;0;1;0;2;2;1;5;-5,75614196;-36,02459399;"SPRF-RN";"DEL01-RN";"UOP03-DEL01-RN"
512484;2023-03-23;"quinta-feira";"19:00:00";"GO";80;16;"PADRE BERNARDO";"Demais falhas mecânicas ou elétricas";"Saída de leito carroçável";"Sem Vítimas";"Plena Noite";"Crescente";"Céu Claro";"Simples";"Aclive;Curva";"Não";2;0;0;0;1;1;0;2;-15,41442227;-48,20075512;"SPRF-DF";"DEL03-DF";"UOP02-DEL03-DF"
512486;2023-02-28;"terça-feira";"16:05:00";"SC";282;216,5;"LAGES";"Acessar a via sem observar a presença dos outros veículos";"Colisão transversal";"Com Vítimas Fatais";"Pleno dia";"Crescente";"Céu Claro";"Múltipla";"Aclive;Reta;Interseção de Vias";"Sim";3;1;0;0;1;1;0;3;-27,7963533;-50,2885983;"SPRF-SC";"DEL05-SC";"UOP01-DEL05-SC"
512488;2023-03-24;"sexta-feira";"07:00:00";"PA";222;62,7;"DOM ELISEU";"Ausência de reação do condutor";"Colisão traseira";"Com Vítimas Feridas";"Pleno dia";"Crescente";"Céu Claro";"Simples";"Reta";"Não";2;0;0;1;1;0;1;2;-4,502325;-47,823288;"SPRF-PA";"DEL02-PA";"UOP02-DEL02-PA"
512493;2023-03-24;"sexta-feira";"09:30:00";"PR";277;3,4;"PARANAGUA";"Ausência de reação do condutor";"Colisão traseira";"Com Vítimas Feridas";"Pleno dia";"Decrescente";"Céu Claro";"Dupla";"Reta;Interseção de Vias";"Sim";4;0;2;0;1;1;2;3;-25,543932;-48,559358;"SPRF-PR";"DEL01-PR";"UOP05-DEL01-PR"
512501;2023-03-24;"sexta-feira";"10:39:00";"RN";101;149;"GOIANINHA";"Desrespeitar a preferência no cruzamento";"Colisão lateral mesmo sentido";"Com Vítimas Feridas";"Pleno dia";"Crescente";"Nublado";"Dupla";"Aclive";"Não";2;0;0;1;1;0;1;2;-6,28708712;-35,20055221;"SPRF-RN";"DEL01-RN";"UOP01-DEL01-RN"
512502;2023-03-24;"sexta-feira";"10:15:00";"RS";386;355,7;"ESTRELA";"Reação tardia ou ineficiente do condutor";"Saída de leito carroçável";"Com Vítimas Feridas";"Pleno dia";"Decrescente";"Nublado";"Múltipla";"Curva";"Não";2;0;1;0;0;1;1;2;-29,515066;-51,940083;"SPRF-RS";"DEL04-RS";"UOP02-DEL04-RS"
512510;2023-03-24;"sexta-feira";"10:30:00";"MT";364;394;"CUIABA";"Ausência de reação do condutor";"Saída de leito carroçável";"Sem Vítimas";"Pleno dia";"Decrescente";"Céu Claro";"Dupla";"Reta";"Não";1;0;0;0;1;0;0;1;-15,700119;-55,890619;"SPRF-MT";"DEL01-MT";"UOP02-DEL01-MT"
512511;2023-03-24;"sexta-feira";"09:19:00";"MT";163;687;"LUCAS DO RIO VERDE";"Acessar a via sem observar a presença dos outros veículos";"Colisão lateral mesmo sentido";"Sem Vítimas";"Pleno dia";"Decrescente";"Sol";"Simples";"Interseção de Vias";"Sim";5;0;0;0;4;1;0;3;-13,18354788;-55,98612126;"SPRF-MT";"DEL06-MT";"UOP01-DEL06-MT"
512514;2023-03-24;"sexta-feira";"12:00:00";"SP";116;145;"SAO JOSE DOS CAMPOS";"Manobra de mudança de faixa";"Colisão lateral mesmo sentido";"Com Vítimas Feridas";"Pleno dia";"Decrescente";"Céu Claro";"Múltipla";"Reta";"Sim";3;0;1;0;1;1;1;3;-23,1869844;-45,8548078;"SPRF-SP";"DEL02-SP";"UOP01-DEL02-SP"
512517;2023-03-24;"sexta-feira";"12:30:00";"SC";101;79;"ARAQUARI";"Reação tardia ou ineficiente do condutor";"Colisão traseira";"Com Vítimas Feridas";"Pleno dia";"Decrescente";"Céu Claro";"Múltipla";"Reta";"Sim";3;0;1;0;1;1;1;3;-26,58559601;-48,72192112;"SPRF-SC";"DEL03-SC";"UOP02-DEL03-SC"
512518;2023-03-24;"sexta-feira";"11:30:00";"PR";116;60;"CURITIBA";"Manobra de mudança de faixa";"Colisão lateral mesmo sentido";"Com Vítimas Feridas";"Pleno dia";"Crescente";"Céu Claro";"Múltipla";"Em Obras;Reta";"Sim";3;0;1;0;1;1;1;3;-25,38884732;-49,20144439;"SPRF-PR";"DEL01-PR";"UOP02-DEL01-PR"
512519;2023-03-24;"sexta-feira";"11:30:00";"PE";104;63;"CARUARU";"Demais falhas mecânicas ou elétricas";"Saída de leito carroçável";"Com Vítimas Feridas";"Pleno dia";"Crescente";"Sol";"Dupla";"Declive;Reta";"Sim";5;0;1;1;3;0;2;4;-8,2698;-35,9803;"SPRF-PE";"DEL02-PE";"UOP01-DEL02-PE"
512522;2023-03-24;"sexta-feira";"12:07:00";"SC";470;56;"BLUMENAU";"Acessar a via sem observar a presença dos outros veículos";"Colisão transversal";"Com Vítimas Feridas";"Pleno dia";"Crescente";"Céu Claro";"Simples";"Retorno Regulamentado;Reta";"Sim";3;0;1;0;2;0;1;2;-26,87674;-49,127743;"SPRF-SC";"DEL04-SC";"UOP01-DEL04-SC"
512528;2023-03-24;"sexta-feira";"09:30:00";"BA";324;566;"SAO SEBASTIAO DO PASSE";"Demais falhas mecânicas ou elétricas";"Incêndio";"Sem Vítimas";"Pleno dia";"Crescente";"Chuva";"Dupla";"Reta";"Não";2;0;0;0;1;1;0;2;-12,52455997;-38,61040198;"SPRF-BA";"DEL01-BA";"UOP01-DEL01-BA"
512532;2023-03-24;"sexta-feira";"14:04:00";"PI";343;329,2;"TERESINA";"Demais falhas mecânicas ou elétricas";"Incêndio";"Sem Vítimas";"Pleno dia";"Crescente";"Nublado";"Simples";"Reta";"Não";2;0;0;0;1;1;0;2;-5,064808;-42,641769;"SPRF-PI";"DEL01-PI";"UOP01-DEL01-PI"
512533;2023-03-24;"sexta-feira";"13:10:00";"PR";376;491,8;"PONTA GROSSA";"Manobra de mudança de faixa";"Colisão lateral mesmo sentido";"Com Vítimas Feridas";"Pleno dia";"Crescente";"Céu Claro";"Dupla";"Reta";"Não";5;0;1;0;2;3;1;5;-25,1114297;-50,1890972;"SPRF-PR";"DEL03-PR";"UOP04-DEL03-PR"
512538;2023-03-24;"sexta-feira";"14:10:00";"PA";163;665;"ITAITUBA";"Reação tardia ou ineficiente do condutor";"Tombamento";"Com Vítimas Fatais";"Pleno dia";"Crescente";"Céu Claro";"Simples";"Reta;Declive";"Não";5;1;0;1;2;1;1;3;-4,42568209;-55,80681689;"SPRF-PA";"DEL05-PA";"UOP02-DEL05-PA"
512551;2023-03-24;"sexta-feira";"15:25:00";"RS";290;47,3;"GLORINHA";"Condutor Dormindo";"Tombamento";"Com Vítimas Feridas";"Pleno dia";"Crescente";"Céu Claro";"Dupla";"Reta";"Não";1;0;1;0;0;0;1;1;-29,894592;-50,729916;"SPRF-RS";"DEL03-RS";"UOP01-DEL03-RS"
512561;2023-03-24;"sexta-feira";"16:10:00";"PR";277;253,2;"IRATI";"Acessar a via sem observar a presença dos outros veículos";"Colisão transversal";"Com Vítimas Feridas";"Pleno dia";"Decrescente";"Céu Claro";"Simples";"Declive;Reta";"Não";2;0;1;0;1;0;1;2;-25,4448777;-50,67938388;"SPRF-PR";"DEL08-PR";"UOP02-DEL08-PR"
512562;2023-03-24;"sexta-feira";"17:50:00";"MA";10;285;"IMPERATRIZ";"Ausência de reação do condutor";"Colisão traseira";"Sem Vítimas";"Anoitecer";"Decrescente";"Chuva";"Simples";"Reta;Declive";"Não";2;0;0;0;2;0;0;2;-5,24207;-47,509281;"SPRF-MA";"DEL04-MA";"UOP01-DEL04-MA"
512564;2023-03-24;"sexta-feira";"17:10:00";"PI";343;350;"TERESINA";"Ultrapassagem Indevida";"Colisão lateral mesmo sentido";"Sem Vítimas";"Anoitecer";"Crescente";"Nublado";"Múltipla";"Reta;Rotatória";"Sim";2;0;0;0;2;0;0;2;-5,130751;-42,79174;"SPRF-PI";"DEL01-PI";"UOP02-DEL01-PI"
512579;2023-03-24;"sexta-feira";"18:30:00";"PE";232;12;"JABOATAO DOS GUARARAPES";"Entrada inopinada do pedestre";"Atropelamento de Pedestre";"Com Vítimas Fatais";"Plena Noite";"Crescente";"Nublado";"Dupla";"Declive;Reta";"Não";3;1;0;0;1;1;0;3;-8,08577691;-35,00345603;"SPRF-PE";"DEL01-PE";"UOP01-DEL01-PE"
512580;2023-03-24;"sexta-feira";"19:20:00";"SP";459;23;"LORENA";"Ingestão de álcool pelo condutor";"Colisão frontal";"Com Vítimas Fatais";"Plena Noite";"Crescente";"Céu Claro";"Simples";"Reta";"Não";3;1;0;0;1;1;0;3;-22,6716358;-45,1390155;"SPRF-SP";"DEL08-SP";"UOP02-DEL08-SP"
512582;2023-03-24;"sexta-feira";"17:40:00";"PE";232;171,3;"BELO JARDIM";"Ingestão de álcool pelo condutor";"Colisão lateral sentido oposto";"Com Vítimas Feridas";"Anoitecer";"Crescente";"Nublado";"Simples";"Reta";"Não";3;0;0;1;1;2;1;4;-8,34239456;-36,35216713;"SPRF-PE";"DEL03-PE";"UOP02-DEL03-PE"
512583;2023-03-24;"sexta-feira";"17:15:00";"GO";153;436;"ANAPOLIS";"Ausência de reação do condutor";"Colisão traseira";"Com Vítimas Feridas";"Pleno dia";"Crescente";"Nublado";"Dupla";"Reta";"Sim";2;0;1;0;1;0;1;2;-16,283987;-48,951763;"SPRF-GO";"DEL02-GO";"UOP01-DEL02-GO"
512585;2023-03-24;"sexta-feira";"11:15:00";"MG";262;603;"CAMPOS ALTOS";"Ausência de reação do condutor";"Saída de leito carroçável";"Sem Vítimas";"Pleno dia";"Decrescente";"Céu Claro";"Simples";"Reta";"Não";2;0;0;0;1;3;0;4;-19,62544938;-46,26857758;"SPRF-MG";"DEL08-MG";"UOP02-DEL08-MG"
512596;2023-03-24;"sexta-feira";"17:00:00";"SC";470;177,5;"POUSO REDONDO";"Condutor deixou de manter distância do veículo da frente";"Colisão traseira";"Sem Vítimas";"Pleno dia";"Decrescente";"Chuva";"Simples";"Reta;Aclive";"Sim";2;0;0;0;1;1;0;2;-27,24867788;-49,96685028;"SPRF-SC";"DEL04-SC";"UOP02-DEL04-SC"
512598;2023-03-24;"sexta-feira";"18:30:00";"RJ";40;101;"DUQUE DE CAXIAS";"Ultrapassagem Indevida";"Colisão lateral mesmo sentido";"Com Vítimas Feridas";"Anoitecer";"Decrescente";"Céu Claro";"Múltipla";"Reta";"Sim";3;0;1;1;1;0;2;2;-22,60246485;-43,28380739;"SPRF-RJ";"DEL01-RJ";"UOP01-DEL01-RJ"
512606;2023-03-24;"sexta-feira";"19:50:00";"SP";381;45;"ATIBAIA";"Entrada inopinada do pedestre";"Atropelamento de Pedestre";"Com Vítimas Fatais";"Plena Noite";"Decrescente";"Céu Claro";"Dupla";"Reta;Aclive";"Sim";3;1;0;0;1;1;0;3;-23,17274184;-46,57748439;"SPRF-SP";"DEL03-SP";"UOP01-DEL03-SP"
512610;2023-03-24;"sexta-feira";"20:30:00";"MG";40;576;"ITABIRITO";"Acessar a via sem observar a presença dos outros veículos";"Colisão transversal";"Com Vítimas Feridas";"Plena Noite";"Crescente";"Céu Claro";"Dupla";"Retorno Regulamentado;Reta";"Não";5;0;0;1;3;1;1;3;-20,268828;-43,954751;"SPRF-MG";"DEL01-MG";"UOP02-DEL01-MG"
512613;2023-03-24;"sexta-feira";"20:50:00";"MG";381;444;"SANTA LUZIA";"Ausência de reação do condutor";"Colisão transversal";"Com Vítimas Feridas";"Plena Noite";"Decrescente";"Céu Claro";"Simples";"Reta";"Não";2;0;0;1;1;0;1;2;-19,82360393;-43,82539293;"SPRF-MG";"DEL01-MG";"UOP01-DEL01-MG"
512616;2023-03-24;"sexta-feira";"16:15:00";"SC";116;86;"MONTE CASTELO";"Transitar na contramão";"Colisão frontal";"Com Vítimas Feridas";"Pleno dia";"Crescente";"Céu Claro";"Simples";"Reta;Aclive";"Não";2;0;0;1;0;1;1;2;-26,60977491;-50,22937022;"SPRF-SC";"DEL06-SC";"UOP02-DEL06-SC"
512617;2023-03-24;"sexta-feira";"21:00:00";"RS";116;394;"CAMAQUA";"Ausência de reação do condutor";"Colisão traseira";"Com Vítimas Feridas";"Plena Noite";"Crescente";"Nublado";"Dupla";"Reta";"Sim";4;0;2;1;0;1;3;2;-30,84497914;-51,75687894;"SPRF-RS";"DEL02-RS";"UOP02-DEL02-RS"
512618;2023-03-24;"sexta-feira";"09:00:00";"MG";365;371;"PATOS DE MINAS";"Ausência de reação do condutor";"Saída de leito carroçável";"Com Vítimas Feridas";"Pleno dia";"Decrescente";"Céu Claro";"Simples";"Curva;Declive";"Não";2;0;0;1;0;2;1;3;-18,51207296;-46,13673741;"SPRF-MG";"DEL10-MG";"UOP01-DEL10-MG"
512619;2023-03-24;"sexta-feira";"19:20:00";"MT";163;830;"SINOP";"Manobra de mudança de faixa";"Colisão lateral mesmo sentido";"Sem Vítimas";"Plena Noite";"Decrescente";"Nublado";"Dupla";"Retorno Regulamentado";"Sim";3;0;0;0;3;0;0;2;-11,93031749;-55,5132586;"SPRF-MT";"DEL06-MT";"UOP02-DEL06-MT"
512621;2023-03-24;"sexta-feira";"21:40:00";"RS";386;5,1;"IRAI";"Transitar na contramão";"Colisão lateral sentido oposto";"Sem Vítimas";"Plena Noite";"Decrescente";"Nublado";"Simples";"Reta;Interseção de Vias";"Não";2;0;0;0;1;1;0;2;-27,18983722;-53,26465309;"SPRF-RS";"DEL08-RS";"UOP02-DEL08-RS"
512622;2023-03-24;"sexta-feira";"19:00:00";"GO";364;36;"PARANAIGUARA";"Ausência de reação do condutor";"Tombamento";"Com Vítimas Feridas";"Plena Noite";"Decrescente";"Nublado";"Simples";"Reta;Declive";"Não";2;0;1;0;0;2;1;3;-18,872442;-50,783173;"SPRF-GO";"DEL05-GO";"UOP02-DEL05-GO"
512626;2023-03-24;"sexta-feira";"19:35:00";"RO";364;405,2;"JARU";"Reação tardia ou ineficiente do condutor";"Colisão lateral sentido oposto";"Sem Vítimas";"Plena Noite";"Crescente";"Nublado";"Simples";"Reta";"Não";3;0;0;0;3;0;0;2;-10,569027;-62,371756;"SPRF-RO";"DEL03-RO";"UOP02-DEL03-RO"
512636;2023-03-24;"sexta-feira";"22:25:00";"RS";471;646,8;"SANTA VITORIA DO PALMAR";"Ausência de reação do condutor";"Tombamento";"Com Vítimas Feridas";"Plena Noite";"Crescente";"Céu Claro";"Simples";"Reta";"Não";2;0;1;0;0;2;1;3;-33,448067;-53,266071;"SPRF-RS";"DEL07-RS";"UOP04-DEL07-RS"
512640;2023-03-06;"segunda-feira";"07:25:00";"PB";230;54,3;"CRUZ DO ESPIRITO SANTO";"Ausência de reação do condutor";"Colisão traseira";"Com Vítimas Feridas";"Pleno dia";"Decrescente";"Céu Claro";"Dupla";"Reta";"Não";4;0;0;2;1;1;2;3;-7,2007;-35,0854;"SPRF-PB";"DEL01-PB";"UOP03-DEL01-PB"
512660;2023-03-25;"sábado";"02:30:00";"TO";153;135;"ARAGUAINA";"Ingestão de álcool pelo condutor";"Colisão com objeto";"Sem Vítimas";"Plena Noite";"Decrescente";"Nublado";"Simples";"Rotatória";"Sim";2;0;0;0;1;1;0;2;-7,12896688;-48,19843215;"SPRF-TO";"DEL02-TO";"UOP01-DEL02-TO"
512667;2023-03-24;"sexta-feira";"19:00:00";"BA";101;917,6;"NOVA VICOSA";"Ultrapassagem Indevida";"Colisão frontal";"Com Vítimas Fatais";"Plena Noite";"Crescente";"Céu Claro";"Simples";"Reta";"Não";2;1;0;0;1;0;0;2;-17,869666;-39,80644;"SPRF-BA";"DEL09-BA";"UOP02-DEL09-BA"
512671;2023-03-25;"sábado";"01:20:00";"SC";101;369;"ICARA";"Condutor Dormindo";"Saída de leito carroçável";"Com Vítimas Feridas";"Plena Noite";"Decrescente";"Céu Claro";"Dupla";"Reta";"Não";2;0;2;0;0;0;2;1;-28,69775604;-49,182934;"SPRF-SC";"DEL02-SC";"UOP01-DEL02-SC"
512674;2023-03-24;"sexta-feira";"22:40:00";"MG";381;185,5;"PERIQUITO";"Desrespeitar a preferência no cruzamento";"Colisão transversal";"Com Vítimas Feridas";"Plena Noite";"Crescente";"Céu Claro";"Simples";"Reta";"Não";4;0;1;0;2;1;1;3;-19,07143196;-42,17623006;"SPRF-MG";"DEL06-MG";"UOP01-DEL06-MG"
512677;2023-03-25;"sábado";"03:35:00";"MG";40;646,1;"CRISTIANO OTONI";"Condutor deixou de manter distância do veículo da frente";"Colisão traseira";"Com Vítimas Feridas";"Plena Noite";"Crescente";"Céu Claro";"Simples";"Reta";"Não";3;0;1;0;1;1;1;3;-20,797754;-43,809907;"SPRF-MG";"DEL05-MG";"UOP02-DEL05-MG"
512681;2023-03-25;"sábado";"07:15:00";"RS";285;339,3;"CARAZINHO";"Ausência de reação do condutor";"Colisão traseira";"Com Vítimas Fatais";"Pleno dia";"Crescente";"Nublado";"Simples";"Reta;Declive";"Sim";2;1;0;0;1;0;0;2;-28,31280347;-52,78882921;"SPRF-RS";"DEL08-RS";"UOP03-DEL08-RS"
512683;2023-03-25;"sábado";"07:40:00";"MG";381;874;"ESTIVA";"Manobra de mudança de faixa";"Queda de ocupante de veículo";"Com Vítimas Feridas";"Pleno dia";"Decrescente";"Céu Claro";"Dupla";"Reta";"Não";2;0;1;0;1;0;1;2;-22,45619351;-46,00792634;"SPRF-MG";"DEL16-MG";"UOP01-DEL16-MG"
512686;2023-03-10;"sexta-feira";"05:20:00";"PR";277;395;"CANDOI";"Ultrapassagem Indevida";"Saída de leito carroçável";"Com Vítimas Feridas";"Amanhecer";"Crescente";"Céu Claro";"Simples";"Reta";"Não";2;0;0;1;0;1;1;2;-25,44527097;-51,877942;"SPRF-PR";"DEL08-PR";"UOP01-DEL08-PR"
512687;2023-03-25;"sábado";"07:30:00";"RJ";40;114;"DUQUE DE CAXIAS";"Reação tardia ou ineficiente do condutor";"Colisão traseira";"Com Vítimas Feridas";"Pleno dia";"Decrescente";"Céu Claro";"Múltipla";"Reta";"Não";2;0;2;0;0;0;2;2;-22,71853604;-43,28993324;"SPRF-RJ";"DEL01-RJ";"UOP01-DEL01-RJ"
512689;2023-01-30;"segunda-feira";"14:08:00";"DF";20;16;"BRASILIA";"Reação tardia ou ineficiente do condutor";"Colisão lateral mesmo sentido";"Sem Vítimas";"Pleno dia";"Crescente";"Céu Claro";"Dupla";"Declive;Reta";"Sim";3;0;0;0;1;2;0;3;-15,630189;-47,733288;"SPRF-DF";"DEL02-DF";"UOP01-DEL02-DF"
512692;2023-02-18;"sábado";"17:40:00";"BA";101;928;"MUCURI";"Ausência de reação do condutor";"Colisão traseira";"Sem Vítimas";"Amanhecer";"Decrescente";"Céu Claro";"Simples";"Reta";"Não";2;0;0;0;2;0;0;2;-18,14614786;-39,90312408;"SPRF-BA";"DEL09-BA";"UOP02-DEL09-BA"
512695;2023-03-25;"sábado";"08:15:00";"RO";364;240;"CACOAL";"Pista esburacada";"Tombamento";"Com Vítimas Feridas";"Pleno dia";"Crescente";"Céu Claro";"Simples";"Reta";"Sim";4;0;1;0;3;0;1;2;-11,43579019;-61,47096987;"SPRF-RO";"DEL02-RO";"UOP02-DEL02-RO"
512700;2023-03-25;"sábado";"08:00:00";"SC";101;109,7;"PENHA";"Reação tardia ou ineficiente do condutor";"Colisão traseira";"Com Vítimas Feridas";"Pleno dia";"Crescente";"Nublado";"Dupla";"Reta";"Não";3;0;1;0;1;3;1;5;-26,83474286;-48,70246232;"SPRF-SC";"DEL03-SC";"UOP02-DEL03-SC"