"id";"data_inversa";"dia_semana";"horario";"uf";"br";"km";"municipio";"causa_acidente";"tipo_acidente";"classificacao_acidente";"fase_dia";"sentido_via";"condicao_metereologica";"tipo_pista";"tracado_via";"uso_solo";"pessoas";"mortos";"feridos_leves";"feridos_graves";"ilesos";"ignorados";"feridos";"veiculos";"latitude";"longitude";"regional";"delegacia";"uop"
512701;2023-03-25;"sábado";"07:40:00";"BA";101;250;"CONCEICAO DO ALMEIDA";"Reação tardia ou ineficiente do condutor";"Colisão transversal";"Com Vítimas Feridas";"Pleno dia";"Decrescente";"Sol";"Simples";"Reta";"Não";5;0;1;0;3;1;1;4;-12,97043464;-39,27440643;"SPRF-BA";"DEL01-BA";"UOP02-DEL01-BA"
512721;2023-02-25;"sábado";"19:30:00";"MG";116;782;"LEOPOLDINA";"Ausência de reação do condutor";"Tombamento";"Com Vítimas Fatais";"Plena Noite";"Decrescente";"Céu Claro";"Simples";"Curva";"Não";2;1;0;0;0;1;0;2;-21,627038;-42,69996898;"SPRF-MG";"DEL07-MG";"UOP01-DEL07-MG"
512737;2023-03-25;"sábado";"13:00:00";"RN";101;108;"PARNAMIRIM";"Condutor deixou de manter distância do veículo da frente";"Colisão traseira";"Sem Vítimas";"Pleno dia";"Crescente";"Sol";"Dupla";"Reta";"Sim";3;0;0;0;3;0;0;3;-5,9282510205;-35,2646568259;"SPRF-RN";"DEL01-RN";"UOP01-DEL01-RN"
512743;2023-03-25;"sábado";"13:00:00";"MS";158;82;"PARANAIBA";"Condutor Dormindo";"Colisão traseira";"Com Vítimas Feridas";"Pleno dia";"Decrescente";"Céu Claro";"Simples";"Reta";"Não";3;0;1;0;1;1;1;3;-19,57998821;-51,2324253;"SPRF-MS";"DEL08-MS";"UOP01-DEL08-MS"
512748;2023-03-25;"sábado";"12:00:00";"GO";452;0;"RIO VERDE";"Manobra de mudança de faixa";"Colisão lateral mesmo sentido";"Com Vítimas Feridas";"Pleno dia";"Crescente";"Céu Claro";"Dupla";"Interseção de Vias";"Não";2;0;1;0;0;1;1;2;-17,786345;-50,901516;"SPRF-GO";"DEL04-GO";"UOP01-DEL04-GO"
512749;2023-03-25;"sábado";"13:40:00";"MT";163;1110;"GUARANTA DO NORTE";"Declive acentuado";"Tombamento";"Com Vítimas Feridas";"Pleno dia";"Crescente";"Céu Claro";"Simples";"Reta;Declive";"Não";2;0;1;0;0;2;1;3;-9,71780888;-54,87808527;"SPRF-MT";"DEL06-MT";"UOP03-DEL06-MT"
512753;2023-03-25;"sábado";"15:30:00";"RJ";116;221;"PARACAMBI";"Manobra de mudança de faixa";"Colisão lateral mesmo sentido";"Com Vítimas Feridas";"Pleno dia";"Crescente";"Céu Claro";"Dupla";"Reta";"Sim";6;0;0;1;4;1;1;4;-22,6931486;-43,78279481;"SPRF-RJ";"DEL07-RJ";"UOP01-DEL07-RJ"
512758;2023-03-25;"sábado";"17:50:00";"PE";423;32;"SAO CAITANO";"Demais falhas mecânicas ou elétricas";"Atropelamento de Pedestre";"Com Vítimas Feridas";"Anoitecer";"Decrescente";"Céu Claro";"Simples";"Reta;Aclive;Em Obras";"Não";2;0;0;1;0;1;1;2;-8,45069903;-36,21115394;"SPRF-PE";"DEL03-PE";"UOP02-DEL03-PE"
512763;2023-03-25;"sábado";"15:30:00";"PR";277;164,3;"PALMEIRA";"Ultrapassagem Indevida";"Colisão transversal";"Com Vítimas Feridas";"Pleno dia";"Decrescente";"Céu Claro";"Simples";"Reta;Declive";"Não";3;0;0;1;1;1;1;3;-25,447659;-49,953909;"SPRF-PR";"DEL03-PR";"UOP03-DEL03-PR"
512766;2023-03-25;"sábado";"10:00:00";"MT";70;503;"VARZEA GRANDE";"Reação tardia ou ineficiente do condutor";"Colisão traseira";"Com Vítimas Feridas";"Pleno dia";"Crescente";"Céu Claro";"Simples";"Reta";"Sim";4;0;1;0;2;6;1;8;-15,70000751;-56,04046583;"SPRF-MT";"DEL01-MT";"UOP02-DEL01-MT"
512769;2023-03-25;"sábado";"17:30:00";"PR";376;550,1;"PALMEIRA";"Demais falhas mecânicas ou elétricas";"Incêndio";"Sem Vítimas";"Anoitecer";"Decrescente";"Céu Claro";"Múltipla";"Aclive;Reta";"Não";2;0;0;0;1;1;0;2;-25,430339;-49,755088;"SPRF-PR";"DEL03-PR";"UOP03-DEL03-PR"
512772;2023-03-25;"sábado";"19:30:00";"SP";116;140,8;"SAO JOSE DOS CAMPOS";"Entrada inopinada do pedestre";"Atropelamento de Pedestre";"Com Vítimas Feridas";"Plena Noite";"Decrescente";"Céu Claro";"Dupla";"Aclive;Reta";"Sim";2;0;0;1;1;0;1;2;-23,16577714;-45,81246193;"SPRF-SP";"DEL02-SP";"UOP01-DEL02-SP"
512778;2023-03-25;"sábado";"04:20:00";"MT";364;337;"SANTO ANTONIO DO LEVERGER";"Reação tardia ou ineficiente do condutor";"Colisão traseira";"Com Vítimas Feridas";"Anoitecer";"Decrescente";"Céu Claro";"Dupla";"Aclive;Curva";"Não";3;0;1;0;1;1;1;3;-15,833065;-55,468155;"SPRF-MT";"DEL05-MT";"UOP02-DEL05-MT"
512782;2023-03-25;"sábado";"19:34:00";"MS";262;488,4;"ANASTACIO";"Ausência de reação do condutor";"Colisão traseira";"Com Vítimas Feridas";"Plena Noite";"Crescente";"Céu Claro";"Simples";"Reta";"Sim";2;0;0;1;0;1;1;2;-20,49984217;-55,80441367;"SPRF-MS";"DEL03-MS";"UOP01-DEL03-MS"
512785;2023-03-25;"sábado";"13:00:00";"PI";316;57;"MONSENHOR GIL";"Reação tardia ou ineficiente do condutor";"Saída de leito carroçável";"Sem Vítimas";"Pleno dia";"Decrescente";"Céu Claro";"Simples";"Curva";"Sim";1;0;0;0;0;1;0;1;-5,54844026;-42,61484423;"SPRF-PI";"DEL01-PI";"UOP02-DEL01-PI"
512795;2023-03-25;"sábado";"17:40:00";"PR";153;471;"PORTO VITORIA";"Ultrapassagem Indevida";"Colisão frontal";"Com Vítimas Fatais";"Anoitecer";"Crescente";"Chuva";"Simples";"Reta";"Não";5;1;0;1;2;4;1;8;-26,29826322;-51,20791522;"SPRF-PR";"DEL02-PR";"UOP03-DEL02-PR"
512797;2023-03-25;"sábado";"18:45:00";"PR";376;616;"SAO JOSE DOS PINHAIS";"Trafegar com motocicleta (ou similar) entre as faixas";"Colisão lateral mesmo sentido";"Com Vítimas Feridas";"Plena Noite";"Decrescente";"Nublado";"Dupla";"Reta;Declive";"Sim";3;0;0;1;1;1;1;3;-25,57583659;-49,17953679;"SPRF-PR";"DEL01-PR";"UOP04-DEL01-PR"
512805;2023-03-25;"sábado";"16:15:00";"RJ";101;19;"CAMPOS DOS GOYTACAZES";"Acessar a via sem observar a presença dos outros veículos";"Colisão transversal";"Com Vítimas Fatais";"Anoitecer";"Crescente";"Céu Claro";"Simples";"Retorno Regulamentado;Reta;Interseção de Vias";"Sim";4;1;0;0;3;0;0;2;-21,3760317;-41,3433581;"SPRF-RJ";"DEL08-RJ";"UOP01-DEL08-RJ"
512806;2023-03-25;"sábado";"15:20:00";"MG";262;570,7;"CORREGO DANTA";"Velocidade Incompatível";"Tombamento";"Com Vítimas Feridas";"Pleno dia";"Crescente";"Céu Claro";"Simples";"Curva";"Não";2;0;1;0;0;1;1;2;-19,71152583;-46,02009773;"SPRF-MG";"DEL08-MG";"UOP02-DEL08-MG"
512810;2023-03-25;"sábado";"18:20:00";"PR";116;102;"SAO JOSE DOS PINHAIS";"Carga excessiva e/ou mal acondicionada";"Derramamento de carga";"Sem Vítimas";"Plena Noite";"Decrescente";"Nublado";"Dupla";"Reta";"Sim";2;0;0;0;1;1;0;2;-25,56722039;-49,17240143;"SPRF-PR";"DEL01-PR";"UOP07-DEL01-PR"
512813;2023-03-25;"sábado";"21:20:00";"SC";282;577;"PINHALZINHO";"Transitar na contramão";"Colisão lateral sentido oposto";"Sem Vítimas";"Plena Noite";"Decrescente";"Chuva";"Simples";"Reta";"Sim";3;0;0;0;1;2;0;3;-26,84676;-52,980644;"SPRF-SC";"DEL07-SC";"UOP02-DEL07-SC"
512815;2023-03-25;"sábado";"14:50:00";"PR";376;502,8;"PONTA GROSSA";"Desrespeitar a preferência no cruzamento";"Colisão lateral mesmo sentido";"Com Vítimas Feridas";"Pleno dia";"Decrescente";"Céu Claro";"Dupla";"Reta;Interseção de Vias";"Sim";4;0;1;0;2;2;1;4;-25,17332993;-50,10535955;"SPRF-PR";"DEL03-PR";"UOP04-DEL03-PR"
512816;2023-03-25;"sábado";"16:20:00";"RN";304;257;"SANTA MARIA";"Condutor deixou de manter distância do veículo da frente";"Colisão traseira";"Sem Vítimas";"Pleno dia";"Decrescente";"Céu Claro";"Simples";"Reta";"Sim";4;0;0;0;3;1;0;2;-5,84181423;-35,69165405;"SPRF-RN";"DEL01-RN";"UOP02-DEL01-RN"
512821;2023-03-01;"quarta-feira";"10:45:00";"ES";101;3,2;"ICONHA";"Reação tardia ou ineficiente do condutor";"Colisão traseira";"Com Vítimas Feridas";"Pleno dia";"Crescente";"Sol";"Dupla";"Curva";"Não";3;0;0;1;1;1;1;3;-20,79354;-40,811462;"SPRF-ES";"DEL03-ES";"UOP01-DEL03-ES"
512831;2023-03-25;"sábado";"18:30:00";"SP";116;514;"CAJATI";"Reação tardia ou ineficiente do condutor";"Tombamento";"Sem Vítimas";"Anoitecer";"Decrescente";"Céu Claro";"Simples";"Reta;Declive";"Não";3;0;0;0;2;1;0;3;-24,85874304;-48,21731282;"SPRF-SP";"DEL05-SP";"UOP02-DEL05-SP"
512837;2023-03-25;"sábado";"21:55:00";"RO";364;339;"JI-PARANA";"Ausência de reação do condutor";"Colisão traseira";"Com Vítimas Feridas";"Plena Noite";"Crescente";"Nublado";"Simples";"Reta";"Sim";3;0;0;1;1;2;1;4;-10,907816;-61,93017402;"SPRF-RO";"DEL02-RO";"UOP01-DEL02-RO"
512840;2023-03-25;"sábado";"14:50:00";"SC";101;25;"JOINVILLE";"Ingestão de substâncias psicoativas pelo condutor";"Colisão traseira";"Com Vítimas Feridas";"Pleno dia";"Crescente";"Céu Claro";"Dupla";"Reta";"Sim";5;0;2;0;2;2;2;5;-26,1834739;-48,9105912;"SPRF-SC";"DEL03-SC";"UOP01-DEL03-SC"
512844;2023-03-25;"sábado";"22:38:00";"CE";222;265,9;"COREAU";"Transitar na contramão";"Colisão frontal";"Sem Vítimas";"Pleno dia";"Crescente";"Nublado";"Simples";"Reta";"Não";3;0;0;0;1;3;0;4;-3,74873692;-40,69363201;"SPRF-CE";"DEL04-CE";"UOP02-DEL04-CE"
512854;2023-03-26;"domingo";"00:00:00";"PR";476;81;"BOCAIUVA DO SUL";"Velocidade Incompatível";"Tombamento";"Com Vítimas Feridas";"Plena Noite";"Decrescente";"Nublado";"Simples";"Declive;Curva";"Não";2;0;1;0;0;1;1;2;-25,119787;-49,100723;"SPRF-PR";"DEL01-PR";"UOP01-DEL01-PR"
512863;2023-03-26;"domingo";"02:00:00";"RJ";116;232;"PIRAI";"Velocidade Incompatível";"Tombamento";"Com Vítimas Feridas";"Plena Noite";"Decrescente";"Céu Claro";"Dupla";"Declive;Curva";"Não";1;0;1;0;0;0;1;1;-22,65604007;-43,83713888;"SPRF-RJ";"DEL07-RJ";"UOP01-DEL07-RJ"
512865;2023-03-26;"domingo";"02:30:00";"MS";163;833,3;"SONORA";"Transitar na contramão";"Colisão frontal";"Com Vítimas Fatais";"Plena Noite";"Crescente";"Céu Claro";"Simples";"Reta";"Não";5;3;1;0;0;1;1;3;-17,63642882;-54,74651442;"SPRF-MS";"DEL06-MS";"UOP01-DEL06-MS"
512870;2023-03-26;"domingo";"02:45:00";"MG";381;863,6;"POUSO ALEGRE";"Pedestre andava na pista";"Colisão com objeto";"Com Vítimas Feridas";"Plena Noite";"Decrescente";"Céu Claro";"Dupla";"Reta";"Não";3;0;0;1;1;1;1;3;-22,33113905;-45,91468048;"SPRF-MG";"DEL16-MG";"UOP01-DEL16-MG"
512880;2023-03-26;"domingo";"05:10:00";"MG";40;553,9;"NOVA LIMA";"Ingestão de álcool pelo condutor";"Colisão com objeto";"Com Vítimas Feridas";"Amanhecer";"Crescente";"Céu Claro";"Dupla";"Reta";"Sim";5;0;1;1;2;2;2;4;-20,06863326;-43,98194759;"SPRF-MG";"DEL01-MG";"UOP02-DEL01-MG"
512891;2023-03-25;"sábado";"09:00:00";"MT";158;673;"NOVA XAVANTINA";"Reação tardia ou ineficiente do condutor";"Colisão traseira";"Com Vítimas Feridas";"Pleno dia";"Crescente";"Céu Claro";"Simples";"Reta";"Não";4;0;1;0;2;9;1;12;-14,8274791;-52,29820424;"SPRF-MT";"DEL07-MT";"UOP01-DEL07-MT"
512892;2023-03-26;"domingo";"06:01:00";"TO";153;135;"ARAGUAINA";"Ingestão de álcool pelo condutor";"Colisão transversal";"Com Vítimas Feridas";"Amanhecer";"Crescente";"Céu Claro";"Simples";"Interseção de Vias;Reta";"Sim";4;0;2;0;1;2;2;4;-7,12896688;-48,19843215;"SPRF-TO";"DEL02-TO";"UOP01-DEL02-TO"
512899;2023-03-25;"sábado";"16:30:00";"MG";365;612;"UBERLANDIA";"Demais falhas mecânicas ou elétricas";"Saída de leito carroçável";"Com Vítimas Feridas";"Pleno dia";"Decrescente";"Céu Claro";"Simples";"Reta";"Não";2;0;1;0;0;1;1;2;-18,92793854;-48,19198317;"SPRF-MG";"DEL15-MG";"UOP01-DEL15-MG"
512906;2023-03-26;"domingo";"07:30:00";"CE";122;66,9;"CHOROZINHO";"Condutor deixou de manter distância do veículo da frente";"Colisão traseira";"Com Vítimas Feridas";"Pleno dia";"Crescente";"Nublado";"Simples";"Reta";"Sim";4;0;1;0;3;0;1;3;-4,31022806;-38,499704;"SPRF-CE";"DEL03-CE";"UOP02-DEL03-CE"
512917;2023-03-26;"domingo";"05:00:00";"RO";364;416,7;"JARU";"Acessar a via sem observar a presença dos outros veículos";"Colisão transversal";"Com Vítimas Feridas";"Plena Noite";"Crescente";"Nublado";"Simples";"Interseção de Vias;Declive";"Não";8;0;1;2;2;3;3;3;-10,497604;-62,421074;"SPRF-RO";"DEL03-RO";"UOP02-DEL03-RO"
512924;2023-03-26;"domingo";"08:40:00";"TO";153;113;"WANDERLANDIA";"Transitar na contramão";"Colisão frontal";"Com Vítimas Fatais";"Pleno dia";"Crescente";"Céu Claro";"Simples";"Reta";"Não";3;1;0;0;1;1;0;3;-6,975851;-48,09954403;"SPRF-TO";"DEL02-TO";"UOP01-DEL02-TO"
512943;2023-03-26;"domingo";"11:30:00";"MG";40;69,5;"PARACATU";"Ausência de reação do condutor";"Colisão traseira";"Sem Vítimas";"Pleno dia";"Decrescente";"Céu Claro";"Simples";"Aclive;Reta";"Não";3;0;0;0;2;2;0;4;-17,39371065;-46,73333352;"SPRF-MG";"DEL14-MG";"UOP01-DEL14-MG"
512944;2023-03-26;"domingo";"12:30:00";"GO";70;455;"ARAGARCAS";"Acessar a via sem observar a presença dos outros veículos";"Colisão traseira";"Com Vítimas Feridas";"Pleno dia";"Crescente";"Céu Claro";"Simples";"Reta";"Não";3;0;1;0;1;4;1;6;-15,91010558;-52,11000703;"SPRF-GO";"DEL04-GO";"UOP02-DEL04-GO"
512947;2023-03-26;"domingo";"13:00:00";"SC";282;71;"RANCHO QUEIMADO";"Demais falhas mecânicas ou elétricas";"Incêndio";"Sem Vítimas";"Pleno dia";"Crescente";"Céu Claro";"Simples";"Reta";"Não";2;0;0;0;1;1;0;2;-27,689093;-49,097748;"SPRF-SC";"DEL01-SC";"UOP03-DEL01-SC"
512949;2023-03-26;"domingo";"13:10:00";"MG";381;264;"TIMOTEO";"Reação tardia ou ineficiente do condutor";"Colisão traseira";"Com Vítimas Feridas";"Pleno dia";"Decrescente";"Céu Claro";"Simples";"Reta";"Sim";7;0;2;0;5;0;2;3;-19,52389212;-42,65444398;"SPRF-MG";"DEL03-MG";"UOP02-DEL03-MG"
512954;2023-03-26;"domingo";"12:30:00";"BA";116;497;"RAFAEL JAMBEIRO";"Reação tardia ou ineficiente do condutor";"Colisão lateral sentido oposto";"Com Vítimas Feridas";"Pleno dia";"Decrescente";"Chuva";"Simples";"Reta";"Não";3;0;0;1;1;3;1;5;-12,57710215;-39,50699693;"SPRF-BA";"DEL02-BA";"UOP01-DEL02-BA"
512962;2023-03-26;"domingo";"14:00:00";"MT";364;53;"ALTO GARCAS";"Ingestão de álcool pelo condutor";"Saída de leito carroçável";"Com Vítimas Feridas";"Pleno dia";"Crescente";"Céu Claro";"Simples";"Declive;Reta";"Não";1;0;1;0;0;0;1;1;-16,9750381;-53,51270028;"SPRF-MT";"DEL02-MT";"UOP02-DEL02-MT"
512967;2023-03-26;"domingo";"11:40:00";"SC";101;31,9;"JOINVILLE";"Ausência de reação do condutor";"Colisão traseira";"Com Vítimas Feridas";"Pleno dia";"Decrescente";"Céu Claro";"Múltipla";"Reta";"Não";7;0;1;1;4;2;2;5;-26,24379061;-48,91070366;"SPRF-SC";"DEL03-SC";"UOP01-DEL03-SC"
512977;2023-03-26;"domingo";"15:45:00";"MG";381;674,4;"PERDOES";"Velocidade Incompatível";"Colisão com objeto";"Com Vítimas Feridas";"Pleno dia";"Crescente";"Céu Claro";"Dupla";"Declive;Reta";"Não";3;0;1;0;1;1;1;3;-21,088228;-45,066542;"SPRF-MG";"DEL04-MG";"UOP02-DEL04-MG"
512978;2023-03-26;"domingo";"15:45:00";"RJ";40;109;"DUQUE DE CAXIAS";"Trafegar com motocicleta (ou similar) entre as faixas";"Colisão lateral mesmo sentido";"Com Vítimas Feridas";"Pleno dia";"Crescente";"Céu Claro";"Múltipla";"Reta";"Não";2;0;0;1;1;0;1;2;-22,67374628;-43,28638368;"SPRF-RJ";"DEL01-RJ";"UOP01-DEL01-RJ"
512981;2023-03-26;"domingo";"16:30:00";"SP";153;276;"OCAUCU";"Condutor deixou de manter distância do veículo da frente";"Colisão traseira";"Com Vítimas Feridas";"Pleno dia";"Decrescente";"Céu Claro";"Simples";"Reta";"Não";5;0;1;0;3;2;1;6;-22,378054;-49,86655202;"SPRF-SP";"DEL07-SP";"UOP02-DEL07-SP"
512983;2023-03-26;"domingo";"16:10:00";"MT";174;248;"PONTES E LACERDA";"Transitar na contramão";"Colisão frontal";"Com Vítimas Fatais";"Pleno dia";"Decrescente";"Céu Claro";"Simples";"Reta";"Não";10;1;1;4;2;3;5;5;-15,48797858;-59,04782395;"SPRF-MT";"DEL04-MT";"UOP01-DEL04-MT"
512985;2023-03-26;"domingo";"15:34:00";"MS";163;468,8;"CAMPO GRANDE";"Demais falhas mecânicas ou elétricas";"Derramamento de carga";"Sem Vítimas";"Pleno dia";"Decrescente";"Céu Claro";"Simples";"Reta";"Não";2;0;0;0;1;2;0;3;-20,57406377;-54,56902615;"SPRF-MS";"DEL01-MS";"UOP01-DEL01-MS"
512990;2023-03-26;"domingo";"15:30:00";"MT";364;201;"RONDONOPOLIS";"Condutor deixou de manter distância do veículo da frente";"Colisão traseira";"Com Vítimas Feridas";"Pleno dia";"Decrescente";"Céu Claro";"Dupla";"Reta";"Sim";5;0;2;0;1;3;2;5;-16,491405;-54,646378;"SPRF-MT";"DEL02-MT";"UOP01-DEL02-MT"
512996;2023-03-26;"domingo";"18:25:00";"SP";116;413;"JUQUIA";"Acumulo de água sobre o pavimento";"Tombamento";"Com Vítimas Feridas";"Plena Noite";"Crescente";"Chuva";"Dupla";"Reta";"Não";3;0;1;0;2;0;1;2;-24,33005991;-47,62299901;"SPRF-SP";"DEL05-SP";"UOP01-DEL05-SP"
512997;2023-03-26;"domingo";"18:00:00";"SC";101;105;"PENHA";"Ausência de reação do condutor";"Colisão traseira";"Sem Vítimas";"Anoitecer";"Crescente";"Céu Claro";"Dupla";"Curva";"Não";4;0;0;0;3;1;0;4;-26,80215497;-48,67891041;"SPRF-SC";"DEL03-SC";"UOP02-DEL03-SC"
513002;2023-03-26;"domingo";"07:15:00";"SC";282;301;"VARGEM";"Velocidade Incompatível";"Saída de leito carroçável";"Com Vítimas Feridas";"Pleno dia";"Decrescente";"Céu Claro";"Simples";"Declive;Curva";"Não";1;0;1;0;0;0;1;1;-27,510321;-50,922432;"SPRF-SC";"DEL07-SC";"UOP06-DEL07-SC"
513004;2023-03-26;"domingo";"19:12:00";"CE";116;481,1;"MILAGRES";"Pedestre andava na pista";"Atropelamento de Pedestre";"Com Vítimas Fatais";"Plena Noite";"Decrescente";"Chuva";"Simples";"Curva";"Sim";4;1;0;0;3;0;0;2;-7,3092073;-38,936957;"SPRF-CE";"DEL05-CE";"UOP03-DEL05-CE"
513005;2023-03-26;"domingo";"17:40:00";"BA";242;770;"BARREIRAS";"Ingestão de álcool pelo condutor";"Tombamento";"Com Vítimas Feridas";"Pleno dia";"Crescente";"Céu Claro";"Simples";"Reta";"Não";2;0;1;0;0;2;1;3;-12,16082078;-44,61975398;"SPRF-BA";"DEL10-BA";"UOP01-DEL10-BA"
513012;2023-03-26;"domingo";"16:20:00";"MG";381;316;"NOVA ERA";"Velocidade Incompatível";"Tombamento";"Com Vítimas Fatais";"Pleno dia";"Crescente";"Céu Claro";"Simples";"Declive;Curva";"Não";5;1;1;2;1;0;3;3;-19,69896406;-42,99486928;"SPRF-MG";"DEL03-MG";"UOP02-DEL03-MG"
513021;2023-03-26;"domingo";"12:05:00";"PR";116;28;"CAMPINA GRANDE DO SUL";"Reação tardia ou ineficiente do condutor";"Tombamento";"Com Vítimas Feridas";"Pleno dia";"Decrescente";"Céu Claro";"Dupla";"Curva;Aclive";"Não";2;0;1;0;0;1;1;2;-25,10670298;-48,80405799;"SPRF-PR";"DEL01-PR";"UOP02-DEL01-PR"
513027;2023-03-26;"domingo";"12:30:00";"MT";70;281;"PRIMAVERA DO LESTE";"Desrespeitar a preferência no cruzamento";"Colisão transversal";"Sem Vítimas";"Pleno dia";"Decrescente";"Céu Claro";"Simples";"Reta";"Sim";3;0;0;0;2;2;0;4;-15,56702889;-54,30512706;"SPRF-MT";"DEL05-MT";"UOP01-DEL05-MT"
513031;2023-03-26;"domingo";"19:00:00";"PR";163;18;"BOM JESUS DO SUL";"Ultrapassagem Indevida";"Colisão frontal";"Com Vítimas Feridas";"Plena Noite";"Crescente";"Céu Claro";"Simples";"Reta";"Não";5;0;1;1;1;4;2;7;-26,22568301;-53,64279395;"SPRF-PR";"DEL02-PR";"UOP02-DEL02-PR"
513037;2023-03-26;"domingo";"15:45:00";"MG";262;546;"LUZ";"Transitar na contramão";"Colisão frontal";"Com Vítimas Fatais";"Pleno dia";"Decrescente";"Céu Claro";"Simples";"Curva";"Não";3;1;0;0;1;1;0;3;-19,741224;-45,8525;"SPRF-MG";"DEL08-MG";"UOP02-DEL08-MG"
513038;2023-03-26;"domingo";"20:20:00";"RS";116;50,5;"VACARIA";"Ultrapassagem Indevida";"Colisão lateral sentido oposto";"Com Vítimas Feridas";"Plena Noite";"Crescente";"Céu Claro";"Simples";"Reta";"Não";6;0;0;1;3;3;1;6;-28,57077524;-51,01318481;"SPRF-RS";"DEL05-RS";"UOP03-DEL05-RS"
513041;2023-03-26;"domingo";"20:20:00";"SC";116;188;"SAO CRISTOVAO DO SUL";"Acessar a via sem observar a presença dos outros veículos";"Colisão lateral mesmo sentido";"Com Vítimas Feridas";"Plena Noite";"Crescente";"Céu Claro";"Simples";"Reta";"Não";2;0;1;0;0;1;1;2;-27,32965789;-50,42513021;"SPRF-SC";"DEL05-SC";"UOP03-DEL05-SC"
513045;2023-03-25;"sábado";"21:50:00";"PR";476;281;"SAO MATEUS DO SUL";"Ausência de reação do condutor";"Colisão frontal";"Com Vítimas Feridas";"Plena Noite";"Decrescente";"Nublado";"Simples";"Curva";"Sim";3;0;0;1;1;1;1;3;-25,876148;-50,425007;"SPRF-PR";"DEL02-PR";"UOP03-DEL02-PR"
513049;2023-03-26;"domingo";"21:00:00";"TO";242;376;"GURUPI";"Condutor deixou de manter distância do veículo da frente";"Colisão traseira";"Com Vítimas Feridas";"Plena Noite";"Crescente";"Céu Claro";"Simples";"Reta";"Sim";2;0;0;1;0;1;1;2;-11,73655965;-49,02925295;"SPRF-TO";"DEL01-TO";"UOP02-DEL01-TO"
513062;2023-03-26;"domingo";"23:00:00";"ES";101;297;"CARIACICA";"Ausência de reação do condutor";"Colisão lateral mesmo sentido";"Com Vítimas Feridas";"Plena Noite";"Crescente";"Céu Claro";"Dupla";"Reta";"Não";4;0;2;0;1;1;2;3;-20,34529844;-40,41026774;"SPRF-ES";"DEL01-ES";"UOP01-DEL01-ES"
513064;2023-03-26;"domingo";"17:10:00";"RJ";116;140;"DUQUE DE CAXIAS";"Ingestão de álcool pelo condutor";"Colisão com objeto";"Sem Vítimas";"Pleno dia";"Decrescente";"Céu Claro";"Múltipla";"Reta";"Não";1;0;0;0;1;0;0;1;-22,6466198;-43,21112001;"SPRF-RJ";"DEL01-RJ";"UOP01-DEL01-RJ"
513065;2023-03-26;"domingo";"22:00:00";"BA";235;96;"JEREMOABO";"Reação tardia ou ineficiente do condutor";"Colisão traseira";"Com Vítimas Fatais";"Plena Noite";"Decrescente";"Ignorado";"Simples";"Reta";"Sim";3;1;0;0;0;2;0;3;-10,06537278;-38,4785189;"SPRF-BA";"DEL07-BA";"UOP01-DEL07-BA"
513069;2023-03-26;"domingo";"21:30:00";"MG";364;31;"FRUTAL";"Transitar na contramão";"Colisão frontal";"Com Vítimas Fatais";"Plena Noite";"Decrescente";"Céu Claro";"Simples";"Reta";"Sim";2;1;0;0;1;0;0;2;-20,016308;-48,913384;"SPRF-MG";"DEL13-MG";"UOP02-DEL13-MG"
513072;2023-03-26;"domingo";"21:30:00";"MG";251;299;"SALINAS";"Acumulo de óleo sobre o pavimento";"Colisão com objeto";"Com Vítimas Feridas";"Plena Noite";"Decrescente";"Céu Claro";"Simples";"Curva;Declive";"Não";3;0;1;0;1;1;1;3;-16,12787378;-42,22597419;"SPRF-MG";"DEL12-MG";"UOP01-DEL12-MG"
513086;2023-03-26;"domingo";"17:50:00";"RS";116;336,2;"BARRA DO RIBEIRO";"Ausência de reação do condutor";"Saída de leito carroçável";"Sem Vítimas";"Pleno dia";"Decrescente";"Sol";"Dupla";"Reta";"Não";2;0;0;0;1;1;0;2;-30,42368496;-51,46767804;"SPRF-RS";"DEL02-RS";"UOP02-DEL02-RS"
513092;2023-03-27;"segunda-feira";"05:00:00";"BA";242;769;"BARREIRAS";"Velocidade Incompatível";"Colisão traseira";"Com Vítimas Feridas";"Plena Noite";"Crescente";"Céu Claro";"Simples";"Reta";"Não";5;0;0;3;0;3;3;5;-12,16145253;-44,61060097;"SPRF-BA";"DEL10-BA";"UOP01-DEL10-BA"
513109;2023-03-27;"segunda-feira";"07:30:00";"MG";146;426,9;"MUZAMBINHO";"Acessar a via sem observar a presença dos outros veículos";"Colisão transversal";"Com Vítimas Feridas";"Pleno dia";"Crescente";"Céu Claro";"Simples";"Interseção de Vias;Rotatória";"Não";4;0;1;1;2;0;2;2;-21,358428;-46,473383;"SPRF-MG";"DEL09-MG";"UOP01-DEL09-MG"
513110;2023-03-27;"segunda-feira";"06:30:00";"DF";40;5,6;"BRASILIA";"Ausência de reação do condutor";"Colisão lateral mesmo sentido";"Com Vítimas Feridas";"Pleno dia";"Decrescente";"Céu Claro";"Dupla";"Reta";"Sim";2;0;1;0;1;0;1;2;-16,020903;-47,980541;"SPRF-DF";"DEL01-DF";"UOP01-DEL01-DF"
513111;2023-03-26;"domingo";"09:44:00";"MG";153;46,9;"MONTE ALEGRE DE MINAS";"Pista esburacada";"Saída de leito carroçável";"Sem Vítimas";"Pleno dia";"Crescente";"Sol";"Dupla";"Declive;Curva";"Não";2;0;0;0;1;1;0;2;-18,79111534;-49,084